;FLAVOR:Marlin
;TIME:3696
;Filament used: 5.65301m
;Layer height: 0.16
;MINX:92.4
;MINY:62.4
;MINZ:0.2
;MAXX:159.6
;MAXY:189.6
;MAXZ:17.8
;Generated with Creality Slicer 4.8.2-204
M140 S65
M105
M190 S65
M104 S220
M105
M109 S220
M82 ;absolute extrusion mode

G28 ;Home

G92 E0 ;Reset Extruder
G1 Z2.0 F3000 ;Move Z Axis up
G1 X10.1 Y20 Z0.28 F5000.0 ;Move to start position
G1 X10.1 Y200.0 Z0.28 F1500.0 E15 ;Draw the first line
G1 X10.4 Y200.0 Z0.28 F5000.0 ;Move to side a little
G1 X10.4 Y20 Z0.28 F1500.0 E30 ;Draw the second line
G92 E0 ;Reset Extruder
G1 Z2.0 F3000 ;Move Z Axis up

G92 E0
G92 E0
G1 F4800 E-10
;LAYER_COUNT:91
;LAYER:0
M107
G0 F3000 X94.397 Y67.17 Z0.2
;TYPE:SKIRT
G1 F4800 E0
G1 F1200 X94.968 Y66.42 E0.03449
G1 X95.6 Y65.721 E0.06896
G1 X96.288 Y65.079 E0.10339
G1 X97.029 Y64.497 E0.13786
G1 X97.817 Y63.98 E0.17235
G1 X98.646 Y63.531 E0.20684
G1 X99.509 Y63.155 E0.24128
G1 X100.402 Y62.853 E0.27577
G1 X101.316 Y62.628 E0.31021
G1 X102.247 Y62.481 E0.34469
G1 X103.198 Y62.413 E0.37957
G1 X103.83 Y62.4 E0.4027
G1 X147.793 Y62.4 E2.01114
G1 X148.65 Y62.411 E2.04249
G1 X149.591 Y62.465 E2.07698
G1 X150.523 Y62.598 E2.11142
G1 X151.441 Y62.809 E2.14588
G1 X152.338 Y63.098 E2.18036
G1 X153.207 Y63.462 E2.21483
G1 X154.042 Y63.898 E2.2493
G1 X154.837 Y64.403 E2.28375
G1 X155.587 Y64.974 E2.31824
G1 X156.285 Y65.607 E2.35271
G1 X156.927 Y66.296 E2.38717
G1 X157.509 Y67.037 E2.42164
G1 X158.025 Y67.825 E2.4561
G1 X158.473 Y68.654 E2.49058
G1 X158.848 Y69.518 E2.52504
G1 X159.15 Y70.411 E2.55953
G1 X159.374 Y71.326 E2.59399
G1 X159.52 Y72.257 E2.62847
G1 X159.587 Y73.198 E2.66299
G1 X159.6 Y73.83 E2.68611
G1 X159.599 Y177.901 E6.49367
G1 X159.59 Y178.628 E6.52027
G1 X159.539 Y179.569 E6.55475
G1 X159.407 Y180.502 E6.58922
G1 X159.197 Y181.421 E6.62371
G1 X158.91 Y182.318 E6.65817
G1 X158.548 Y183.188 E6.69264
G1 X158.114 Y184.024 E6.72711
G1 X157.61 Y184.82 E6.76158
G1 X157.041 Y185.57 E6.79602
G1 X156.409 Y186.27 E6.83052
G1 X155.721 Y186.913 E6.86498
G1 X154.981 Y187.496 E6.89944
G1 X154.194 Y188.014 E6.93391
G1 X153.366 Y188.463 E6.96837
G1 X152.503 Y188.841 E7.00284
G1 X151.611 Y189.144 E7.03731
G1 X150.696 Y189.37 E7.07179
G1 X149.766 Y189.518 E7.10624
G1 X148.802 Y189.587 E7.1416
G1 X148.17 Y189.6 E7.16473
G1 X104.064 Y189.599 E8.7784
G1 X103.366 Y189.59 E8.80394
G1 X102.425 Y189.538 E8.83842
G1 X101.492 Y189.406 E8.87289
G1 X100.574 Y189.196 E8.90735
G1 X99.677 Y188.908 E8.94182
G1 X98.807 Y188.546 E8.97629
G1 X97.971 Y188.111 E9.01077
G1 X97.176 Y187.607 E9.04521
G1 X96.425 Y187.037 E9.0797
G1 X95.726 Y186.405 E9.11418
G1 X95.083 Y185.717 E9.14863
G1 X94.501 Y184.976 E9.1831
G1 X93.983 Y184.189 E9.21758
G1 X93.534 Y183.361 E9.25204
G1 X93.157 Y182.497 E9.28652
G1 X92.855 Y181.605 E9.32098
G1 X92.629 Y180.691 E9.35543
G1 X92.482 Y179.76 E9.38991
G1 X92.413 Y178.791 E9.42545
G1 X92.4 Y178.158 E9.44862
G1 X92.401 Y74.024 E13.25848
G1 X92.41 Y73.359 E13.28281
G1 X92.463 Y72.418 E13.31729
G1 X92.595 Y71.485 E13.35177
G1 X92.806 Y70.567 E13.38623
G1 X93.094 Y69.67 E13.4207
G1 X93.457 Y68.801 E13.45515
G1 X93.892 Y67.965 E13.48963
G1 X94.397 Y67.17 E13.52409
G0 F3000 X94.833 Y67.315
G1 F1200 X95.401 Y66.588 E13.55784
G1 X96.031 Y65.912 E13.59165
G1 X96.716 Y65.294 E13.6254
G1 X97.452 Y64.737 E13.65917
G1 X98.234 Y64.246 E13.69296
G1 X99.056 Y63.824 E13.72676
G1 X99.91 Y63.475 E13.76051
G1 X100.792 Y63.201 E13.7943
G1 X101.694 Y63.005 E13.82807
G1 X102.61 Y62.887 E13.86186
G1 X103.531 Y62.844 E13.8956
G1 X103.83 Y62.84 E13.90654
G1 X147.793 Y62.84 E15.51497
G1 X148.644 Y62.851 E15.54611
G1 X149.565 Y62.904 E15.57986
G1 X150.479 Y63.037 E15.61366
G1 X151.378 Y63.248 E15.64744
G1 X152.255 Y63.537 E15.68122
G1 X153.104 Y63.9 E15.715
G1 X153.918 Y64.335 E15.74877
G1 X154.692 Y64.839 E15.78256
G1 X155.419 Y65.408 E15.81634
G1 X156.094 Y66.038 E15.85012
G1 X156.712 Y66.724 E15.8839
G1 X157.268 Y67.46 E15.91765
G1 X157.759 Y68.243 E15.95146
G1 X158.18 Y69.064 E15.98522
G1 X158.528 Y69.919 E16.01899
G1 X158.801 Y70.801 E16.05277
G1 X158.997 Y71.703 E16.08654
G1 X159.114 Y72.619 E16.12033
G1 X159.156 Y73.53 E16.15369
G1 X159.16 Y73.83 E16.16467
G1 X159.159 Y177.896 E19.97204
G1 X159.15 Y178.623 E19.99864
G1 X159.099 Y179.545 E20.03243
G1 X158.968 Y180.459 E20.06621
G1 X158.758 Y181.358 E20.09999
G1 X158.472 Y182.236 E20.13377
G1 X158.11 Y183.085 E20.16754
G1 X157.677 Y183.9 E20.2013
G1 X157.174 Y184.675 E20.2351
G1 X156.607 Y185.403 E20.26886
G1 X155.978 Y186.079 E20.30265
G1 X155.293 Y186.699 E20.33645
G1 X154.558 Y187.256 E20.37019
G1 X153.776 Y187.748 E20.40399
G1 X152.956 Y188.171 E20.43775
G1 X152.101 Y188.521 E20.47155
G1 X151.22 Y188.796 E20.50532
G1 X150.318 Y188.993 E20.53909
G1 X149.402 Y189.112 E20.57289
G1 X148.469 Y189.156 E20.60706
G1 X148.17 Y189.16 E20.618
G1 X104.07 Y189.159 E22.23145
G1 X103.372 Y189.15 E22.25699
G1 X102.45 Y189.098 E22.29078
G1 X101.536 Y188.967 E22.32456
G1 X100.637 Y188.757 E22.35833
G1 X99.759 Y188.47 E22.39213
G1 X98.91 Y188.108 E22.4259
G1 X98.095 Y187.674 E22.45968
G1 X97.321 Y187.171 E22.49345
G1 X96.593 Y186.603 E22.52723
G1 X95.917 Y185.974 E22.56102
G1 X95.298 Y185.289 E22.59479
G1 X94.741 Y184.553 E22.62856
G1 X94.249 Y183.772 E22.66233
G1 X93.827 Y182.951 E22.69611
G1 X93.477 Y182.096 E22.72991
G1 X93.203 Y181.215 E22.76366
G1 X93.006 Y180.313 E22.79744
G1 X92.888 Y179.397 E22.83123
G1 X92.844 Y178.446 E22.86606
G1 X92.84 Y178.158 E22.8766
G1 X92.841 Y74.03 E26.68624
G1 X92.85 Y73.365 E26.71057
G1 X92.902 Y72.443 E26.74436
G1 X93.034 Y71.529 E26.77815
G1 X93.245 Y70.63 E26.81193
G1 X93.533 Y69.753 E26.8457
G1 X93.895 Y68.904 E26.87947
G1 X94.33 Y68.089 E26.91327
G1 X94.833 Y67.315 E26.94704
G0 F3000 X95.268 Y67.464
G1 F1200 X95.835 Y66.759 E26.98014
G1 X96.461 Y66.108 E27.01318
G1 X97.143 Y65.514 E27.04627
G1 X97.874 Y64.983 E27.07933
G1 X98.65 Y64.518 E27.11243
G1 X99.463 Y64.124 E27.14548
G1 X100.309 Y63.803 E27.17859
G1 X101.179 Y63.558 E27.21165
G1 X102.067 Y63.391 E27.24471
G1 X103.223 Y63.293 E27.28716
G1 X103.83 Y63.28 E27.30937
G1 X147.793 Y63.28 E28.91781
G1 X148.637 Y63.291 E28.94869
G1 X149.54 Y63.344 E28.98178
G1 X150.434 Y63.476 E29.01484
G1 X151.313 Y63.687 E29.04792
G1 X152.17 Y63.975 E29.081
G1 X152.998 Y64.338 E29.11407
G1 X153.791 Y64.772 E29.14715
G1 X154.543 Y65.274 E29.18023
G1 X155.247 Y65.841 E29.2133
G1 X155.898 Y66.468 E29.24636
G1 X156.491 Y67.15 E29.27943
G1 X157.022 Y67.882 E29.31252
G1 X157.486 Y68.658 E29.34559
G1 X157.879 Y69.472 E29.37866
G1 X158.199 Y70.317 E29.41172
G1 X158.444 Y71.188 E29.44483
G1 X158.61 Y72.076 E29.47788
G1 X158.707 Y73.223 E29.51999
G1 X158.72 Y73.83 E29.5422
G1 X158.719 Y177.891 E33.3494
G1 X158.71 Y178.618 E33.376
G1 X158.659 Y179.52 E33.40905
G1 X158.528 Y180.415 E33.44214
G1 X158.319 Y181.294 E33.4752
G1 X158.033 Y182.151 E33.50825
G1 X157.672 Y182.98 E33.54133
G1 X157.24 Y183.774 E33.5744
G1 X156.738 Y184.527 E33.60751
G1 X156.173 Y185.232 E33.64057
G1 X155.547 Y185.884 E33.67364
G1 X154.866 Y186.479 E33.70672
G1 X154.135 Y187.011 E33.7398
G1 X153.361 Y187.476 E33.77284
G1 X152.547 Y187.871 E33.80594
G1 X151.703 Y188.193 E33.83899
G1 X150.833 Y188.439 E33.87207
G1 X149.945 Y188.607 E33.90513
G1 X148.777 Y188.707 E33.94802
G1 X148.17 Y188.72 E33.97023
G1 X104.075 Y188.719 E35.5835
G1 X103.377 Y188.71 E35.60904
G1 X102.475 Y188.659 E35.64209
G1 X101.58 Y188.527 E35.67519
G1 X100.701 Y188.318 E35.70825
G1 X99.844 Y188.031 E35.74131
G1 X99.015 Y187.67 E35.77439
G1 X98.221 Y187.237 E35.80748
G1 X97.469 Y186.735 E35.84056
G1 X96.764 Y186.169 E35.87364
G1 X96.112 Y185.543 E35.90671
G1 X95.518 Y184.862 E35.93977
G1 X94.986 Y184.131 E35.97285
G1 X94.521 Y183.356 E36.00591
G1 X94.126 Y182.543 E36.03898
G1 X93.805 Y181.698 E36.07205
G1 X93.56 Y180.828 E36.10512
G1 X93.392 Y179.939 E36.13822
G1 X93.293 Y178.767 E36.18125
G1 X93.28 Y178.158 E36.20354
G1 X93.281 Y74.036 E40.01296
G1 X93.29 Y73.371 E40.03729
G1 X93.342 Y72.468 E40.07039
G1 X93.474 Y71.574 E40.10345
G1 X93.684 Y70.695 E40.13651
G1 X93.971 Y69.837 E40.16961
G1 X94.333 Y69.009 E40.20267
G1 X94.767 Y68.216 E40.23575
G1 X95.268 Y67.464 E40.26881
G1 F4800 E30.26881
;MESH:Top Carcaza.stl
G0 F3000 X111.629 Y81.026
;TYPE:WALL-INNER
G1 F4800 E40.26881
G1 F1200 X111.998 Y80.246 E40.30038
G1 X112.115 Y79.5 E40.328
G1 X111.989 Y78.693 E40.35789
G1 X111.616 Y77.962 E40.38791
G1 X111.038 Y77.384 E40.41782
G1 X110.309 Y77.011 E40.44778
G1 X109.5 Y76.882 E40.47775
G1 X108.691 Y77.011 E40.50772
G1 X107.962 Y77.384 E40.53768
G1 X107.382 Y77.962 E40.56764
G1 X107.006 Y78.706 E40.59814
G1 X106.997 Y78.779 E40.60083
G1 X106.892 Y79.561 E40.6297
G1 X107.011 Y80.309 E40.65741
G1 X107.384 Y81.038 E40.68737
G1 X107.962 Y81.616 E40.71727
G1 X108.693 Y81.989 E40.7473
G1 X109.5 Y82.115 E40.77718
G1 X110.307 Y81.989 E40.80706
G1 X111.038 Y81.618 E40.83706
G1 X111.629 Y81.026 E40.86766
G0 F3000 X111.264 Y80.769
G1 F600 X111.573 Y80.115 E40.89412
G1 X111.67 Y79.5 E40.9169
G1 X111.565 Y78.83 E40.94171
G1 X111.256 Y78.224 E40.9666
G1 X110.776 Y77.744 E40.99144
G1 X110.171 Y77.435 E41.01629
G1 X109.5 Y77.328 E41.04115
G1 X108.829 Y77.435 E41.06601
G1 X108.224 Y77.744 E41.09086
G1 X107.743 Y78.224 E41.11573
G1 X107.432 Y78.838 E41.14091
G1 X107.337 Y79.555 E41.16737
G1 X107.435 Y80.171 E41.19019
G1 X107.744 Y80.776 E41.21504
G1 X108.224 Y81.256 E41.23988
G1 X108.83 Y81.565 E41.26477
G1 X109.5 Y81.67 E41.28958
G1 X110.17 Y81.565 E41.31439
G1 X110.776 Y81.257 E41.33926
G1 X111.264 Y80.769 E41.36451
G0 F3000 X110.899 Y80.512
;TYPE:WALL-OUTER
G1 F600 X111.148 Y79.984 E41.38587
G1 X111.225 Y79.5 E41.4038
G1 X111.141 Y78.967 E41.42354
G1 X110.896 Y78.486 E41.44329
G1 X110.514 Y78.104 E41.46305
G1 X110.033 Y77.859 E41.4828
G1 X109.5 Y77.774 E41.50255
G1 X108.967 Y77.859 E41.5223
G1 X108.486 Y78.104 E41.54205
G1 X108.104 Y78.486 E41.56181
G1 X107.858 Y78.97 E41.58167
G1 X107.782 Y79.549 E41.60304
G1 X107.859 Y80.033 E41.62097
G1 X108.104 Y80.514 E41.64072
G1 X108.486 Y80.896 E41.66048
G1 X108.967 Y81.141 E41.68023
G1 X109.5 Y81.225 E41.69997
G1 X110.033 Y81.141 E41.71972
G1 X110.514 Y80.896 E41.73946
G1 X110.899 Y80.512 E41.75936
G0 F3000 X111.294 Y80.79
G1 F4800 E31.75936
G0 F3000 X143.463 Y127.597
;TYPE:WALL-INNER
G1 F4800 E41.75936
G1 F1200 X143.463 Y127.378 E41.76737
G1 X143.244 Y127.378 E41.77256
G1 X117.412 Y127.378 E42.71765
G1 X117.412 Y127.338 E42.71911
G1 X114.837 Y127.338 E42.81332
G1 X114.837 Y176.34 E44.60612
G1 X104.34 Y176.34 E44.99016
G1 X104.34 Y177.66 E45.03846
G1 X147.663 Y177.663 E46.62348
G1 X147.663 Y74.337 E50.40378
G1 X104.34 Y74.34 E51.9888
G1 X104.34 Y75.441 E52.02908
G1 X104.34 Y75.66 E52.03709
G1 X104.559 Y75.66 E52.04228
G1 X146.123 Y75.658 E53.56295
G1 X146.342 Y75.658 E53.57096
G1 X146.342 Y75.877 E53.57615
G1 X146.342 Y176.123 E57.24376
G1 X146.342 Y176.342 E57.25177
G1 X146.123 Y176.342 E57.25696
G1 X138.21 Y176.34 E57.54647
G1 X138.21 Y149.66 E58.52258
G1 X142.14 Y149.66 E58.66637
G1 X142.14 Y170.396 E59.42502
G1 X141.838 Y170.431 E59.43614
G1 X141.215 Y170.747 E59.4617
G1 X140.718 Y171.275 E59.48823
G1 X140.435 Y171.83 E59.51102
G1 X140.33 Y172.5 E59.53583
G1 X140.435 Y173.17 E59.56064
G1 X140.744 Y173.776 E59.58553
G1 X141.224 Y174.256 E59.61037
G1 X141.829 Y174.565 E59.63522
G1 X142.5 Y174.672 E59.66008
G1 X143.171 Y174.565 E59.68494
G1 X143.776 Y174.256 E59.70979
G1 X144.256 Y173.776 E59.73463
G1 X144.565 Y173.171 E59.75948
G1 X144.672 Y172.5 E59.78434
G1 X144.565 Y171.829 E59.8092
G1 X144.256 Y171.224 E59.83406
G1 X143.775 Y170.742 E59.85897
G1 X143.46 Y170.585 E59.87185
G1 X143.463 Y127.597 E61.44461
G0 F3000 X143.023 Y127.818
;TYPE:WALL-OUTER
G1 F1200 X116.972 Y127.818 E62.39772
G1 X116.972 Y127.778 E62.39918
G1 X115.277 Y127.778 E62.4612
G1 X115.277 Y176.78 E64.25399
G1 X104.78 Y176.78 E64.63804
G1 X104.78 Y177.22 E64.65413
G1 X147.223 Y177.223 E66.20696
G1 X147.223 Y74.777 E69.95506
G1 X104.78 Y74.78 E71.50789
G1 X104.78 Y75.22 E71.52399
G1 X146.782 Y75.218 E73.06068
G1 X146.782 Y176.782 E76.77651
G1 X137.77 Y176.78 E77.10623
G1 X137.77 Y149.22 E78.11454
G1 X142.58 Y149.22 E78.29052
G1 X142.58 Y170.788 E79.07961
G1 X141.967 Y170.859 E79.10219
G1 X141.483 Y171.105 E79.12205
G1 X141.081 Y171.531 E79.14348
G1 X140.859 Y171.967 E79.16138
G1 X140.775 Y172.5 E79.18112
G1 X140.859 Y173.033 E79.20087
G1 X141.104 Y173.514 E79.22061
G1 X141.486 Y173.896 E79.24038
G1 X141.967 Y174.141 E79.26013
G1 X142.5 Y174.226 E79.27988
G1 X143.033 Y174.141 E79.29962
G1 X143.514 Y173.896 E79.31937
G1 X143.896 Y173.514 E79.33914
G1 X144.141 Y173.033 E79.35889
G1 X144.226 Y172.5 E79.37863
G1 X144.141 Y171.967 E79.39838
G1 X143.896 Y171.486 E79.41813
G1 X143.514 Y171.104 E79.43789
G1 X143.02 Y170.857 E79.4581
G1 X143.023 Y127.818 E81.03273
G1 F4800 E71.03273
G0 F3000 X112.117 Y172.485
;TYPE:WALL-INNER
G1 F4800 E81.03273
G1 F1200 X111.96 Y171.637 E81.06428
G1 X111.618 Y170.962 E81.09197
G1 X111.038 Y170.384 E81.12193
G1 X110.307 Y170.011 E81.15195
G1 X109.5 Y169.885 E81.18183
G1 X108.693 Y170.011 E81.21172
G1 X107.962 Y170.384 E81.24174
G1 X107.428 Y170.918 E81.26937
G1 X107.016 Y171.676 E81.30094
G1 X107.005 Y171.749 E81.30364
G1 X106.882 Y172.5 E81.33148
G1 X107.011 Y173.309 E81.36145
G1 X107.384 Y174.038 E81.39141
G1 X107.962 Y174.616 E81.42132
G1 X108.691 Y174.989 E81.45128
G1 X109.5 Y175.118 E81.48125
G1 X110.309 Y174.989 E81.51122
G1 X111.038 Y174.616 E81.54118
G1 X111.616 Y174.038 E81.57109
G1 X111.989 Y173.307 E81.60111
G1 X112.117 Y172.485 E81.63155
G0 F3000 X111.671 Y172.491
G1 F600 X111.539 Y171.78 E81.65801
G1 X111.257 Y171.224 E81.68081
G1 X110.776 Y170.744 E81.70568
G1 X110.17 Y170.435 E81.73056
G1 X109.5 Y170.33 E81.75537
G1 X108.83 Y170.435 E81.78019
G1 X108.224 Y170.744 E81.80507
G1 X107.784 Y171.184 E81.82784
G1 X107.438 Y171.82 E81.85433
G1 X107.328 Y172.5 E81.87953
G1 X107.435 Y173.171 E81.90439
G1 X107.744 Y173.776 E81.92924
G1 X108.224 Y174.256 E81.95408
G1 X108.829 Y174.565 E81.97893
G1 X109.5 Y174.672 E82.00379
G1 X110.171 Y174.565 E82.02865
G1 X110.776 Y174.256 E82.05351
G1 X111.256 Y173.776 E82.07834
G1 X111.565 Y173.17 E82.10323
G1 X111.671 Y172.491 E82.12837
G0 F3000 X111.225 Y172.497
;TYPE:WALL-OUTER
G1 F600 X111.118 Y171.923 E82.14974
G1 X110.896 Y171.486 E82.16767
G1 X110.514 Y171.104 E82.18743
G1 X110.033 Y170.859 E82.20718
G1 X109.5 Y170.775 E82.22692
G1 X108.967 Y170.859 E82.24667
G1 X108.486 Y171.104 E82.26641
G1 X108.14 Y171.45 E82.28432
G1 X107.86 Y171.964 E82.30573
G1 X107.774 Y172.5 E82.32559
G1 X107.859 Y173.033 E82.34534
G1 X108.104 Y173.514 E82.36509
G1 X108.486 Y173.896 E82.38485
G1 X108.967 Y174.141 E82.4046
G1 X109.5 Y174.226 E82.42435
G1 X110.033 Y174.141 E82.4441
G1 X110.514 Y173.896 E82.46385
G1 X110.896 Y173.514 E82.48361
G1 X111.141 Y173.033 E82.50336
G1 X111.225 Y172.497 E82.52321
G0 F3000 X111.708 Y172.49
G1 F4800 E72.52321
G0 F3000 X145.902 Y175.902
;TYPE:WALL-INNER
G1 F4800 E82.52321
G1 F1200 X145.683 Y175.902 E82.53122
G1 X138.65 Y175.9 E82.78853
G1 X138.65 Y150.1 E83.73245
G1 X141.7 Y150.1 E83.84404
G1 X141.7 Y170.008 E84.5724
G1 X140.947 Y170.389 E84.60327
G1 X140.355 Y171.019 E84.6349
G1 X140.011 Y171.693 E84.66259
G1 X139.885 Y172.5 E84.69247
G1 X140.011 Y173.307 E84.72235
G1 X140.384 Y174.038 E84.75238
G1 X140.962 Y174.616 E84.78228
G1 X141.691 Y174.989 E84.81224
G1 X142.5 Y175.118 E84.84222
G1 X143.309 Y174.989 E84.87219
G1 X144.038 Y174.616 E84.90215
G1 X144.616 Y174.038 E84.93205
G1 X144.989 Y173.309 E84.96201
G1 X145.118 Y172.5 E84.99199
G1 X144.989 Y171.691 E85.02196
G1 X144.616 Y170.962 E85.05192
G1 X144.036 Y170.38 E85.08198
G1 X143.9 Y170.312 E85.08754
G1 X143.903 Y127.157 E86.66642
G1 X143.903 Y126.938 E86.67443
G1 X143.684 Y126.938 E86.67962
G1 X117.852 Y126.938 E87.62471
G1 X117.852 Y126.898 E87.62617
G1 X114.397 Y126.898 E87.75258
G1 X114.397 Y175.9 E89.54537
G1 X104.6 Y175.9 E89.90381
G1 X104.6 Y76.1 E93.55511
G1 X145.683 Y76.098 E95.05817
G1 X145.902 Y76.098 E95.06619
G1 X145.902 Y76.317 E95.07137
G1 X145.902 Y175.683 E98.70679
G1 X145.902 Y175.902 E98.71198
G1 F4800 E88.71198
G0 F3000 X147.84 Y177.84
G1 F4800 E98.71198
G1 F1200 X147.663 Y177.84 E98.71679
G1 X104.34 Y177.84 E99.36127
G1 X104.16 Y177.84 E99.36619
G1 X104.16 Y177.66 E99.37111
G1 X104.16 Y176.34 E99.39091
G1 X104.16 Y75.66 E103.07441
G1 X104.16 Y74.34 E103.1227
G1 X104.16 Y74.16 E103.12762
G1 X104.34 Y74.16 E103.13254
G1 X147.663 Y74.16 E103.77702
G1 X147.84 Y74.16 E103.78183
G1 X147.84 Y74.337 E103.78664
G1 X147.84 Y177.663 E105.31082
G1 X147.84 Y177.84 E105.31563
G0 F3000 X148.28 Y178.28
;TYPE:WALL-OUTER
G1 F1200 X103.72 Y178.28 E106.94591
G1 X103.72 Y73.72 E110.77136
G1 X148.28 Y73.72 E112.40164
G1 X148.28 Y178.28 E116.22709
G1 F4800 E106.22709
G0 F3000 X145.472 Y175.472
;TYPE:SKIN
G1 F4800 E116.22709
G1 F600 X143.018 Y175.471 E116.31687
G1 X143.444 Y175.403 E116.33265
G1 X144.294 Y174.968 E116.36759
G1 X144.968 Y174.294 E116.40246
G1 X145.403 Y173.444 E116.43739
G1 X145.472 Y173.013 E116.45336
G1 X145.472 Y175.472 E116.54333
G1 F4800 E106.54333
G0 F3000 X145.472 Y171.987
G1 F4800 E116.54333
G1 F1200 X145.403 Y171.556 E116.5593
G1 X144.968 Y170.706 E116.59423
G1 X144.33 Y170.065 E116.62732
G1 X144.333 Y126.508 E118.2209
G1 X118.282 Y126.508 E119.17401
G1 X118.282 Y126.468 E119.17547
G1 X113.967 Y126.468 E119.33334
G1 X113.967 Y175.47 E121.12613
G1 X110.025 Y175.47 E121.27036
G1 X110.444 Y175.403 E121.28588
G1 X111.294 Y174.968 E121.32082
G1 X111.968 Y174.294 E121.35569
G1 X112.403 Y173.442 E121.39069
G1 X112.553 Y172.479 E121.42635
G1 X112.372 Y171.498 E121.46284
G1 X111.97 Y170.706 E121.49534
G1 X111.294 Y170.032 E121.53026
G1 X110.442 Y169.597 E121.56526
G1 X109.5 Y169.449 E121.60015
G1 X108.558 Y169.597 E121.63504
G1 X107.706 Y170.032 E121.67003
G1 X107.08 Y170.658 E121.70242
G1 X106.603 Y171.535 E121.73895
G1 X106.446 Y172.5 E121.77472
G1 X106.597 Y173.444 E121.8097
G1 X107.032 Y174.294 E121.84463
G1 X107.706 Y174.968 E121.8795
G1 X108.556 Y175.403 E121.91444
G1 X108.975 Y175.47 E121.92996
G1 X105.03 Y175.47 E122.07429
G1 X105.03 Y76.53 E125.69413
G1 X108.976 Y76.53 E125.8385
G1 X108.556 Y76.597 E125.85406
G1 X107.706 Y77.032 E125.88899
G1 X107.03 Y77.706 E125.92391
G1 X106.59 Y78.577 E125.95962
G1 X106.458 Y79.567 E125.99616
G1 X106.597 Y80.444 E126.02864
G1 X107.032 Y81.294 E126.06358
G1 X107.706 Y81.968 E126.09845
G1 X108.558 Y82.403 E126.13345
G1 X109.5 Y82.551 E126.16834
G1 X110.44 Y82.403 E126.20315
G1 X111.294 Y81.97 E126.23818
G1 X111.986 Y81.277 E126.27401
G1 X112.413 Y80.373 E126.31059
G1 X112.551 Y79.5 E126.34293
G1 X112.403 Y78.558 E126.37781
G1 X111.968 Y77.706 E126.41281
G1 X111.294 Y77.032 E126.44769
G1 X110.444 Y76.597 E126.48262
G1 X110.024 Y76.53 E126.49818
G1 X145.472 Y76.528 E127.79509
G1 X145.472 Y171.987 E131.28756
G1 F4800 E121.28756
G0 F3000 X141.981 Y175.471
G1 F4800 E131.28756
G1 F1200 X139.08 Y175.47 E131.3937
G1 X139.08 Y150.53 E132.30616
G1 X141.27 Y150.53 E132.38628
G1 X141.27 Y169.744 E133.08925
G1 X140.685 Y170.039 E133.11322
G1 X140 Y170.769 E133.14984
G1 X139.597 Y171.558 E133.18226
G1 X139.449 Y172.5 E133.21715
G1 X139.597 Y173.442 E133.25203
G1 X140.032 Y174.294 E133.28703
G1 X140.706 Y174.968 E133.3219
G1 X141.556 Y175.403 E133.35684
G1 X141.981 Y175.471 E133.37259
G1 F4800 E123.37259
G0 F3000 X105.6 Y175.293
G1 F4800 E133.37259
G1 F1200 X105.205 Y174.897 E133.39305
G0 F3000 X105.205 Y174.275
G1 F1200 X106.222 Y175.293 E133.4457
G0 F3000 X106.845 Y175.293
G1 F1200 X105.205 Y173.653 E133.53055
G0 F3000 X105.205 Y173.031
G1 F1200 X107.467 Y175.293 E133.64759
G1 F4800 E123.64759
G0 F3000 X106.566 Y173.77
G1 F4800 E133.64759
G1 F1200 X105.205 Y172.408 E133.71803
G0 F3000 X105.205 Y171.786
G1 F1200 X106.334 Y172.915 E133.77645
G0 F3000 X106.305 Y172.264
G1 F1200 X105.205 Y171.164 E133.83336
G0 F3000 X105.205 Y170.542
G1 F1200 X106.392 Y171.729 E133.89478
G0 F3000 X106.55 Y171.264
G1 F1200 X105.205 Y169.919 E133.96437
G0 F3000 X105.205 Y169.297
G1 F1200 X106.769 Y170.861 E134.04529
G0 F3000 X107.009 Y170.479
G1 F1200 X105.205 Y168.675 E134.13863
G0 F3000 X105.205 Y168.053
G1 F1200 X107.32 Y170.168 E134.24806
G0 F3000 X107.64 Y169.866
G1 F1200 X105.205 Y167.43 E134.37408
G0 F3000 X105.205 Y166.808
G1 F1200 X108.052 Y169.656 E134.52141
G0 F3000 X108.464 Y169.445
G1 F1200 X105.205 Y166.186 E134.69003
G0 F3000 X105.205 Y165.564
G1 F1200 X108.99 Y169.349 E134.88587
G0 F3000 X109.538 Y169.274
G1 F1200 X105.205 Y164.941 E135.11006
G0 F3000 X105.205 Y164.319
G1 F1200 X110.277 Y169.391 E135.37249
G0 F3000 X111.389 Y169.881
G1 F1200 X105.205 Y163.697 E135.69245
G0 F3000 X105.205 Y163.075
G1 F1200 X113.791 Y171.66 E136.13667
G0 F3000 X113.791 Y171.038
G1 F1200 X105.205 Y162.452 E136.58092
G0 F3000 X105.205 Y161.83
G1 F1200 X113.791 Y170.416 E137.02516
G0 F3000 X113.791 Y169.794
G1 F1200 X105.205 Y161.208 E137.46941
G0 F3000 X105.205 Y160.586
G1 F1200 X113.791 Y169.171 E137.91363
G0 F3000 X113.791 Y168.549
G1 F1200 X105.205 Y159.963 E138.35787
G0 F3000 X105.205 Y159.341
G1 F1200 X113.791 Y167.927 E138.80212
G0 F3000 X113.791 Y167.304
G1 F1200 X105.205 Y158.719 E139.24634
G0 F3000 X105.205 Y158.097
G1 F1200 X113.791 Y166.682 E139.69056
G0 F3000 X113.791 Y166.06
G1 F1200 X105.205 Y157.474 E140.1348
G0 F3000 X105.205 Y156.852
G1 F1200 X113.791 Y165.438 E140.57905
G0 F3000 X113.791 Y164.815
G1 F1200 X105.205 Y156.23 E141.02327
G0 F3000 X105.205 Y155.608
G1 F1200 X113.791 Y164.193 E141.46748
G0 F3000 X113.791 Y163.571
G1 F1200 X105.205 Y154.985 E141.91173
G0 F3000 X105.205 Y154.363
G1 F1200 X113.791 Y162.949 E142.35597
G0 F3000 X113.791 Y162.326
G1 F1200 X105.205 Y153.741 E142.80019
G0 F3000 X105.205 Y153.119
G1 F1200 X113.791 Y161.704 E143.24441
G0 F3000 X113.791 Y161.082
G1 F1200 X105.205 Y152.496 E143.68866
G0 F3000 X105.205 Y151.874
G1 F1200 X113.791 Y160.46 E144.1329
G0 F3000 X113.791 Y159.837
G1 F1200 X105.205 Y151.252 E144.57712
G0 F3000 X105.205 Y150.63
G1 F1200 X113.791 Y159.215 E145.02134
G0 F3000 X113.791 Y158.593
G1 F1200 X105.205 Y150.007 E145.46559
G0 F3000 X105.205 Y149.385
G1 F1200 X113.791 Y157.971 E145.90983
G0 F3000 X113.791 Y157.348
G1 F1200 X105.205 Y148.763 E146.35405
G0 F3000 X105.205 Y148.14
G1 F1200 X113.791 Y156.726 E146.7983
G0 F3000 X113.791 Y156.104
G1 F1200 X105.205 Y147.518 E147.24254
G0 F3000 X105.205 Y146.896
G1 F1200 X113.791 Y155.482 E147.68679
G0 F3000 X113.791 Y154.859
G1 F1200 X105.205 Y146.274 E148.131
G0 F3000 X105.205 Y145.651
G1 F1200 X113.791 Y154.237 E148.57525
G0 F3000 X113.791 Y153.615
G1 F1200 X105.205 Y145.029 E149.01949
G0 F3000 X105.205 Y144.407
G1 F1200 X113.791 Y152.993 E149.46374
G0 F3000 X113.791 Y152.37
G1 F1200 X105.205 Y143.785 E149.90796
G0 F3000 X105.205 Y143.162
G1 F1200 X113.791 Y151.748 E150.3522
G0 F3000 X113.791 Y151.126
G1 F1200 X105.205 Y142.54 E150.79645
G0 F3000 X105.205 Y141.918
G1 F1200 X113.791 Y150.504 E151.24069
G0 F3000 X113.791 Y149.881
G1 F1200 X105.205 Y141.296 E151.68491
G0 F3000 X105.205 Y140.673
G1 F1200 X113.791 Y149.259 E152.12916
G0 F3000 X113.791 Y148.637
G1 F1200 X105.205 Y140.051 E152.5734
G0 F3000 X105.205 Y139.429
G1 F1200 X113.791 Y148.015 E153.01765
G0 F3000 X113.791 Y147.392
G1 F1200 X105.205 Y138.807 E153.46187
G0 F3000 X105.205 Y138.184
G1 F1200 X113.791 Y146.77 E153.90611
G0 F3000 X113.791 Y146.148
G1 F1200 X105.205 Y137.562 E154.35036
G0 F3000 X105.205 Y136.94
G1 F1200 X113.791 Y145.526 E154.7946
G0 F3000 X113.791 Y144.903
G1 F1200 X105.205 Y136.318 E155.23882
G0 F3000 X105.205 Y135.695
G1 F1200 X113.791 Y144.281 E155.68307
G0 F3000 X113.791 Y143.659
G1 F1200 X105.205 Y135.073 E156.12731
G0 F3000 X105.205 Y134.451
G1 F1200 X113.791 Y143.037 E156.57156
G0 F3000 X113.791 Y142.414
G1 F1200 X105.205 Y133.829 E157.01578
G0 F3000 X105.205 Y133.206
G1 F1200 X113.791 Y141.792 E157.46002
G0 F3000 X113.791 Y141.17
G1 F1200 X105.205 Y132.584 E157.90427
G0 F3000 X105.205 Y131.962
G1 F1200 X113.791 Y140.548 E158.34851
G0 F3000 X113.791 Y139.925
G1 F1200 X105.205 Y131.34 E158.79273
G0 F3000 X105.205 Y130.717
G1 F1200 X113.791 Y139.303 E159.23698
G0 F3000 X113.791 Y138.681
G1 F1200 X105.205 Y130.095 E159.68122
G0 F3000 X105.205 Y129.473
G1 F1200 X113.791 Y138.059 E160.12547
G0 F3000 X113.791 Y137.436
G1 F1200 X105.205 Y128.851 E160.56968
G0 F3000 X105.205 Y128.228
G1 F1200 X113.791 Y136.814 E161.01393
G0 F3000 X113.791 Y136.192
G1 F1200 X105.205 Y127.606 E161.45817
G0 F3000 X105.205 Y126.984
G1 F1200 X113.791 Y135.57 E161.90242
G0 F3000 X113.791 Y134.947
G1 F1200 X105.205 Y126.362 E162.34664
G0 F3000 X105.205 Y125.739
G1 F1200 X113.791 Y134.325 E162.79088
G0 F3000 X113.791 Y133.703
G1 F1200 X105.205 Y125.117 E163.23513
G0 F3000 X105.205 Y124.495
G1 F1200 X113.791 Y133.081 E163.67937
G0 F3000 X113.791 Y132.458
G1 F1200 X105.205 Y123.873 E164.12359
G0 F3000 X105.205 Y123.25
G1 F1200 X113.791 Y131.836 E164.56784
G0 F3000 X113.791 Y131.214
G1 F1200 X105.205 Y122.628 E165.01208
G0 F3000 X105.205 Y122.006
G1 F1200 X113.791 Y130.592 E165.45633
G0 F3000 X113.791 Y129.969
G1 F1200 X105.205 Y121.384 E165.90055
G0 F3000 X105.205 Y120.761
G1 F1200 X113.791 Y129.347 E166.34479
G0 F3000 X113.791 Y128.725
G1 F1200 X105.205 Y120.139 E166.78904
G0 F3000 X105.205 Y119.517
G1 F1200 X113.791 Y128.103 E167.23328
G0 F3000 X113.791 Y127.48
G1 F1200 X105.205 Y118.895 E167.6775
G0 F3000 X105.205 Y118.272
G1 F1200 X113.791 Y126.858 E168.12175
G0 F3000 X113.846 Y126.291
G1 F1200 X105.205 Y117.65 E168.56884
G0 F3000 X105.205 Y117.028
G1 F1200 X114.468 Y126.291 E169.04811
G0 F3000 X115.09 Y126.291
G1 F1200 X105.205 Y116.406 E169.55957
G0 F3000 X105.205 Y115.783
G1 F1200 X115.713 Y126.291 E170.10326
G0 F3000 X116.335 Y126.291
G1 F1200 X105.205 Y115.161 E170.67913
G0 F3000 X105.205 Y114.539
G1 F1200 X116.957 Y126.291 E171.28719
G0 F3000 X117.579 Y126.291
G1 F1200 X105.205 Y113.917 E171.92742
G0 F3000 X105.205 Y113.294
G1 F1200 X118.202 Y126.291 E172.5999
G0 F3000 X118.863 Y126.33
G1 F1200 X105.205 Y112.672 E173.30657
G0 F3000 X105.205 Y112.05
G1 F1200 X119.486 Y126.33 E174.04545
G0 F3000 X120.108 Y126.33
G1 F1200 X105.205 Y111.428 E174.81652
G0 F3000 X105.205 Y110.805
G1 F1200 X120.73 Y126.33 E175.61979
G0 F3000 X121.352 Y126.33
G1 F1200 X105.205 Y110.183 E176.45525
G0 F3000 X105.205 Y109.561
G1 F1200 X121.975 Y126.33 E177.32291
G0 F3000 X122.597 Y126.33
G1 F1200 X105.205 Y108.938 E178.22278
G0 F3000 X105.205 Y108.316
G1 F1200 X123.219 Y126.33 E179.15484
G0 F3000 X123.841 Y126.33
G1 F1200 X105.205 Y107.694 E180.11908
G0 F3000 X105.205 Y107.072
G1 F1200 X124.464 Y126.33 E181.11553
G0 F3000 X125.086 Y126.33
G1 F1200 X105.205 Y106.449 E182.14418
G0 F3000 X105.205 Y105.827
G1 F1200 X125.708 Y126.33 E183.20502
G0 F3000 X126.33 Y126.33
G1 F1200 X105.205 Y105.205 E184.29804
G0 F3000 X105.205 Y104.583
G1 F1200 X126.953 Y126.33 E185.42327
G0 F3000 X127.575 Y126.33
G1 F1200 X105.205 Y103.96 E186.58071
G0 F3000 X105.205 Y103.338
G1 F1200 X128.197 Y126.33 E187.77033
G0 F3000 X128.82 Y126.33
G1 F1200 X105.205 Y102.716 E188.99216
G0 F3000 X105.205 Y102.094
G1 F1200 X129.442 Y126.33 E190.24617
G0 F3000 X130.064 Y126.33
G1 F1200 X105.205 Y101.471 E191.53239
G0 F3000 X105.205 Y100.849
G1 F1200 X130.686 Y126.33 E192.85079
G0 F3000 X131.309 Y126.33
G1 F1200 X105.205 Y100.227 E194.2014
G0 F3000 X105.205 Y99.605
G1 F1200 X131.931 Y126.33 E195.5842
G0 F3000 X132.553 Y126.33
G1 F1200 X105.205 Y98.982 E196.9992
G0 F3000 X105.205 Y98.36
G1 F1200 X133.175 Y126.33 E198.44638
G0 F3000 X133.798 Y126.33
G1 F1200 X105.205 Y97.738 E199.92578
G0 F3000 X105.205 Y97.116
G1 F1200 X134.42 Y126.33 E201.43736
G0 F3000 X135.042 Y126.33
G1 F1200 X105.205 Y96.493 E202.98114
G0 F3000 X105.205 Y95.871
G1 F1200 X135.664 Y126.33 E204.55711
G0 F3000 X136.287 Y126.33
G1 F1200 X105.205 Y95.249 E206.16528
G0 F3000 X105.205 Y94.627
G1 F1200 X136.909 Y126.33 E207.80564
G0 F3000 X137.531 Y126.33
G1 F1200 X105.205 Y94.004 E209.47821
G0 F3000 X105.205 Y93.382
G1 F1200 X138.153 Y126.33 E211.18296
G0 F3000 X138.776 Y126.33
G1 F1200 X105.205 Y92.76 E212.91992
G0 F3000 X105.205 Y92.138
G1 F1200 X139.398 Y126.33 E214.68906
G0 F3000 X140.02 Y126.33
G1 F1200 X105.205 Y91.515 E216.49041
G0 F3000 X105.205 Y90.893
G1 F1200 X140.642 Y126.33 E218.32394
G0 F3000 X141.265 Y126.33
G1 F1200 X105.205 Y90.271 E220.18969
G0 F3000 X105.205 Y89.649
G1 F1200 X141.887 Y126.33 E222.08761
G0 F3000 X142.509 Y126.33
G1 F1200 X105.205 Y89.026 E224.01774
G0 F3000 X105.205 Y88.404
G1 F1200 X143.131 Y126.33 E225.98006
G0 F3000 X143.754 Y126.33
G1 F1200 X105.205 Y87.782 E227.97458
G0 F3000 X105.205 Y87.16
G1 F1200 X144.376 Y126.33 E230.00129
G0 F3000 X144.507 Y126.462
G1 F1200 X145.295 Y127.25 E230.04206
G0 F3000 X145.295 Y127.872
G1 F1200 X144.507 Y127.084 E230.08283
G0 F3000 X144.507 Y127.707
G1 F1200 X145.295 Y128.494 E230.12358
G0 F3000 X145.295 Y129.116
G1 F1200 X144.507 Y128.329 E230.16432
G0 F3000 X144.507 Y128.951
G1 F1200 X145.295 Y129.739 E230.20509
G0 F3000 X145.295 Y130.361
G1 F1200 X144.507 Y129.573 E230.24586
G0 F3000 X144.507 Y130.196
G1 F1200 X145.295 Y130.983 E230.28661
G0 F3000 X145.295 Y131.606
G1 F1200 X144.507 Y130.818 E230.32738
G0 F3000 X144.507 Y131.44
G1 F1200 X145.295 Y132.228 E230.36815
G0 F3000 X145.295 Y132.85
G1 F1200 X144.507 Y132.062 E230.40892
G0 F3000 X144.507 Y132.685
G1 F1200 X145.295 Y133.472 E230.44967
G0 F3000 X145.295 Y134.095
G1 F1200 X144.507 Y133.307 E230.49044
G0 F3000 X144.507 Y133.929
G1 F1200 X145.295 Y134.717 E230.53121
G0 F3000 X145.295 Y135.339
G1 F1200 X144.507 Y134.551 E230.57199
G0 F3000 X144.507 Y135.174
G1 F1200 X145.295 Y135.961 E230.61273
G0 F3000 X145.295 Y136.584
G1 F1200 X144.507 Y135.796 E230.6535
G0 F3000 X144.507 Y136.418
G1 F1200 X145.295 Y137.206 E230.69427
G0 F3000 X145.295 Y137.828
G1 F1200 X144.507 Y137.04 E230.73505
G0 F3000 X144.507 Y137.662
G1 F1200 X145.295 Y138.45 E230.77582
G0 F3000 X145.295 Y139.073
G1 F1200 X144.507 Y138.284 E230.81662
G0 F3000 X144.507 Y138.906
G1 F1200 X145.295 Y139.695 E230.85741
G0 F3000 X145.295 Y140.317
G1 F1200 X144.507 Y139.529 E230.89818
G0 F3000 X144.507 Y140.151
G1 F1200 X145.295 Y140.939 E230.93896
G0 F3000 X145.295 Y141.562
G1 F1200 X144.507 Y140.773 E230.97975
G0 F3000 X144.507 Y141.395
G1 F1200 X145.295 Y142.184 E231.02055
G0 F3000 X145.295 Y142.806
G1 F1200 X144.507 Y142.018 E231.06132
G0 F3000 X144.507 Y142.64
G1 F1200 X145.295 Y143.428 E231.10209
G0 F3000 X145.295 Y144.051
G1 F1200 X144.507 Y143.262 E231.14289
G0 F3000 X144.507 Y143.884
G1 F1200 X145.295 Y144.673 E231.18369
G0 F3000 X145.295 Y145.295
G1 F1200 X144.507 Y144.507 E231.22446
G0 F3000 X144.507 Y145.129
G1 F1200 X145.295 Y145.917 E231.26523
G0 F3000 X145.295 Y146.54
G1 F1200 X144.507 Y145.751 E231.30603
G0 F3000 X144.507 Y146.373
G1 F1200 X145.295 Y147.162 E231.34683
G0 F3000 X145.295 Y147.784
G1 F1200 X144.507 Y146.996 E231.3876
G0 F3000 X144.507 Y147.618
G1 F1200 X145.295 Y148.406 E231.42837
G0 F3000 X145.295 Y149.029
G1 F1200 X144.506 Y148.239 E231.46922
G0 F3000 X144.506 Y148.862
G1 F1200 X145.295 Y149.651 E231.51004
G0 F3000 X145.295 Y150.273
G1 F1200 X144.506 Y149.484 E231.55087
G0 F3000 X144.506 Y150.106
G1 F1200 X145.295 Y150.895 E231.59169
G0 F3000 X145.295 Y151.518
G1 F1200 X144.506 Y150.729 E231.63251
G0 F3000 X144.506 Y151.351
G1 F1200 X145.295 Y152.14 E231.67334
G0 F3000 X145.295 Y152.762
G1 F1200 X144.506 Y151.973 E231.71416
G0 F3000 X144.506 Y152.595
G1 F1200 X145.295 Y153.384 E231.75498
G0 F3000 X145.295 Y154.007
G1 F1200 X144.506 Y153.218 E231.79581
G0 F3000 X144.506 Y153.84
G1 F1200 X145.295 Y154.629 E231.83663
G0 F3000 X145.295 Y155.251
G1 F1200 X144.506 Y154.462 E231.87745
G0 F3000 X144.506 Y155.084
G1 F1200 X145.295 Y155.873 E231.91828
G0 F3000 X145.295 Y156.496
G1 F1200 X144.506 Y155.707 E231.9591
G0 F3000 X144.506 Y156.329
G1 F1200 X145.295 Y157.118 E231.99992
G0 F3000 X145.295 Y157.74
G1 F1200 X144.506 Y156.951 E232.04075
G0 F3000 X144.506 Y157.573
G1 F1200 X145.295 Y158.362 E232.08157
G0 F3000 X145.295 Y158.985
G1 F1200 X144.506 Y158.196 E232.12239
G0 F3000 X144.506 Y158.818
G1 F1200 X145.295 Y159.607 E232.16322
G0 F3000 X145.295 Y160.229
G1 F1200 X144.505 Y159.439 E232.20409
G0 F3000 X144.505 Y160.062
G1 F1200 X145.295 Y160.851 E232.24494
G0 F3000 X145.295 Y161.474
G1 F1200 X144.505 Y160.684 E232.28582
G0 F3000 X144.505 Y161.306
G1 F1200 X145.295 Y162.096 E232.32669
G0 F3000 X145.295 Y162.718
G1 F1200 X144.505 Y161.928 E232.36757
G0 F3000 X144.505 Y162.551
G1 F1200 X145.295 Y163.34 E232.40842
G0 F3000 X145.295 Y163.963
G1 F1200 X144.505 Y163.173 E232.44929
G0 F3000 X144.505 Y163.795
G1 F1200 X145.295 Y164.585 E232.49017
G0 F3000 X145.295 Y165.207
G1 F1200 X144.505 Y164.417 E232.53104
G0 F3000 X144.505 Y165.04
G1 F1200 X145.295 Y165.829 E232.57189
G0 F3000 X145.295 Y166.452
G1 F1200 X144.505 Y165.662 E232.61277
G0 F3000 X144.505 Y166.284
G1 F1200 X145.295 Y167.074 E232.65364
G0 F3000 X145.295 Y167.696
G1 F1200 X144.505 Y166.906 E232.69452
G0 F3000 X144.505 Y167.529
G1 F1200 X145.295 Y168.318 E232.73536
G0 F3000 X145.295 Y168.941
G1 F1200 X144.505 Y168.151 E232.77624
G0 F3000 X144.505 Y168.773
G1 F1200 X145.295 Y169.563 E232.81711
G0 F3000 X145.295 Y170.185
G1 F1200 X144.505 Y169.395 E232.85799
G0 F3000 X145.137 Y170.649
G1 F1200 X145.295 Y170.808 E232.86619
G1 F4800 E222.86619
G0 F3000 X145.125 Y174.371
G1 F4800 E232.86619
G1 F1200 X145.295 Y174.541 E232.87499
G0 F3000 X144.821 Y174.689
G1 F1200 X145.295 Y175.163 E232.89951
G0 F3000 X144.804 Y175.294
G1 F1200 X144.509 Y175 E232.91475
G1 F4800 E222.91475
G0 F3000 X140.446 Y175.293
G1 F4800 E232.91475
G1 F1200 X139.255 Y174.101 E232.9764
G0 F3000 X139.588 Y173.812
G1 F1200 X139.255 Y173.479 E232.99363
G0 F3000 X139.255 Y174.723
G1 F1200 X139.824 Y175.293 E233.02309
G1 F4800 E223.02309
G0 F3000 X139.389 Y171.746
G1 F4800 E233.02309
G1 F1200 X139.255 Y171.612 E233.03003
G0 F3000 X139.542 Y171.277
G1 F1200 X139.255 Y170.99 E233.04488
G0 F3000 X139.752 Y170.865
G1 F1200 X139.255 Y170.368 E233.07059
G0 F3000 X139.255 Y169.745
G1 F1200 X140.009 Y170.5 E233.10963
G0 F3000 X140.311 Y170.18
G1 F1200 X139.255 Y169.123 E233.16429
G0 F3000 X139.255 Y168.501
G1 F1200 X140.625 Y169.871 E233.23518
G0 F3000 X141.038 Y169.662
G1 F1200 X139.255 Y167.879 E233.32743
G0 F3000 X139.255 Y167.256
G1 F1200 X141.093 Y169.095 E233.42256
G0 F3000 X141.093 Y168.473
G1 F1200 X139.255 Y166.634 E233.51768
G0 F3000 X139.255 Y166.012
G1 F1200 X141.093 Y167.85 E233.61278
G0 F3000 X141.093 Y167.228
G1 F1200 X139.255 Y165.39 E233.70788
G0 F3000 X139.255 Y164.767
G1 F1200 X141.093 Y166.606 E233.80301
G0 F3000 X141.093 Y165.984
G1 F1200 X139.255 Y164.145 E233.89813
G0 F3000 X139.255 Y163.523
G1 F1200 X141.093 Y165.361 E233.99323
G0 F3000 X141.093 Y164.739
G1 F1200 X139.255 Y162.901 E234.08833
G0 F3000 X139.255 Y162.278
G1 F1200 X141.093 Y164.117 E234.18346
G0 F3000 X141.093 Y163.495
G1 F1200 X139.255 Y161.656 E234.27858
G0 F3000 X139.255 Y161.034
G1 F1200 X141.093 Y162.872 E234.37368
G0 F3000 X141.093 Y162.25
G1 F1200 X139.255 Y160.412 E234.46878
G0 F3000 X139.255 Y159.789
G1 F1200 X141.093 Y161.628 E234.5639
G0 F3000 X141.093 Y161.006
G1 F1200 X139.255 Y159.167 E234.65903
G0 F3000 X139.255 Y158.545
G1 F1200 X141.093 Y160.383 E234.75413
G0 F3000 X141.093 Y159.761
G1 F1200 X139.255 Y157.923 E234.84923
G0 F3000 X139.255 Y157.3
G1 F1200 X141.093 Y159.139 E234.94435
G0 F3000 X141.093 Y158.517
G1 F1200 X139.255 Y156.678 E235.03948
G0 F3000 X139.255 Y156.056
G1 F1200 X141.093 Y157.894 E235.13458
G0 F3000 X141.093 Y157.272
G1 F1200 X139.255 Y155.434 E235.22968
G0 F3000 X139.255 Y154.811
G1 F1200 X141.093 Y156.65 E235.3248
G0 F3000 X141.093 Y156.028
G1 F1200 X139.255 Y154.189 E235.41993
G0 F3000 X139.255 Y153.567
G1 F1200 X141.093 Y155.405 E235.51503
G0 F3000 X141.093 Y154.783
G1 F1200 X139.255 Y152.945 E235.61013
G0 F3000 X139.255 Y152.322
G1 F1200 X141.093 Y154.161 E235.70525
G0 F3000 X141.093 Y153.539
G1 F1200 X139.255 Y151.7 E235.80038
G0 F3000 X139.255 Y151.078
G1 F1200 X141.093 Y152.916 E235.89548
G0 F3000 X141.093 Y152.294
G1 F1200 X139.505 Y150.705 E235.97767
G0 F3000 X140.127 Y150.705
G1 F1200 X141.093 Y151.672 E236.02767
G0 F3000 X141.093 Y151.05
G1 F1200 X140.749 Y150.705 E236.0455
G1 F4800 E226.0455
G0 F3000 X145.295 Y126.627
G1 F4800 E236.0455
G1 F1200 X105.205 Y86.537 E238.11978
G0 F3000 X105.205 Y85.915
G1 F1200 X145.295 Y126.005 E240.19406
G0 F3000 X145.295 Y125.383
G1 F1200 X105.205 Y85.293 E242.26834
G0 F3000 X105.205 Y84.671
G1 F1200 X145.295 Y124.761 E244.34262
G0 F3000 X145.295 Y124.138
G1 F1200 X105.205 Y84.048 E246.41691
G0 F3000 X105.205 Y83.426
G1 F1200 X145.295 Y123.516 E248.49119
G0 F3000 X145.295 Y122.894
G1 F1200 X105.205 Y82.804 E250.56547
G0 F3000 X105.205 Y82.182
G1 F1200 X145.295 Y122.272 E252.63975
G0 F3000 X145.295 Y121.649
G1 F1200 X105.205 Y81.559 E254.71403
G0 F3000 X105.205 Y80.937
G1 F1200 X145.295 Y121.027 E256.78831
G0 F3000 X145.295 Y120.405
G1 F1200 X105.205 Y80.315 E258.8626
G0 F3000 X105.205 Y79.693
G1 F1200 X106.862 Y81.35 E258.94833
G0 F3000 X107.649 Y82.137
G1 F1200 X145.295 Y119.783 E260.89616
G0 F3000 X145.295 Y119.16
G1 F1200 X108.746 Y82.611 E262.78723
G0 F3000 X109.484 Y82.727
G1 F1200 X145.295 Y118.538 E264.64011
G0 F3000 X145.295 Y117.916
G1 F1200 X110.026 Y82.647 E266.46495
G0 F3000 X110.547 Y82.546
G1 F1200 X145.295 Y117.294 E268.26283
G0 F3000 X145.295 Y116.671
G1 F1200 X110.96 Y82.336 E270.03935
G0 F3000 X111.373 Y82.127
G1 F1200 X145.295 Y116.049 E271.79449
G0 F3000 X145.295 Y115.427
G1 F1200 X111.689 Y81.821 E273.53329
G0 F3000 X112 Y81.51
G1 F1200 X145.295 Y114.805 E275.25599
G0 F3000 X145.295 Y114.182
G1 F1200 X112.246 Y81.134 E276.96594
G0 F3000 X112.446 Y80.711
G1 F1200 X145.295 Y113.56 E278.66557
G0 F3000 X145.295 Y112.938
G1 F1200 X112.609 Y80.252 E280.35677
G0 F3000 X112.695 Y79.715
G1 F1200 X145.295 Y112.316 E282.04354
G0 F3000 X145.295 Y111.693
G1 F1200 X112.659 Y79.058 E283.73212
G0 F3000 X112.41 Y78.186
G1 F1200 X145.295 Y111.071 E285.43361
G0 F3000 X145.295 Y110.449
G1 F1200 X111.552 Y76.706 E287.17949
G0 F3000 X112.174 Y76.706
G1 F1200 X145.295 Y109.827 E288.89319
G0 F3000 X145.295 Y109.204
G1 F1200 X112.796 Y76.706 E290.57469
G0 F3000 X113.419 Y76.706
G1 F1200 X145.295 Y108.582 E292.22397
G0 F3000 X145.295 Y107.96
G1 F1200 X114.041 Y76.706 E293.84107
G0 F3000 X114.663 Y76.706
G1 F1200 X145.295 Y107.338 E295.42599
G0 F3000 X145.295 Y106.715
G1 F1200 X115.285 Y76.706 E296.9787
G0 F3000 X115.908 Y76.706
G1 F1200 X145.295 Y106.093 E298.4992
G0 F3000 X145.295 Y105.471
G1 F1200 X116.53 Y76.706 E299.98752
G0 F3000 X117.152 Y76.706
G1 F1200 X145.295 Y104.849 E301.44366
G0 F3000 X145.295 Y104.226
G1 F1200 X117.774 Y76.706 E302.86759
G0 F3000 X118.397 Y76.706
G1 F1200 X145.295 Y103.604 E304.25931
G0 F3000 X145.295 Y102.982
G1 F1200 X119.019 Y76.706 E305.61884
G0 F3000 X119.641 Y76.706
G1 F1200 X145.295 Y102.36 E306.9462
G0 F3000 X145.295 Y101.737
G1 F1200 X120.264 Y76.706 E308.24132
G0 F3000 X120.886 Y76.706
G1 F1200 X145.295 Y101.115 E309.50425
G0 F3000 X145.295 Y100.493
G1 F1200 X121.508 Y76.706 E310.73501
G0 F3000 X122.13 Y76.706
G1 F1200 X145.295 Y99.871 E311.93358
G0 F3000 X145.295 Y99.248
G1 F1200 X122.752 Y76.705 E313.09997
G0 F3000 X123.374 Y76.705
G1 F1200 X145.295 Y98.626 E314.23417
G0 F3000 X145.295 Y98.004
G1 F1200 X123.996 Y76.705 E315.3362
G0 F3000 X124.619 Y76.705
G1 F1200 X145.295 Y97.382 E316.40601
G0 F3000 X145.295 Y96.759
G1 F1200 X125.241 Y76.705 E317.44362
G0 F3000 X125.863 Y76.705
G1 F1200 X145.295 Y96.137 E318.44904
G0 F3000 X145.295 Y95.515
G1 F1200 X126.485 Y76.705 E319.42228
G0 F3000 X127.108 Y76.705
G1 F1200 X145.295 Y94.893 E320.36332
G0 F3000 X145.295 Y94.27
G1 F1200 X127.73 Y76.705 E321.27214
G0 F3000 X128.352 Y76.705
G1 F1200 X145.295 Y93.648 E322.14878
G0 F3000 X145.295 Y93.026
G1 F1200 X128.974 Y76.705 E322.99324
G0 F3000 X129.597 Y76.705
G1 F1200 X145.295 Y92.404 E323.80549
G0 F3000 X145.295 Y91.781
G1 F1200 X130.219 Y76.705 E324.58553
G0 F3000 X130.841 Y76.705
G1 F1200 X145.295 Y91.159 E325.33339
G0 F3000 X145.295 Y90.537
G1 F1200 X131.463 Y76.705 E326.04907
G0 F3000 X132.086 Y76.705
G1 F1200 X145.295 Y89.914 E326.73251
G0 F3000 X145.295 Y89.292
G1 F1200 X132.708 Y76.705 E327.38377
G0 F3000 X133.33 Y76.705
G1 F1200 X145.295 Y88.67 E328.00285
G0 F3000 X145.295 Y88.048
G1 F1200 X133.952 Y76.704 E328.58977
G0 F3000 X134.574 Y76.704
G1 F1200 X145.295 Y87.425 E329.14448
G0 F3000 X145.295 Y86.803
G1 F1200 X135.196 Y76.704 E329.66701
G0 F3000 X135.818 Y76.704
G1 F1200 X145.295 Y86.181 E330.15735
G0 F3000 X145.295 Y85.559
G1 F1200 X136.441 Y76.704 E330.61549
G0 F3000 X137.063 Y76.704
G1 F1200 X145.295 Y84.936 E331.04142
G0 F3000 X145.295 Y84.314
G1 F1200 X137.685 Y76.704 E331.43516
G0 F3000 X138.307 Y76.704
G1 F1200 X145.295 Y83.692 E331.79673
G0 F3000 X145.295 Y83.07
G1 F1200 X138.93 Y76.704 E332.12608
G0 F3000 X139.552 Y76.704
G1 F1200 X145.295 Y82.447 E332.42323
G0 F3000 X145.295 Y81.825
G1 F1200 X140.174 Y76.704 E332.68819
G0 F3000 X140.796 Y76.704
G1 F1200 X145.295 Y81.203 E332.92097
G0 F3000 X145.295 Y80.581
G1 F1200 X141.419 Y76.704 E333.12155
G0 F3000 X142.041 Y76.704
G1 F1200 X145.295 Y79.958 E333.28991
G0 F3000 X145.295 Y79.336
G1 F1200 X142.663 Y76.704 E333.42609
G0 F3000 X143.285 Y76.704
G1 F1200 X145.295 Y78.714 E333.53009
G0 F3000 X145.295 Y78.092
G1 F1200 X143.908 Y76.704 E333.60188
G0 F3000 X144.53 Y76.704
G1 F1200 X145.295 Y77.469 E333.64146
G0 F3000 X145.295 Y76.847
G1 F1200 X145.152 Y76.704 E333.64886
G1 F4800 E323.64886
G0 F3000 X107.488 Y76.998
G1 F4800 E333.64886
G1 F1200 X107.196 Y76.706 E333.66397
G0 F3000 X107.177 Y77.309
G1 F1200 X106.574 Y76.706 E333.69517
G0 F3000 X105.952 Y76.706
G1 F1200 X106.872 Y77.626 E333.74277
G0 F3000 X106.664 Y78.04
G1 F1200 X105.329 Y76.706 E333.81182
G0 F3000 X105.205 Y77.204
G1 F1200 X106.454 Y78.453 E333.87644
G0 F3000 X106.358 Y78.979
G1 F1200 X105.205 Y77.826 E333.9361
G0 F3000 X105.205 Y78.448
G1 F1200 X106.285 Y79.529 E333.99201
G0 F3000 X106.387 Y80.253
G1 F1200 X105.205 Y79.07 E334.05319
G1 F4800 E324.05319
G0 F3000 X112.119 Y170.611
G1 F4800 E334.05319
G1 F1200 X113.791 Y172.283 E334.1397
G0 F3000 X113.791 Y172.905
G1 F1200 X112.589 Y171.703 E334.20189
G0 F3000 X112.729 Y172.466
G1 F1200 X113.791 Y173.527 E334.25681
G0 F3000 X113.791 Y174.149
G1 F1200 X112.649 Y173.007 E334.3159
G0 F3000 X112.553 Y173.534
G1 F1200 X113.791 Y174.772 E334.37996
G0 F3000 X113.69 Y175.293
G1 F1200 X112.343 Y173.946 E334.44965
G0 F3000 X112.132 Y174.357
G1 F1200 X113.067 Y175.293 E334.49805
G0 F3000 X112.445 Y175.293
G1 F1200 X111.831 Y174.678 E334.52985
G0 F3000 X111.519 Y174.989
G1 F1200 X111.823 Y175.293 E334.54558
G1 F4800 E324.54558
;MESH:NONMESH
G0 F300 X111.823 Y175.293 Z0.4
G0 F3000 X106.998 Y78.718
;TIME_ELAPSED:516.131905
;LAYER:1
M106 S85
;TYPE:WALL-INNER
;MESH:Top Carcaza.stl
G1 F4800 E334.54558
G1 F3000 X106.902 Y79.623 E334.57887
G1 X107.011 Y80.309 E334.60429
G1 X107.384 Y81.038 E334.63425
G1 X107.962 Y81.616 E334.66415
G1 X108.693 Y81.989 E334.69418
G1 X109.5 Y82.115 E334.72406
G1 X110.307 Y81.989 E334.75394
G1 X111.038 Y81.616 E334.78397
G1 X111.616 Y81.038 E334.81388
G1 X111.989 Y80.307 E334.8439
G1 X112.115 Y79.5 E334.87378
G1 X111.989 Y78.693 E334.90367
G1 X111.616 Y77.962 E334.93369
G1 X111.038 Y77.384 E334.9636
G1 X110.309 Y77.011 E334.99356
G1 X109.5 Y76.882 E335.02353
G1 X108.691 Y77.011 E335.0535
G1 X107.962 Y77.384 E335.08346
G1 X107.384 Y77.962 E335.11337
G1 X106.998 Y78.718 E335.14442
G0 F9000 X107.427 Y78.845
G1 F900 X107.346 Y79.611 E335.1726
G1 X107.435 Y80.171 E335.19335
G1 X107.744 Y80.776 E335.2182
G1 X108.224 Y81.256 E335.24304
G1 X108.83 Y81.565 E335.26793
G1 X109.5 Y81.67 E335.29274
G1 X110.17 Y81.565 E335.31755
G1 X110.776 Y81.256 E335.34244
G1 X111.256 Y80.776 E335.36727
G1 X111.565 Y80.17 E335.39216
G1 X111.67 Y79.5 E335.41697
G1 X111.565 Y78.83 E335.44178
G1 X111.256 Y78.224 E335.46667
G1 X110.776 Y77.744 E335.49151
G1 X110.171 Y77.435 E335.51636
G1 X109.5 Y77.328 E335.54122
G1 X108.829 Y77.435 E335.56608
G1 X108.224 Y77.744 E335.59093
G1 X107.744 Y78.224 E335.61577
G1 X107.427 Y78.845 E335.64128
G0 F9000 X107.856 Y78.972
;TYPE:WALL-OUTER
G1 F720 X107.79 Y79.599 E335.66434
G1 X107.859 Y80.033 E335.68042
G1 X108.104 Y80.514 E335.70017
G1 X108.486 Y80.896 E335.71994
G1 X108.967 Y81.141 E335.73969
G1 X109.5 Y81.225 E335.75943
G1 X110.033 Y81.141 E335.77917
G1 X110.514 Y80.896 E335.79892
G1 X110.896 Y80.514 E335.81868
G1 X111.141 Y80.033 E335.83843
G1 X111.225 Y79.5 E335.85817
G1 X111.141 Y78.967 E335.87791
G1 X110.896 Y78.486 E335.89766
G1 X110.514 Y78.104 E335.91743
G1 X110.033 Y77.859 E335.93718
G1 X109.5 Y77.774 E335.95692
G1 X108.967 Y77.859 E335.97667
G1 X108.486 Y78.104 E335.99642
G1 X108.104 Y78.486 E336.01619
G1 X107.856 Y78.972 E336.03615
G0 F9000 X107.392 Y78.835
G1 F4800 E326.03615
G0 F9000 X143.463 Y127.597
;TYPE:WALL-INNER
G1 F4800 E336.03615
G1 F3000 X143.463 Y127.378 E336.04416
G1 X143.244 Y127.378 E336.04935
G1 X117.412 Y127.378 E336.99444
G1 X117.412 Y127.338 E336.9959
G1 X114.837 Y127.338 E337.09011
G1 X114.837 Y176.34 E338.88291
G1 X104.34 Y176.34 E339.26695
G1 X104.34 Y177.66 E339.31524
G1 X147.663 Y177.663 E340.90027
G1 X147.663 Y74.337 E344.68057
G1 X104.34 Y74.34 E346.26559
G1 X104.34 Y75.441 E346.30587
G1 X104.34 Y75.66 E346.31388
G1 X104.559 Y75.66 E346.31907
G1 X146.123 Y75.658 E347.83974
G1 X146.342 Y75.658 E347.84775
G1 X146.342 Y75.877 E347.85293
G1 X146.342 Y176.123 E351.52055
G1 X146.342 Y176.342 E351.52856
G1 X146.123 Y176.342 E351.53375
G1 X138.21 Y176.34 E351.82325
G1 X138.21 Y149.66 E352.79937
G1 X142.14 Y149.66 E352.94316
G1 X142.14 Y170.396 E353.70181
G1 X141.838 Y170.431 E353.71293
G1 X141.209 Y170.751 E353.73875
G1 X140.693 Y171.324 E353.76696
G1 X140.435 Y171.829 E353.78771
G1 X140.33 Y172.5 E353.81256
G1 X140.435 Y173.17 E353.83737
G1 X140.744 Y173.776 E353.86225
G1 X141.224 Y174.256 E353.88709
G1 X141.829 Y174.565 E353.91194
G1 X142.5 Y174.672 E353.9368
G1 X143.171 Y174.565 E353.96166
G1 X143.776 Y174.256 E353.98652
G1 X144.256 Y173.776 E354.01135
G1 X144.565 Y173.171 E354.03621
G1 X144.672 Y172.5 E354.06107
G1 X144.565 Y171.829 E354.08593
G1 X144.256 Y171.224 E354.11078
G1 X143.775 Y170.742 E354.13569
G1 X143.46 Y170.585 E354.14857
G1 X143.463 Y127.597 E355.72134
G0 F9000 X143.023 Y127.818
;TYPE:WALL-OUTER
G1 F2400 X116.972 Y127.818 E356.67444
G1 X116.972 Y127.778 E356.67591
G1 X115.277 Y127.778 E356.73792
G1 X115.277 Y176.78 E358.53071
G1 X104.78 Y176.78 E358.91476
G1 X104.78 Y177.22 E358.93086
G1 X147.223 Y177.223 E360.48368
G1 X147.223 Y74.777 E364.23179
G1 X104.78 Y74.78 E365.78461
G1 X104.78 Y75.22 E365.80071
G1 X146.782 Y75.218 E367.3374
G1 X146.782 Y176.782 E371.05324
G1 X137.77 Y176.78 E371.38295
G1 X137.77 Y149.22 E372.39127
G1 X142.58 Y149.22 E372.56725
G1 X142.58 Y170.788 E373.35634
G1 X141.967 Y170.859 E373.37891
G1 X141.481 Y171.106 E373.39886
G1 X141.059 Y171.575 E373.42194
G1 X140.859 Y171.967 E373.43804
G1 X140.775 Y172.5 E373.45778
G1 X140.859 Y173.033 E373.47752
G1 X141.104 Y173.514 E373.49727
G1 X141.486 Y173.896 E373.51704
G1 X141.967 Y174.141 E373.53679
G1 X142.5 Y174.226 E373.55653
G1 X143.033 Y174.141 E373.57628
G1 X143.514 Y173.896 E373.59603
G1 X143.896 Y173.514 E373.6158
G1 X144.141 Y173.033 E373.63554
G1 X144.226 Y172.5 E373.65529
G1 X144.141 Y171.967 E373.67504
G1 X143.896 Y171.486 E373.69479
G1 X143.514 Y171.104 E373.71455
G1 X143.02 Y170.857 E373.73476
G1 X143.023 Y127.818 E375.30939
G1 F4800 E365.30939
G0 F9000 X107.016 Y171.661
;TYPE:WALL-INNER
G1 F4800 E375.30939
G1 F3000 X106.882 Y172.5 E375.34048
G1 X107.011 Y173.309 E375.37045
G1 X107.384 Y174.038 E375.40041
G1 X107.962 Y174.616 E375.43031
G1 X108.691 Y174.989 E375.46027
G1 X109.5 Y175.118 E375.49025
G1 X110.309 Y174.989 E375.52022
G1 X111.038 Y174.616 E375.55018
G1 X111.616 Y174.038 E375.58008
G1 X111.989 Y173.307 E375.61011
G1 X112.12 Y172.47 E375.6411
G1 X111.932 Y171.582 E375.67431
G1 X111.616 Y170.962 E375.69977
G1 X111.038 Y170.384 E375.72968
G1 X110.307 Y170.011 E375.7597
G1 X109.5 Y169.885 E375.78959
G1 X108.693 Y170.011 E375.81947
G1 X107.962 Y170.384 E375.84949
G1 X107.471 Y170.875 E375.8749
G1 X107.016 Y171.661 E375.90813
G0 F9000 X107.438 Y171.811
G1 F900 X107.328 Y172.5 E375.93365
G1 X107.435 Y173.171 E375.95851
G1 X107.744 Y173.776 E375.98337
G1 X108.224 Y174.256 E376.0082
G1 X108.829 Y174.565 E376.03306
G1 X109.5 Y174.672 E376.05792
G1 X110.171 Y174.565 E376.08278
G1 X110.776 Y174.256 E376.10763
G1 X111.256 Y173.776 E376.13247
G1 X111.565 Y173.17 E376.15735
G1 X111.673 Y172.482 E376.18283
G1 X111.514 Y171.73 E376.21095
G1 X111.256 Y171.224 E376.23173
G1 X110.776 Y170.744 E376.25657
G1 X110.17 Y170.435 E376.28146
G1 X109.5 Y170.33 E376.30627
G1 X108.83 Y170.435 E376.33108
G1 X108.224 Y170.744 E376.35597
G1 X107.823 Y171.145 E376.37671
G1 X107.438 Y171.811 E376.40486
G0 F9000 X107.86 Y171.961
;TYPE:WALL-OUTER
G1 F720 X107.774 Y172.5 E376.42483
G1 X107.859 Y173.033 E376.44458
G1 X108.104 Y173.514 E376.46432
G1 X108.486 Y173.896 E376.48409
G1 X108.967 Y174.141 E376.50384
G1 X109.5 Y174.226 E376.52359
G1 X110.033 Y174.141 E376.54333
G1 X110.514 Y173.896 E376.56308
G1 X110.896 Y173.514 E376.58285
G1 X111.141 Y173.033 E376.6026
G1 X111.226 Y172.494 E376.62256
G1 X111.096 Y171.878 E376.64559
G1 X110.896 Y171.486 E376.66169
G1 X110.514 Y171.104 E376.68146
G1 X110.033 Y170.859 E376.70121
G1 X109.5 Y170.775 E376.72095
G1 X108.967 Y170.859 E376.74069
G1 X108.486 Y171.104 E376.76044
G1 X108.175 Y171.415 E376.77653
G1 X107.86 Y171.961 E376.79959
G0 F9000 X107.404 Y171.8
G1 F4800 E366.79959
G0 F9000 X145.902 Y175.902
;TYPE:WALL-INNER
G1 F4800 E376.79959
G1 F3000 X145.683 Y175.902 E376.80761
G1 X138.65 Y175.9 E377.06492
G1 X138.65 Y150.1 E378.00884
G1 X141.7 Y150.1 E378.12043
G1 X141.7 Y170.008 E378.84878
G1 X140.937 Y170.396 E378.8801
G1 X140.327 Y171.072 E378.91341
G1 X140.011 Y171.691 E378.93884
G1 X139.885 Y172.5 E378.9688
G1 X140.011 Y173.307 E378.99868
G1 X140.384 Y174.038 E379.0287
G1 X140.962 Y174.616 E379.05861
G1 X141.691 Y174.989 E379.08857
G1 X142.5 Y175.118 E379.11854
G1 X143.309 Y174.989 E379.14851
G1 X144.038 Y174.616 E379.17847
G1 X144.616 Y174.038 E379.20838
G1 X144.989 Y173.309 E379.23834
G1 X145.118 Y172.5 E379.26831
G1 X144.989 Y171.691 E379.29828
G1 X144.616 Y170.962 E379.32824
G1 X144.036 Y170.38 E379.3583
G1 X143.9 Y170.312 E379.36387
G1 X143.903 Y127.157 E380.94274
G1 X143.903 Y126.938 E380.95076
G1 X143.684 Y126.938 E380.95594
G1 X117.852 Y126.938 E381.90103
G1 X117.852 Y126.898 E381.9025
G1 X114.397 Y126.898 E382.0289
G1 X114.397 Y175.9 E383.8217
G1 X104.6 Y175.9 E384.18013
G1 X104.6 Y76.1 E387.83143
G1 X145.683 Y76.098 E389.3345
G1 X145.902 Y76.098 E389.34251
G1 X145.902 Y76.317 E389.3477
G1 X145.902 Y175.683 E392.98312
G1 X145.902 Y175.902 E392.9883
G1 F4800 E382.9883
G0 F9000 X147.84 Y177.84
G1 F4800 E392.9883
G1 F3000 X147.663 Y177.84 E392.99312
G1 X104.34 Y177.84 E393.63759
G1 X104.16 Y177.84 E393.64251
G1 X104.16 Y177.66 E393.64744
G1 X104.16 Y176.34 E393.66724
G1 X104.16 Y75.66 E397.35073
G1 X104.16 Y74.34 E397.39902
G1 X104.16 Y74.16 E397.40394
G1 X104.34 Y74.16 E397.40886
G1 X147.663 Y74.16 E398.05334
G1 X147.84 Y74.16 E398.05816
G1 X147.84 Y74.337 E398.06297
G1 X147.84 Y177.663 E399.58714
G1 X147.84 Y177.84 E399.59196
G0 F9000 X148.28 Y178.28
;TYPE:WALL-OUTER
G1 F2400 X103.72 Y178.28 E401.22224
G1 X103.72 Y73.72 E405.04768
G1 X148.28 Y73.72 E406.67796
G1 X148.28 Y178.28 E410.50341
G1 F4800 E400.50341
G0 F9000 X145.472 Y175.472
;TYPE:SKIN
G1 F4800 E410.50341
G1 F1305 X143.018 Y175.471 E410.59319
G1 X143.444 Y175.403 E410.60898
G1 X144.294 Y174.968 E410.64391
G1 X144.968 Y174.294 E410.67878
G1 X145.403 Y173.444 E410.71372
G1 X145.472 Y173.013 E410.72969
G1 X145.472 Y175.472 E410.81965
G1 F4800 E400.81965
G0 F9000 X145.472 Y171.987
G1 F4800 E410.81965
G1 F4350 X145.403 Y171.556 E410.83562
G1 X144.968 Y170.706 E410.87056
G1 X144.33 Y170.065 E410.90364
G1 X144.333 Y126.508 E412.49723
G1 X118.282 Y126.508 E413.45033
G1 X118.282 Y126.468 E413.4518
G1 X113.967 Y126.468 E413.60966
G1 X113.967 Y175.47 E415.40246
G1 X110.025 Y175.47 E415.54668
G1 X110.444 Y175.403 E415.56221
G1 X111.294 Y174.968 E415.59714
G1 X111.968 Y174.294 E415.63201
G1 X112.403 Y173.442 E415.66701
G1 X112.557 Y172.458 E415.70345
G1 X112.341 Y171.437 E415.74163
G1 X111.968 Y170.706 E415.77166
G1 X111.294 Y170.032 E415.80653
G1 X110.442 Y169.597 E415.84153
G1 X109.5 Y169.449 E415.87642
G1 X108.558 Y169.597 E415.9113
G1 X107.706 Y170.032 E415.9463
G1 X107.127 Y170.611 E415.97626
G1 X106.604 Y171.514 E416.01444
G1 X106.446 Y172.5 E416.05097
G1 X106.597 Y173.444 E416.08595
G1 X107.032 Y174.294 E416.12088
G1 X107.706 Y174.968 E416.15576
G1 X108.556 Y175.403 E416.19069
G1 X108.975 Y175.47 E416.20622
G1 X105.03 Y175.47 E416.35055
G1 X105.03 Y76.53 E419.97038
G1 X108.976 Y76.53 E420.11475
G1 X108.556 Y76.597 E420.13031
G1 X107.706 Y77.032 E420.16524
G1 X107.032 Y77.706 E420.20012
G1 X106.579 Y78.593 E420.23656
G1 X106.468 Y79.634 E420.27486
G1 X106.597 Y80.444 E420.30487
G1 X107.032 Y81.294 E420.3398
G1 X107.706 Y81.968 E420.37467
G1 X108.558 Y82.403 E420.40967
G1 X109.5 Y82.551 E420.44456
G1 X110.442 Y82.403 E420.47945
G1 X111.294 Y81.968 E420.51445
G1 X111.968 Y81.294 E420.54932
G1 X112.403 Y80.442 E420.58432
G1 X112.551 Y79.5 E420.61921
G1 X112.403 Y78.558 E420.65409
G1 X111.968 Y77.706 E420.68909
G1 X111.294 Y77.032 E420.72397
G1 X110.444 Y76.597 E420.7589
G1 X110.024 Y76.53 E420.77446
G1 X145.472 Y76.528 E422.07137
G1 X145.472 Y171.987 E425.56384
G1 F4800 E415.56384
G0 F9000 X141.981 Y175.471
G1 F4800 E425.56384
G1 F4350 X139.08 Y175.47 E425.66998
G1 X139.08 Y150.53 E426.58244
G1 X141.27 Y150.53 E426.66256
G1 X141.27 Y169.744 E427.36553
G1 X140.671 Y170.048 E427.3901
G1 X139.97 Y170.826 E427.42842
G1 X139.597 Y171.556 E427.45841
G1 X139.449 Y172.5 E427.49337
G1 X139.597 Y173.442 E427.52826
G1 X140.032 Y174.294 E427.56326
G1 X140.706 Y174.968 E427.59813
G1 X141.556 Y175.403 E427.63306
G1 X141.981 Y175.471 E427.64881
G1 F4800 E417.64881
G0 F9000 X145.165 Y175.295
G1 F4800 E427.64881
G1 F4350 X145.295 Y175.165 E427.65554
G0 F9000 X145.295 Y174.542
G1 F4350 X144.543 Y175.294 E427.69444
G1 F4800 E417.69444
G0 F9000 X140.486 Y174.996
G1 F4800 E427.69444
G1 F4350 X140.188 Y175.293 E427.70984
G0 F9000 X140.175 Y174.685
G1 F4350 X139.566 Y175.293 E427.74132
G0 F9000 X139.256 Y174.982
G1 F4350 X139.871 Y174.366 E427.77317
G0 F9000 X139.66 Y173.955
G1 F4350 X139.256 Y174.359 E427.79407
G0 F9000 X139.256 Y173.737
G1 F4350 X139.449 Y173.543 E427.80408
G0 F9000 X139.256 Y173.115
G1 F4350 X139.351 Y173.019 E427.80902
G0 F9000 X139.256 Y171.87
G1 F4350 X139.389 Y171.737 E427.81591
G0 F9000 X139.256 Y171.248
G1 F4350 X140.211 Y170.293 E427.86532
G0 F9000 X140.639 Y169.865
G1 F4350 X141.093 Y169.41 E427.88883
G0 F9000 X141.093 Y168.788
G1 F4350 X139.256 Y170.626 E427.98391
G0 F9000 X139.256 Y170.004
G1 F4350 X141.093 Y168.166 E428.07898
G0 F9000 X141.093 Y167.544
G1 F4350 X139.256 Y169.381 E428.17403
G0 F9000 X139.256 Y168.759
G1 F4350 X141.093 Y166.921 E428.2691
G0 F9000 X141.093 Y166.299
G1 F4350 X139.256 Y168.137 E428.36418
G0 F9000 X139.256 Y167.515
G1 F4350 X141.093 Y165.677 E428.45925
G0 F9000 X141.093 Y165.054
G1 F4350 X139.256 Y166.892 E428.55432
G0 F9000 X139.256 Y166.27
G1 F4350 X141.093 Y164.432 E428.6494
G0 F9000 X141.093 Y163.81
G1 F4350 X139.256 Y165.648 E428.74447
G0 F9000 X139.256 Y165.025
G1 F4350 X141.093 Y163.188 E428.83952
G0 F9000 X141.093 Y162.565
G1 F4350 X139.256 Y164.403 E428.93459
G0 F9000 X139.256 Y163.781
G1 F4350 X141.093 Y161.943 E429.02966
G0 F9000 X141.093 Y161.321
G1 F4350 X139.256 Y163.159 E429.12474
G0 F9000 X139.256 Y162.536
G1 F4350 X141.093 Y160.699 E429.21978
G0 F9000 X141.093 Y160.076
G1 F4350 X139.256 Y161.914 E429.31486
G0 F9000 X139.256 Y161.292
G1 F4350 X141.093 Y159.454 E429.40993
G0 F9000 X141.093 Y158.832
G1 F4350 X139.256 Y160.67 E429.505
G0 F9000 X139.256 Y160.047
G1 F4350 X141.093 Y158.21 E429.60005
G0 F9000 X141.093 Y157.587
G1 F4350 X139.256 Y159.425 E429.69513
G0 F9000 X139.256 Y158.803
G1 F4350 X141.093 Y156.965 E429.7902
G0 F9000 X141.093 Y156.343
G1 F4350 X139.256 Y158.181 E429.88527
G0 F9000 X139.256 Y157.558
G1 F4350 X141.093 Y155.721 E429.98032
G0 F9000 X141.093 Y155.098
G1 F4350 X139.256 Y156.936 E430.07539
G0 F9000 X139.256 Y156.314
G1 F4350 X141.093 Y154.476 E430.17047
G0 F9000 X141.093 Y153.854
G1 F4350 X139.256 Y155.692 E430.26554
G0 F9000 X139.256 Y155.069
G1 F4350 X141.093 Y153.232 E430.36059
G0 F9000 X141.093 Y152.609
G1 F4350 X139.256 Y154.447 E430.45566
G0 F9000 X139.256 Y153.825
G1 F4350 X141.093 Y151.987 E430.55073
G0 F9000 X141.093 Y151.365
G1 F4350 X139.256 Y153.203 E430.64581
G0 F9000 X139.256 Y152.58
G1 F4350 X141.093 Y150.743 E430.74086
G0 F9000 X140.509 Y150.704
G1 F4350 X139.256 Y151.958 E430.80571
G0 F9000 X139.256 Y151.336
G1 F4350 X139.887 Y150.704 E430.83839
G1 F4800 E420.83839
G0 F9000 X144.507 Y150.441
G1 F4800 E430.83839
G1 F4350 X145.294 Y149.653 E430.87913
G0 F9000 X145.294 Y149.031
G1 F4350 X144.507 Y149.818 E430.91985
G0 F9000 X144.507 Y149.196
G1 F4350 X145.294 Y148.408 E430.9606
G0 F9000 X145.294 Y147.786
G1 F4350 X144.507 Y148.574 E431.00134
G0 F9000 X144.507 Y147.951
G1 F4350 X145.294 Y147.164 E431.04206
G0 F9000 X145.294 Y146.542
G1 F4350 X144.507 Y147.329 E431.08278
G0 F9000 X144.507 Y146.706
G1 F4350 X145.294 Y145.919 E431.1235
G0 F9000 X145.294 Y145.297
G1 F4350 X144.507 Y146.084 E431.16422
G0 F9000 X144.507 Y145.462
G1 F4350 X145.294 Y144.675 E431.20494
G0 F9000 X145.294 Y144.053
G1 F4350 X144.507 Y144.84 E431.24566
G0 F9000 X144.507 Y144.217
G1 F4350 X145.294 Y143.43 E431.28638
G0 F9000 X145.294 Y142.808
G1 F4350 X144.507 Y143.595 E431.3271
G0 F9000 X144.507 Y142.973
G1 F4350 X145.294 Y142.186 E431.36782
G0 F9000 X145.294 Y141.564
G1 F4350 X144.507 Y142.351 E431.40854
G0 F9000 X144.507 Y141.728
G1 F4350 X145.294 Y140.941 E431.44926
G0 F9000 X145.294 Y140.319
G1 F4350 X144.507 Y141.106 E431.48998
G0 F9000 X144.507 Y140.484
G1 F4350 X145.294 Y139.697 E431.5307
G0 F9000 X145.294 Y139.075
G1 F4350 X144.507 Y139.862 E431.57142
G0 F9000 X144.507 Y139.239
G1 F4350 X145.294 Y138.452 E431.61214
G0 F9000 X145.294 Y137.83
G1 F4350 X144.507 Y138.617 E431.65286
G0 F9000 X144.507 Y137.995
G1 F4350 X145.294 Y137.208 E431.69358
G0 F9000 X145.294 Y136.586
G1 F4350 X144.507 Y137.373 E431.7343
G0 F9000 X144.508 Y136.75
G1 F4350 X145.294 Y135.963 E431.775
G0 F9000 X145.294 Y135.341
G1 F4350 X144.508 Y136.127 E431.81566
G0 F9000 X144.508 Y135.505
G1 F4350 X145.294 Y134.719 E431.85633
G0 F9000 X145.294 Y134.097
G1 F4350 X144.508 Y134.883 E431.897
G0 F9000 X144.508 Y134.261
G1 F4350 X145.294 Y133.474 E431.93769
G0 F9000 X145.294 Y132.852
G1 F4350 X144.508 Y133.638 E431.97836
G0 F9000 X144.508 Y133.016
G1 F4350 X145.294 Y132.23 E432.01903
G0 F9000 X145.294 Y131.608
G1 F4350 X144.508 Y132.394 E432.0597
G0 F9000 X144.508 Y131.772
G1 F4350 X145.294 Y130.985 E432.10039
G0 F9000 X145.294 Y130.363
G1 F4350 X144.508 Y131.149 E432.14106
G0 F9000 X144.508 Y130.527
G1 F4350 X145.294 Y129.741 E432.18173
G0 F9000 X145.294 Y129.119
G1 F4350 X144.508 Y129.905 E432.2224
G0 F9000 X144.508 Y129.283
G1 F4350 X145.294 Y128.496 E432.26309
G0 F9000 X145.294 Y127.874
G1 F4350 X144.508 Y128.66 E432.30376
G0 F9000 X144.508 Y128.038
G1 F4350 X145.294 Y127.252 E432.34443
G0 F9000 X145.294 Y126.63
G1 F4350 X144.508 Y127.416 E432.3851
G0 F9000 X144.508 Y126.794
G1 F4350 X145.294 Y126.007 E432.42579
G0 F9000 X145.294 Y125.385
G1 F4350 X144.348 Y126.331 E432.47474
G0 F9000 X143.726 Y126.331
G1 F4350 X145.294 Y124.763 E432.55587
G0 F9000 X145.294 Y124.141
G1 F4350 X143.104 Y126.331 E432.66918
G0 F9000 X142.482 Y126.331
G1 F4350 X145.294 Y123.518 E432.8147
G0 F9000 X145.294 Y122.896
G1 F4350 X141.859 Y126.331 E432.99243
G0 F9000 X141.237 Y126.331
G1 F4350 X145.294 Y122.274 E433.20234
G0 F9000 X145.294 Y121.652
G1 F4350 X140.615 Y126.331 E433.44443
G0 F9000 X139.993 Y126.331
G1 F4350 X145.294 Y121.029 E433.71874
G0 F9000 X145.294 Y120.407
G1 F4350 X139.37 Y126.331 E434.02525
G0 F9000 X138.748 Y126.331
G1 F4350 X145.294 Y119.785 E434.36394
G0 F9000 X145.294 Y119.163
G1 F4350 X138.126 Y126.331 E434.73482
G0 F9000 X137.503 Y126.331
G1 F4350 X145.294 Y118.54 E435.13793
G0 F9000 X145.294 Y117.918
G1 F4350 X136.881 Y126.331 E435.57322
G0 F9000 X136.259 Y126.331
G1 F4350 X145.294 Y117.296 E436.0407
G0 F9000 X145.294 Y116.674
G1 F4350 X135.637 Y126.331 E436.54036
G0 F9000 X135.014 Y126.331
G1 F4350 X145.294 Y116.051 E437.07225
G0 F9000 X145.294 Y115.429
G1 F4350 X134.392 Y126.331 E437.63633
G0 F9000 X133.77 Y126.331
G1 F4350 X145.294 Y114.807 E438.23259
G0 F9000 X145.294 Y114.185
G1 F4350 X133.148 Y126.331 E438.86103
G0 F9000 X132.525 Y126.331
G1 F4350 X145.294 Y113.562 E439.52171
G0 F9000 X145.294 Y112.94
G1 F4350 X131.903 Y126.331 E440.21456
G0 F9000 X131.281 Y126.331
G1 F4350 X145.294 Y112.318 E440.93961
G0 F9000 X145.294 Y111.696
G1 F4350 X130.659 Y126.331 E441.69683
G0 F9000 X130.036 Y126.331
G1 F4350 X145.294 Y111.073 E442.48629
G0 F9000 X145.294 Y110.451
G1 F4350 X129.414 Y126.331 E443.30793
G0 F9000 X128.792 Y126.331
G1 F4350 X145.294 Y109.829 E444.16175
G0 F9000 X145.294 Y109.206
G1 F4350 X128.17 Y126.331 E445.04779
G0 F9000 X127.547 Y126.331
G1 F4350 X145.294 Y108.584 E445.96603
G0 F9000 X145.294 Y107.962
G1 F4350 X126.925 Y126.331 E446.91645
G0 F9000 X126.303 Y126.331
G1 F4350 X145.294 Y107.34 E447.89906
G0 F9000 X145.294 Y106.717
G1 F4350 X125.681 Y126.331 E448.91387
G0 F9000 X125.058 Y126.331
G1 F4350 X145.294 Y106.095 E449.96089
G0 F9000 X145.294 Y105.473
G1 F4350 X124.436 Y126.331 E451.0401
G0 F9000 X123.814 Y126.331
G1 F4350 X145.294 Y104.851 E452.15149
G0 F9000 X145.294 Y104.228
G1 F4350 X123.192 Y126.331 E453.29509
G0 F9000 X122.569 Y126.331
G1 F4350 X145.294 Y103.606 E454.47089
G0 F9000 X145.294 Y102.984
G1 F4350 X121.947 Y126.331 E455.67888
G0 F9000 X121.325 Y126.331
G1 F4350 X145.294 Y102.362 E456.91905
G0 F9000 X145.294 Y101.739
G1 F4350 X120.703 Y126.331 E458.19143
G0 F9000 X120.08 Y126.331
G1 F4350 X145.294 Y101.117 E459.49602
G0 F9000 X145.294 Y100.495
G1 F4350 X119.458 Y126.331 E460.83279
G0 F9000 X118.836 Y126.331
G1 F4350 X145.294 Y99.873 E462.20174
G0 F9000 X145.294 Y99.25
G1 F4350 X118.254 Y126.291 E463.60084
G0 F9000 X117.632 Y126.291
G1 F4350 X145.294 Y98.628 E465.03211
G0 F9000 X145.294 Y98.006
G1 F4350 X117.009 Y126.291 E466.4956
G0 F9000 X116.387 Y126.291
G1 F4350 X145.294 Y97.384 E467.99126
G0 F9000 X145.294 Y96.761
G1 F4350 X115.765 Y126.291 E469.51914
G0 F9000 X115.143 Y126.291
G1 F4350 X145.294 Y96.139 E471.07919
G0 F9000 X145.294 Y95.517
G1 F4350 X114.52 Y126.291 E472.67146
G0 F9000 X113.898 Y126.291
G1 F4350 X145.294 Y94.895 E474.29591
G0 F9000 X145.294 Y94.272
G1 F4350 X105.206 Y134.361 E476.37011
G0 F9000 X105.206 Y133.739
G1 F4350 X145.294 Y93.65 E478.44432
G0 F9000 X145.294 Y93.028
G1 F4350 X105.206 Y133.117 E480.51852
G0 F9000 X105.206 Y132.494
G1 F4350 X145.294 Y92.406 E482.5927
G0 F9000 X145.294 Y91.783
G1 F4350 X105.206 Y131.872 E484.6669
G0 F9000 X105.206 Y131.25
G1 F4350 X145.294 Y91.161 E486.74111
G0 F9000 X145.294 Y90.539
G1 F4350 X105.206 Y130.628 E488.81531
G0 F9000 X105.206 Y130.005
G1 F4350 X145.294 Y89.917 E490.88949
G0 F9000 X145.294 Y89.294
G1 F4350 X105.206 Y129.383 E492.96369
G0 F9000 X105.206 Y128.761
G1 F4350 X145.294 Y88.672 E495.0379
G0 F9000 X145.294 Y88.05
G1 F4350 X105.206 Y128.139 E497.1121
G0 F9000 X105.206 Y127.516
G1 F4350 X145.294 Y87.428 E499.18628
G0 F9000 X145.294 Y86.805
G1 F4350 X105.206 Y126.894 E501.26049
G0 F9000 X105.206 Y126.272
G1 F4350 X145.294 Y86.183 E503.33469
G0 F9000 X145.294 Y85.561
G1 F4350 X105.206 Y125.65 E505.40889
G0 F9000 X105.206 Y125.027
G1 F4350 X145.294 Y84.939 E507.48307
G0 F9000 X145.294 Y84.316
G1 F4350 X105.206 Y124.405 E509.55728
G0 F9000 X105.206 Y123.783
G1 F4350 X145.294 Y83.694 E511.63148
G0 F9000 X145.294 Y83.072
G1 F4350 X105.206 Y123.161 E513.70568
G0 F9000 X105.206 Y122.538
G1 F4350 X145.294 Y82.45 E515.77986
G0 F9000 X145.294 Y81.827
G1 F4350 X105.206 Y121.916 E517.85407
G0 F9000 X105.206 Y121.294
G1 F4350 X145.294 Y81.205 E519.92827
G0 F9000 X145.294 Y80.583
G1 F4350 X105.206 Y120.672 E522.00247
G0 F9000 X105.206 Y120.049
G1 F4350 X145.294 Y79.961 E524.07665
G0 F9000 X145.294 Y79.338
G1 F4350 X105.206 Y119.427 E526.15086
G0 F9000 X105.206 Y118.805
G1 F4350 X145.294 Y78.716 E528.22506
G0 F9000 X145.294 Y78.094
G1 F4350 X105.206 Y118.182 E530.29924
G0 F9000 X105.206 Y117.56
G1 F4350 X145.294 Y77.472 E532.37342
G0 F9000 X145.294 Y76.849
G1 F4350 X105.206 Y116.938 E534.44762
G0 F9000 X105.206 Y116.316
G1 F4350 X144.818 Y76.704 E536.49717
G0 F9000 X144.196 Y76.704
G1 F4350 X105.206 Y115.693 E538.51451
G0 F9000 X105.206 Y115.071
G1 F4350 X143.573 Y76.704 E540.49965
G0 F9000 X142.951 Y76.704
G1 F4350 X105.206 Y114.449 E542.4526
G0 F9000 X105.206 Y113.827
G1 F4350 X142.329 Y76.704 E544.37336
G0 F9000 X141.707 Y76.704
G1 F4350 X105.206 Y113.204 E546.26192
G0 F9000 X105.206 Y112.582
G1 F4350 X141.084 Y76.704 E548.11827
G0 F9000 X140.462 Y76.704
G1 F4350 X105.206 Y111.96 E549.94244
G0 F9000 X105.206 Y111.338
G1 F4350 X139.84 Y76.704 E551.73442
G0 F9000 X139.218 Y76.704
G1 F4350 X105.206 Y110.715 E553.4942
G0 F9000 X105.206 Y110.093
G1 F4350 X138.595 Y76.704 E555.22177
G0 F9000 X137.973 Y76.704
G1 F4350 X105.206 Y109.471 E556.91715
G0 F9000 X105.206 Y108.849
G1 F4350 X137.351 Y76.704 E558.58036
G0 F9000 X136.728 Y76.704
G1 F4350 X105.206 Y108.226 E560.21132
G0 F9000 X105.206 Y107.604
G1 F4350 X136.106 Y76.704 E561.81011
G0 F9000 X135.484 Y76.704
G1 F4350 X105.206 Y106.982 E563.37671
G0 F9000 X105.206 Y106.36
G1 F4350 X134.862 Y76.704 E564.91113
G0 F9000 X134.239 Y76.704
G1 F4350 X105.206 Y105.737 E566.41332
G0 F9000 X105.206 Y105.115
G1 F4350 X133.617 Y76.704 E567.88332
G0 F9000 X132.994 Y76.704
G1 F4350 X105.206 Y104.493 E569.32112
G0 F9000 X105.206 Y103.871
G1 F4350 X132.372 Y76.704 E570.72673
G0 F9000 X131.75 Y76.704
G1 F4350 X105.206 Y103.248 E572.10013
G0 F9000 X105.206 Y102.626
G1 F4350 X131.128 Y76.704 E573.44135
G0 F9000 X130.505 Y76.704
G1 F4350 X105.206 Y102.004 E574.75036
G0 F9000 X105.206 Y101.382
G1 F4350 X129.883 Y76.704 E576.02719
G0 F9000 X129.261 Y76.704
G1 F4350 X105.206 Y100.759 E577.27181
G0 F9000 X105.206 Y100.137
G1 F4350 X128.638 Y76.704 E578.48423
G0 F9000 X128.016 Y76.704
G1 F4350 X105.206 Y99.515 E579.66445
G0 F9000 X105.206 Y98.893
G1 F4350 X127.394 Y76.704 E580.8125
G0 F9000 X126.772 Y76.704
G1 F4350 X105.206 Y98.27 E581.92834
G0 F9000 X105.206 Y97.648
G1 F4350 X126.149 Y76.704 E583.01197
G0 F9000 X125.527 Y76.704
G1 F4350 X105.206 Y97.026 E584.06342
G0 F9000 X105.206 Y96.404
G1 F4350 X124.905 Y76.704 E585.08268
G0 F9000 X124.283 Y76.704
G1 F4350 X105.206 Y95.781 E586.06974
G0 F9000 X105.206 Y95.159
G1 F4350 X123.66 Y76.704 E587.02459
G0 F9000 X123.038 Y76.704
G1 F4350 X105.206 Y94.537 E587.94725
G0 F9000 X105.206 Y93.915
G1 F4350 X122.415 Y76.705 E588.83768
G0 F9000 X121.793 Y76.705
G1 F4350 X105.206 Y93.292 E589.6959
G0 F9000 X105.206 Y92.67
G1 F4350 X121.171 Y76.705 E590.52194
G0 F9000 X120.548 Y76.705
G1 F4350 X105.206 Y92.048 E591.31577
G0 F9000 X105.206 Y91.426
G1 F4350 X119.926 Y76.705 E592.07742
G0 F9000 X119.304 Y76.705
G1 F4350 X105.206 Y90.803 E592.80686
G0 F9000 X105.206 Y90.181
G1 F4350 X118.682 Y76.705 E593.50412
G0 F9000 X118.059 Y76.705
G1 F4350 X105.206 Y89.559 E594.16916
G0 F9000 X105.206 Y88.937
G1 F4350 X117.437 Y76.705 E594.80203
G0 F9000 X116.815 Y76.705
G1 F4350 X105.206 Y88.314 E595.40269
G0 F9000 X105.206 Y87.692
G1 F4350 X110.293 Y82.604 E595.66592
G0 F9000 X109.555 Y82.72
G1 F4350 X105.206 Y87.07 E595.89096
G0 F9000 X105.206 Y86.448
G1 F4350 X109.002 Y82.651 E596.0874
G0 F9000 X108.473 Y82.558
G1 F4350 X105.206 Y85.825 E596.25643
G0 F9000 X105.206 Y85.203
G1 F4350 X108.062 Y82.347 E596.4042
G0 F9000 X107.65 Y82.136
G1 F4350 X105.206 Y84.581 E596.53068
G0 F9000 X105.206 Y83.959
G1 F4350 X107.326 Y81.838 E596.6404
G0 F9000 X107.015 Y81.527
G1 F4350 X105.206 Y83.336 E596.734
G0 F9000 X105.206 Y82.714
G1 F4350 X106.763 Y81.157 E596.81456
G0 F9000 X106.552 Y80.745
G1 F4350 X105.206 Y82.092 E596.88423
G0 F9000 X105.206 Y81.47
G1 F4350 X106.391 Y80.284 E596.94557
G0 F9000 X106.305 Y79.748
G1 F4350 X105.206 Y80.847 E597.00243
G0 F9000 X105.206 Y80.225
G1 F4350 X106.348 Y79.083 E597.06152
G0 F9000 X106.551 Y78.257
G1 F4350 X105.206 Y79.603 E597.13113
G0 F9000 X105.206 Y78.98
G1 F4350 X107.481 Y76.705 E597.24884
G0 F9000 X106.859 Y76.705
G1 F4350 X105.206 Y78.358 E597.33437
G0 F9000 X105.206 Y77.736
G1 F4350 X106.237 Y76.705 E597.38772
G0 F9000 X105.614 Y76.705
G1 F4350 X105.206 Y77.114 E597.40885
G1 F4800 E587.40885
G0 F9000 X111.526 Y77.016
G1 F4800 E597.40885
G1 F4350 X111.837 Y76.705 E597.42494
G0 F9000 X111.837 Y77.327
G1 F4350 X112.459 Y76.705 E597.45713
G0 F9000 X113.081 Y76.705
G1 F4350 X112.136 Y77.65 E597.50602
G0 F9000 X112.347 Y78.062
G1 F4350 X113.704 Y76.705 E597.57623
G0 F9000 X114.326 Y76.705
G1 F4350 X112.558 Y78.473 E597.66771
G0 F9000 X112.652 Y79.002
G1 F4350 X114.948 Y76.705 E597.78653
G0 F9000 X115.57 Y76.705
G1 F4350 X112.721 Y79.555 E597.93397
G0 F9000 X112.605 Y80.293
G1 F4350 X116.193 Y76.705 E598.11961
G1 F4800 E588.11961
G0 F9000 X113.79 Y126.399
G1 F4800 E598.11961
G1 F4350 X105.206 Y134.983 E598.56375
G0 F9000 X105.206 Y135.606
G1 F4350 X113.79 Y127.021 E599.00792
G0 F9000 X113.79 Y127.644
G1 F4350 X105.206 Y136.228 E599.45206
G0 F9000 X105.206 Y136.85
G1 F4350 X113.79 Y128.266 E599.8962
G0 F9000 X113.79 Y128.888
G1 F4350 X105.206 Y137.472 E600.34035
G0 F9000 X105.206 Y138.095
G1 F4350 X113.79 Y129.51 E600.78451
G0 F9000 X113.79 Y130.133
G1 F4350 X105.206 Y138.717 E601.22865
G0 F9000 X105.206 Y139.339
G1 F4350 X113.79 Y130.755 E601.6728
G0 F9000 X113.79 Y131.377
G1 F4350 X105.206 Y139.961 E602.11694
G0 F9000 X105.206 Y140.584
G1 F4350 X113.79 Y131.999 E602.56111
G0 F9000 X113.79 Y132.622
G1 F4350 X105.206 Y141.206 E603.00525
G0 F9000 X105.206 Y141.828
G1 F4350 X113.79 Y133.244 E603.44939
G0 F9000 X113.79 Y133.866
G1 F4350 X105.206 Y142.45 E603.89353
G0 F9000 X105.206 Y143.073
G1 F4350 X113.79 Y134.488 E604.3377
G0 F9000 X113.79 Y135.111
G1 F4350 X105.206 Y143.695 E604.78184
G0 F9000 X105.206 Y144.317
G1 F4350 X113.79 Y135.733 E605.22598
G0 F9000 X113.79 Y136.355
G1 F4350 X105.206 Y144.939 E605.67012
G0 F9000 X105.206 Y145.562
G1 F4350 X113.79 Y136.977 E606.11429
G0 F9000 X113.79 Y137.6
G1 F4350 X105.206 Y146.184 E606.55843
G0 F9000 X105.206 Y146.806
G1 F4350 X113.79 Y138.222 E607.00257
G0 F9000 X113.79 Y138.844
G1 F4350 X105.206 Y147.428 E607.44671
G0 F9000 X105.206 Y148.051
G1 F4350 X113.79 Y139.466 E607.89088
G0 F9000 X113.79 Y140.089
G1 F4350 X105.206 Y148.673 E608.33502
G0 F9000 X105.206 Y149.295
G1 F4350 X113.79 Y140.711 E608.77916
G0 F9000 X113.79 Y141.333
G1 F4350 X105.206 Y149.917 E609.22331
G0 F9000 X105.206 Y150.54
G1 F4350 X113.79 Y141.955 E609.66747
G0 F9000 X113.79 Y142.578
G1 F4350 X105.206 Y151.162 E610.11162
G0 F9000 X105.206 Y151.784
G1 F4350 X113.79 Y143.2 E610.55576
G0 F9000 X113.79 Y143.822
G1 F4350 X105.206 Y152.406 E610.9999
G0 F9000 X105.206 Y153.029
G1 F4350 X113.79 Y144.444 E611.44407
G0 F9000 X113.79 Y145.067
G1 F4350 X105.206 Y153.651 E611.88821
G0 F9000 X105.206 Y154.273
G1 F4350 X113.79 Y145.689 E612.33235
G0 F9000 X113.79 Y146.311
G1 F4350 X105.206 Y154.895 E612.77649
G0 F9000 X105.206 Y155.518
G1 F4350 X113.79 Y146.933 E613.22066
G0 F9000 X113.79 Y147.556
G1 F4350 X105.206 Y156.14 E613.6648
G0 F9000 X105.206 Y156.762
G1 F4350 X113.79 Y148.178 E614.10894
G0 F9000 X113.79 Y148.8
G1 F4350 X105.206 Y157.384 E614.55308
G0 F9000 X105.206 Y158.007
G1 F4350 X113.79 Y149.422 E614.99725
G0 F9000 X113.79 Y150.045
G1 F4350 X105.206 Y158.629 E615.44139
G0 F9000 X105.206 Y159.251
G1 F4350 X113.79 Y150.667 E615.88553
G0 F9000 X113.79 Y151.289
G1 F4350 X105.206 Y159.874 E616.3297
G0 F9000 X105.206 Y160.496
G1 F4350 X113.79 Y151.911 E616.77387
G0 F9000 X113.79 Y152.534
G1 F4350 X105.206 Y161.118 E617.21801
G0 F9000 X105.206 Y161.74
G1 F4350 X113.79 Y153.156 E617.66215
G0 F9000 X113.79 Y153.778
G1 F4350 X105.206 Y162.363 E618.10632
G0 F9000 X105.206 Y162.985
G1 F4350 X113.79 Y154.401 E618.55046
G0 F9000 X113.79 Y155.023
G1 F4350 X105.206 Y163.607 E618.9946
G0 F9000 X105.206 Y164.229
G1 F4350 X113.79 Y155.645 E619.43874
G0 F9000 X113.79 Y156.267
G1 F4350 X105.206 Y164.852 E619.88291
G0 F9000 X105.206 Y165.474
G1 F4350 X113.79 Y156.89 E620.32705
G0 F9000 X113.79 Y157.512
G1 F4350 X105.206 Y166.096 E620.77119
G0 F9000 X105.206 Y166.718
G1 F4350 X113.79 Y158.134 E621.21534
G0 F9000 X113.79 Y158.756
G1 F4350 X105.206 Y167.341 E621.6595
G0 F9000 X105.206 Y167.963
G1 F4350 X113.79 Y159.379 E622.10364
G0 F9000 X113.79 Y160.001
G1 F4350 X105.206 Y168.585 E622.54779
G0 F9000 X105.206 Y169.207
G1 F4350 X113.79 Y160.623 E622.99193
G0 F9000 X113.79 Y161.245
G1 F4350 X105.206 Y169.83 E623.43609
G0 F9000 X105.206 Y170.452
G1 F4350 X113.79 Y161.868 E623.88024
G0 F9000 X113.79 Y162.49
G1 F4350 X105.206 Y171.074 E624.32438
G0 F9000 X105.206 Y171.696
G1 F4350 X113.79 Y163.112 E624.76852
G0 F9000 X113.79 Y163.734
G1 F4350 X107.676 Y169.849 E625.08489
G0 F9000 X106.935 Y170.59
G1 F4350 X105.206 Y172.319 E625.17435
G0 F9000 X105.206 Y172.941
G1 F4350 X106.384 Y171.762 E625.23532
G0 F9000 X106.267 Y172.502
G1 F4350 X105.206 Y173.563 E625.29022
G0 F9000 X105.206 Y174.185
G1 F4350 X106.353 Y173.038 E625.34957
G0 F9000 X106.457 Y173.557
G1 F4350 X105.206 Y174.808 E625.41429
G0 F9000 X105.342 Y175.293
G1 F4350 X106.667 Y173.968 E625.48285
G0 F9000 X106.878 Y174.38
G1 F4350 X105.964 Y175.293 E625.53012
G0 F9000 X106.587 Y175.293
G1 F4350 X107.185 Y174.695 E625.56106
G0 F9000 X107.496 Y175.006
G1 F4350 X107.209 Y175.293 E625.57591
G1 F4800 E615.57591
G0 F9000 X111.565 Y175.293
G1 F4800 E625.57591
G1 F4350 X113.79 Y173.068 E625.69103
G0 F9000 X113.79 Y172.446
G1 F4350 X112.398 Y173.837 E625.76303
G0 F9000 X112.658 Y172.956
G1 F4350 X113.79 Y171.824 E625.8216
G0 F9000 X113.79 Y171.201
G1 F4350 X112.702 Y172.289 E625.87789
G0 F9000 X112.594 Y171.776
G1 F4350 X113.79 Y170.579 E625.9398
G0 F9000 X113.79 Y169.957
G1 F4350 X112.462 Y171.285 E626.00851
G0 F9000 X112.252 Y170.873
G1 F4350 X113.79 Y169.335 E626.08809
G0 F9000 X113.79 Y168.712
G1 F4350 X112.007 Y170.495 E626.18034
G0 F9000 X111.696 Y170.184
G1 F4350 X113.79 Y168.09 E626.28868
G0 F9000 X113.79 Y167.468
G1 F4350 X111.38 Y169.878 E626.41338
G0 F9000 X110.969 Y169.667
G1 F4350 X113.79 Y166.846 E626.55934
G0 F9000 X113.79 Y166.223
G1 F4350 X110.556 Y169.457 E626.72667
G0 F9000 X110.037 Y169.354
G1 F4350 X113.79 Y165.601 E626.92085
G0 F9000 X113.79 Y164.979
G1 F4350 X109.5 Y169.269 E627.14282
G0 F9000 X108.761 Y169.386
G1 F4350 X113.79 Y164.357 E627.40302
G1 F4800 E617.40302
G0 F9000 X113.79 Y173.69
G1 F4800 E627.40302
G1 F4350 X112.188 Y175.293 E627.48594
G0 F9000 X112.81 Y175.293
G1 F4350 X113.79 Y174.313 E627.53664
G0 F9000 X113.79 Y174.935
G1 F4350 X113.432 Y175.293 E627.55517
G1 F4800 E617.55517
G0 F9000 X144.506 Y169.731
G1 F4800 E627.55517
G1 F4350 X145.294 Y168.943 E627.59594
G0 F9000 X145.294 Y168.321
G1 F4350 X144.506 Y169.109 E627.63671
G0 F9000 X144.506 Y168.487
G1 F4350 X145.294 Y167.698 E627.67751
G0 F9000 X145.294 Y167.076
G1 F4350 X144.506 Y167.865 E627.7183
G0 F9000 X144.506 Y167.242
G1 F4350 X145.294 Y166.454 E627.75908
G0 F9000 X145.294 Y165.832
G1 F4350 X144.506 Y166.62 E627.79985
G0 F9000 X144.506 Y165.998
G1 F4350 X145.294 Y165.209 E627.84064
G0 F9000 X145.294 Y164.587
G1 F4350 X144.506 Y165.376 E627.88144
G0 F9000 X144.506 Y164.753
G1 F4350 X145.294 Y163.965 E627.92221
G0 F9000 X145.294 Y163.343
G1 F4350 X144.506 Y164.131 E627.96299
G0 F9000 X144.506 Y163.509
G1 F4350 X145.294 Y162.72 E628.00378
G0 F9000 X145.294 Y162.098
G1 F4350 X144.506 Y162.886 E628.04455
G0 F9000 X144.506 Y162.264
G1 F4350 X145.294 Y161.476 E628.08533
G0 F9000 X145.294 Y160.854
G1 F4350 X144.506 Y161.642 E628.1261
G0 F9000 X144.506 Y161.02
G1 F4350 X145.294 Y160.231 E628.1669
G0 F9000 X145.294 Y159.609
G1 F4350 X144.506 Y160.397 E628.20767
G0 F9000 X144.506 Y159.775
G1 F4350 X145.294 Y158.987 E628.24844
G0 F9000 X145.294 Y158.365
G1 F4350 X144.506 Y159.153 E628.28921
G0 F9000 X144.507 Y158.53
G1 F4350 X145.294 Y157.742 E628.32996
G0 F9000 X145.294 Y157.12
G1 F4350 X144.507 Y157.908 E628.3707
G0 F9000 X144.507 Y157.286
G1 F4350 X145.294 Y156.498 E628.41145
G0 F9000 X145.294 Y155.876
G1 F4350 X144.507 Y156.663 E628.45217
G0 F9000 X144.507 Y156.041
G1 F4350 X145.294 Y155.253 E628.49291
G0 F9000 X145.294 Y154.631
G1 F4350 X144.507 Y155.419 E628.53366
G0 F9000 X144.507 Y154.796
G1 F4350 X145.294 Y154.009 E628.57438
G0 F9000 X145.294 Y153.387
G1 F4350 X144.507 Y154.174 E628.6151
G0 F9000 X144.507 Y153.552
G1 F4350 X145.294 Y152.764 E628.65584
G0 F9000 X145.294 Y152.142
G1 F4350 X144.507 Y152.93 E628.69659
G0 F9000 X144.507 Y152.307
G1 F4350 X145.294 Y151.52 E628.73731
G0 F9000 X145.294 Y150.898
G1 F4350 X144.507 Y151.685 E628.77803
G0 F9000 X144.507 Y151.063
G1 F4350 X145.294 Y150.275 E628.81878
G1 F4800 E618.81878
G0 F9000 X145.294 Y169.565
G1 F4800 E628.81878
G1 F4350 X144.687 Y170.173 E628.85021
G0 F9000 X144.997 Y170.484
G1 F4350 X145.294 Y170.187 E628.86557
G1 F4800 E618.86557
;MESH:NONMESH
G0 F300 X145.294 Y170.187 Z0.6
G0 F9000 X106.882 Y79.5
;TIME_ELAPSED:720.436998
;LAYER:2
M106 S170
;TYPE:WALL-INNER
;MESH:Top Carcaza.stl
G1 F4800 E628.86557
G1 X107.011 Y80.309 E628.89555
G1 X107.384 Y81.038 E628.92551
G1 X107.962 Y81.616 E628.95541
G1 X108.693 Y81.989 E628.98544
G1 X109.5 Y82.115 E629.01532
G1 X110.307 Y81.989 E629.0452
G1 X111.038 Y81.616 E629.07523
G1 X111.616 Y81.038 E629.10513
G1 X111.989 Y80.307 E629.13516
G1 X112.115 Y79.5 E629.16504
G1 X111.989 Y78.693 E629.19492
G1 X111.616 Y77.962 E629.22495
G1 X111.038 Y77.384 E629.25486
G1 X110.309 Y77.011 E629.28482
G1 X109.5 Y76.882 E629.31479
G1 X108.691 Y77.011 E629.34476
G1 X107.962 Y77.384 E629.37472
G1 X107.384 Y77.962 E629.40463
G1 X107.011 Y78.691 E629.43459
G1 X106.882 Y79.5 E629.46456
G0 F15000 X107.328 Y79.5
G1 F1440 X107.435 Y80.171 E629.48942
G1 X107.744 Y80.776 E629.51427
G1 X108.224 Y81.256 E629.53911
G1 X108.83 Y81.565 E629.56399
G1 X109.5 Y81.67 E629.58881
G1 X110.17 Y81.565 E629.61362
G1 X110.776 Y81.256 E629.63851
G1 X111.256 Y80.776 E629.66334
G1 X111.565 Y80.17 E629.68823
G1 X111.67 Y79.5 E629.71304
G1 X111.565 Y78.83 E629.73785
G1 X111.256 Y78.224 E629.76274
G1 X110.776 Y77.744 E629.78757
G1 X110.171 Y77.435 E629.81243
G1 X109.5 Y77.328 E629.83729
G1 X108.829 Y77.435 E629.86215
G1 X108.224 Y77.744 E629.887
G1 X107.744 Y78.224 E629.91184
G1 X107.435 Y78.829 E629.93669
G1 X107.328 Y79.5 E629.96155
G0 F15000 X107.774 Y79.5
;TYPE:WALL-OUTER
G1 F1080 X107.859 Y80.033 E629.9813
G1 X108.104 Y80.514 E630.00105
G1 X108.486 Y80.896 E630.02081
G1 X108.967 Y81.141 E630.04056
G1 X109.5 Y81.225 E630.0603
G1 X110.033 Y81.141 E630.08004
G1 X110.514 Y80.896 E630.09979
G1 X110.896 Y80.514 E630.11956
G1 X111.141 Y80.033 E630.13931
G1 X111.225 Y79.5 E630.15905
G1 X111.141 Y78.967 E630.17879
G1 X110.896 Y78.486 E630.19854
G1 X110.514 Y78.104 E630.2183
G1 X110.033 Y77.859 E630.23805
G1 X109.5 Y77.774 E630.2578
G1 X108.967 Y77.859 E630.27755
G1 X108.486 Y78.104 E630.2973
G1 X108.104 Y78.486 E630.31706
G1 X107.859 Y78.967 E630.33681
G1 X107.774 Y79.5 E630.35656
G0 F15000 X107.29 Y79.5
G1 F4800 E620.35656
G0 F15000 X143.463 Y127.597
;TYPE:WALL-INNER
G1 F4800 E630.35656
G1 X143.463 Y127.378 E630.36457
G1 X143.244 Y127.378 E630.36976
G1 X117.412 Y127.378 E631.31485
G1 X117.412 Y127.338 E631.31631
G1 X114.837 Y127.338 E631.41052
G1 X114.837 Y176.34 E633.20332
G1 X104.34 Y176.34 E633.58736
G1 X104.34 Y177.66 E633.63565
G1 X147.663 Y177.663 E635.22068
G1 X147.663 Y74.337 E639.00098
G1 X104.34 Y74.34 E640.586
G1 X104.34 Y75.441 E640.62628
G1 X104.34 Y75.66 E640.63429
G1 X104.559 Y75.66 E640.63948
G1 X146.122 Y75.659 E642.16011
G1 X146.341 Y75.659 E642.16812
G1 X146.341 Y75.878 E642.17331
G1 X146.341 Y176.122 E645.84085
G1 X146.341 Y176.341 E645.84886
G1 X146.122 Y176.341 E645.85405
G1 X138.21 Y176.34 E646.14352
G1 X138.21 Y149.66 E647.11964
G1 X142.14 Y149.66 E647.26342
G1 X142.14 Y170.396 E648.02207
G1 X141.838 Y170.431 E648.03319
G1 X141.224 Y170.744 E648.05841
G1 X140.744 Y171.224 E648.08324
G1 X140.435 Y171.83 E648.10813
G1 X140.33 Y172.5 E648.13294
G1 X140.435 Y173.17 E648.15775
G1 X140.744 Y173.776 E648.18264
G1 X141.224 Y174.256 E648.20748
G1 X141.829 Y174.565 E648.23233
G1 X142.5 Y174.672 E648.25719
G1 X143.171 Y174.565 E648.28205
G1 X143.776 Y174.256 E648.3069
G1 X144.256 Y173.776 E648.33174
G1 X144.565 Y173.171 E648.35659
G1 X144.672 Y172.5 E648.38145
G1 X144.565 Y171.829 E648.40631
G1 X144.256 Y171.224 E648.43117
G1 X143.775 Y170.742 E648.45608
G1 X143.46 Y170.585 E648.46896
G1 X143.463 Y127.597 E650.04172
G0 F15000 X143.023 Y127.818
;TYPE:WALL-OUTER
G1 F3600 X116.972 Y127.818 E650.99483
G1 X116.972 Y127.778 E650.99629
G1 X115.277 Y127.778 E651.05831
G1 X115.277 Y176.78 E652.8511
G1 X104.78 Y176.78 E653.23514
G1 X104.78 Y177.22 E653.25124
G1 X147.223 Y177.223 E654.80407
G1 X147.223 Y74.777 E658.55217
G1 X104.78 Y74.78 E660.105
G1 X104.78 Y75.22 E660.1211
G1 X146.781 Y75.219 E661.65775
G1 X146.781 Y176.781 E665.37351
G1 X137.77 Y176.78 E665.70319
G1 X137.77 Y149.22 E666.71151
G1 X142.58 Y149.22 E666.88749
G1 X142.58 Y170.788 E667.67658
G1 X141.967 Y170.859 E667.69915
G1 X141.486 Y171.104 E667.7189
G1 X141.104 Y171.486 E667.73867
G1 X140.859 Y171.967 E667.75842
G1 X140.775 Y172.5 E667.77816
G1 X140.859 Y173.033 E667.7979
G1 X141.104 Y173.514 E667.81765
G1 X141.486 Y173.896 E667.83741
G1 X141.967 Y174.141 E667.85716
G1 X142.5 Y174.226 E667.87691
G1 X143.033 Y174.141 E667.89666
G1 X143.514 Y173.896 E667.9164
G1 X143.896 Y173.514 E667.93617
G1 X144.141 Y173.033 E667.95592
G1 X144.226 Y172.5 E667.97567
G1 X144.141 Y171.967 E667.99541
G1 X143.896 Y171.486 E668.01516
G1 X143.514 Y171.104 E668.03493
G1 X143.02 Y170.857 E668.05513
G1 X143.023 Y127.818 E669.62976
G1 F4800 E659.62976
G0 F15000 X107.927 Y170.401
;TYPE:WALL-INNER
G1 F4800 E669.62976
G1 X107.3 Y171.124 E669.66478
G1 X107.011 Y171.692 E669.68809
G1 X106.882 Y172.5 E669.71803
G1 X107.011 Y173.309 E669.748
G1 X107.384 Y174.038 E669.77796
G1 X107.962 Y174.616 E669.80787
G1 X108.691 Y174.989 E669.83783
G1 X109.5 Y175.118 E669.8678
G1 X110.309 Y174.989 E669.89777
G1 X111.038 Y174.616 E669.92773
G1 X111.616 Y174.038 E669.95764
G1 X111.989 Y173.307 E669.98766
G1 X112.115 Y172.5 E670.01755
G1 X111.989 Y171.693 E670.04743
G1 X111.616 Y170.962 E670.07745
G1 X111.038 Y170.384 E670.10736
G1 X110.307 Y170.011 E670.13738
G1 X109.5 Y169.885 E670.16727
G1 X108.693 Y170.011 E670.19715
G1 X107.927 Y170.401 E670.2286
G0 F15000 X108.203 Y170.754
G1 F1440 X107.668 Y171.371 E670.25848
G1 X107.435 Y171.83 E670.27731
G1 X107.328 Y172.5 E670.30213
G1 X107.435 Y173.171 E670.32699
G1 X107.744 Y173.776 E670.35185
G1 X108.224 Y174.256 E670.37668
G1 X108.829 Y174.565 E670.40154
G1 X109.5 Y174.672 E670.4264
G1 X110.171 Y174.565 E670.45126
G1 X110.776 Y174.256 E670.47611
G1 X111.256 Y173.776 E670.50095
G1 X111.565 Y173.17 E670.52583
G1 X111.67 Y172.5 E670.55064
G1 X111.565 Y171.83 E670.57546
G1 X111.256 Y171.224 E670.60034
G1 X110.776 Y170.744 E670.62518
G1 X110.17 Y170.435 E670.65007
G1 X109.5 Y170.33 E670.67488
G1 X108.83 Y170.435 E670.69969
G1 X108.203 Y170.754 E670.72543
G0 F15000 X108.479 Y171.107
;TYPE:WALL-OUTER
G1 F1080 X108.036 Y171.618 E670.75017
G1 X107.859 Y171.967 E670.76449
G1 X107.774 Y172.5 E670.78423
G1 X107.859 Y173.033 E670.80398
G1 X108.104 Y173.514 E670.82373
G1 X108.486 Y173.896 E670.8435
G1 X108.967 Y174.141 E670.86324
G1 X109.5 Y174.226 E670.88299
G1 X110.033 Y174.141 E670.90274
G1 X110.514 Y173.896 E670.92249
G1 X110.896 Y173.514 E670.94225
G1 X111.141 Y173.033 E670.962
G1 X111.225 Y172.5 E670.98174
G1 X111.141 Y171.967 E671.00148
G1 X110.896 Y171.486 E671.02123
G1 X110.514 Y171.104 E671.041
G1 X110.033 Y170.859 E671.06075
G1 X109.5 Y170.775 E671.08049
G1 X108.967 Y170.859 E671.10023
G1 X108.479 Y171.107 E671.12026
G0 F15000 X108.181 Y170.726
G1 F4800 E661.12026
G0 F15000 X145.901 Y175.901
;TYPE:WALL-INNER
G1 F4800 E671.12026
G1 X145.682 Y175.901 E671.12827
G1 X138.65 Y175.9 E671.38554
G1 X138.65 Y150.1 E672.32947
G1 X141.7 Y150.1 E672.44105
G1 X141.7 Y170.008 E673.16941
G1 X140.962 Y170.384 E673.19971
G1 X140.384 Y170.962 E673.22962
G1 X140.011 Y171.693 E673.25964
G1 X139.885 Y172.5 E673.28953
G1 X140.011 Y173.307 E673.31941
G1 X140.384 Y174.038 E673.34943
G1 X140.962 Y174.616 E673.37934
G1 X141.691 Y174.989 E673.4093
G1 X142.5 Y175.118 E673.43927
G1 X143.309 Y174.989 E673.46924
G1 X144.038 Y174.616 E673.4992
G1 X144.616 Y174.038 E673.52911
G1 X144.989 Y173.309 E673.55907
G1 X145.118 Y172.5 E673.58904
G1 X144.989 Y171.691 E673.61901
G1 X144.616 Y170.962 E673.64897
G1 X144.036 Y170.38 E673.67904
G1 X143.9 Y170.312 E673.6846
G1 X143.903 Y127.157 E675.26347
G1 X143.903 Y126.938 E675.27149
G1 X143.684 Y126.938 E675.27667
G1 X117.852 Y126.938 E676.22177
G1 X117.852 Y126.898 E676.22323
G1 X114.397 Y126.898 E676.34963
G1 X114.397 Y175.9 E678.14243
G1 X104.6 Y175.9 E678.50086
G1 X104.6 Y76.1 E682.15216
G1 X145.682 Y76.099 E683.65519
G1 X145.901 Y76.099 E683.66321
G1 X145.901 Y76.318 E683.66839
G1 X145.901 Y175.682 E687.30374
G1 X145.901 Y175.901 E687.30892
G1 F4800 E677.30892
G0 F15000 X147.84 Y177.84
G1 F4800 E687.30892
G1 X147.663 Y177.84 E687.31374
G1 X104.34 Y177.84 E687.95822
G1 X104.16 Y177.84 E687.96314
G1 X104.16 Y177.66 E687.96806
G1 X104.16 Y176.34 E687.98786
G1 X104.16 Y75.66 E691.67135
G1 X104.16 Y74.34 E691.71965
G1 X104.16 Y74.16 E691.72457
G1 X104.34 Y74.16 E691.72949
G1 X147.663 Y74.16 E692.37397
G1 X147.84 Y74.16 E692.37878
G1 X147.84 Y74.337 E692.38359
G1 X147.84 Y177.663 E693.90777
G1 X147.84 Y177.84 E693.91258
G0 F15000 X148.28 Y178.28
;TYPE:WALL-OUTER
G1 F3600 X103.72 Y178.28 E695.54286
G1 X103.72 Y73.72 E699.36831
G1 X148.28 Y73.72 E700.99858
G1 X148.28 Y178.28 E704.82403
G1 F4800 E694.82403
G0 F15000 X145.471 Y175.471
;TYPE:SKIN
G1 F4800 E704.82403
G1 F2250 X143.021 Y175.471 E704.91367
G1 X143.444 Y175.403 E704.92934
G1 X144.294 Y174.968 E704.96428
G1 X144.968 Y174.294 E704.99915
G1 X145.403 Y173.444 E705.03408
G1 X145.471 Y173.019 E705.04983
G1 X145.471 Y175.471 E705.13954
G1 F4800 E695.13954
G0 F15000 X145.471 Y171.981
G1 F4800 E705.13954
G1 F7500 X145.403 Y171.556 E705.15529
G1 X144.968 Y170.706 E705.19022
G1 X144.33 Y170.065 E705.22331
G1 X144.333 Y126.508 E706.81689
G1 X118.282 Y126.508 E707.77
G1 X118.282 Y126.468 E707.77146
G1 X113.967 Y126.468 E707.92933
G1 X113.967 Y175.47 E709.72212
G1 X110.025 Y175.47 E709.86635
G1 X110.444 Y175.403 E709.88187
G1 X111.294 Y174.968 E709.91681
G1 X111.968 Y174.294 E709.95168
G1 X112.403 Y173.442 E709.98668
G1 X112.551 Y172.5 E710.02157
G1 X112.403 Y171.558 E710.05645
G1 X111.968 Y170.706 E710.09145
G1 X111.294 Y170.032 E710.12632
G1 X110.442 Y169.597 E710.16132
G1 X109.5 Y169.449 E710.19621
G1 X108.559 Y169.597 E710.23106
G1 X107.657 Y170.055 E710.26807
G1 X106.941 Y170.882 E710.30809
G1 X106.597 Y171.557 E710.33581
G1 X106.446 Y172.5 E710.37075
G1 X106.597 Y173.444 E710.40573
G1 X107.032 Y174.294 E710.44066
G1 X107.706 Y174.968 E710.47554
G1 X108.556 Y175.403 E710.51047
G1 X108.975 Y175.47 E710.52599
G1 X105.03 Y175.47 E710.67033
G1 X105.03 Y76.53 E714.29016
G1 X108.975 Y76.53 E714.43449
G1 X108.556 Y76.597 E714.45002
G1 X107.706 Y77.032 E714.48495
G1 X107.032 Y77.706 E714.51982
G1 X106.597 Y78.556 E714.55476
G1 X106.446 Y79.5 E714.58973
G1 X106.597 Y80.444 E714.62471
G1 X107.032 Y81.294 E714.65964
G1 X107.706 Y81.968 E714.69452
G1 X108.558 Y82.403 E714.72952
G1 X109.5 Y82.551 E714.7644
G1 X110.442 Y82.403 E714.79929
G1 X111.294 Y81.968 E714.83429
G1 X111.968 Y81.294 E714.86916
G1 X112.403 Y80.442 E714.90416
G1 X112.551 Y79.5 E714.93905
G1 X112.403 Y78.558 E714.97394
G1 X111.968 Y77.706 E715.00893
G1 X111.294 Y77.032 E715.04381
G1 X110.444 Y76.597 E715.07874
G1 X110.024 Y76.53 E715.0943
G1 X145.471 Y76.529 E716.39117
G1 X145.471 Y171.981 E719.88339
G1 F4800 E709.88339
G0 F15000 X141.978 Y175.47
G1 F4800 E719.88339
G1 F7500 X139.08 Y175.47 E719.98942
G1 X139.08 Y150.53 E720.90188
G1 X141.27 Y150.53 E720.982
G1 X141.27 Y169.745 E721.685
G1 X140.706 Y170.032 E721.70816
G1 X140.032 Y170.706 E721.74303
G1 X139.597 Y171.558 E721.77803
G1 X139.449 Y172.5 E721.81292
G1 X139.597 Y173.442 E721.8478
G1 X140.032 Y174.294 E721.8828
G1 X140.706 Y174.968 E721.91768
G1 X141.556 Y175.403 E721.95261
G1 X141.978 Y175.47 E721.96824
G1 F4800 E711.96824
G0 F15000 X105.6 Y175.293
G1 F4800 E721.96824
G1 F7500 X105.205 Y174.897 E721.98871
G0 F15000 X105.205 Y174.275
G1 F7500 X106.222 Y175.293 E722.04135
G0 F15000 X106.845 Y175.293
G1 F7500 X105.205 Y173.653 E722.12621
G0 F15000 X105.205 Y173.031
G1 F7500 X107.467 Y175.293 E722.24324
G1 F4800 E712.24324
G0 F15000 X106.566 Y173.77
G1 F4800 E722.24324
G1 F7500 X105.205 Y172.408 E722.31369
G0 F15000 X105.205 Y171.786
G1 F7500 X106.334 Y172.915 E722.3721
G0 F15000 X106.305 Y172.264
G1 F7500 X105.205 Y171.164 E722.42902
G0 F15000 X105.205 Y170.542
G1 F7500 X106.391 Y171.727 E722.49036
G0 F15000 X106.548 Y171.263
G1 F7500 X105.205 Y169.919 E722.55987
G0 F15000 X105.205 Y169.297
G1 F7500 X106.758 Y170.85 E722.64022
G0 F15000 X107.034 Y170.503
G1 F7500 X105.205 Y168.675 E722.73483
G0 F15000 X105.205 Y168.053
G1 F7500 X107.323 Y170.17 E722.84439
G0 F15000 X107.639 Y169.864
G1 F7500 X105.205 Y167.43 E722.97033
G0 F15000 X105.205 Y166.808
G1 F7500 X108.051 Y169.654 E723.11758
G0 F15000 X108.464 Y169.445
G1 F7500 X105.205 Y166.186 E723.28621
G0 F15000 X105.205 Y165.564
G1 F7500 X108.99 Y169.349 E723.48204
G0 F15000 X109.538 Y169.274
G1 F7500 X105.205 Y164.941 E723.70624
G0 F15000 X105.205 Y164.319
G1 F7500 X110.277 Y169.391 E723.96866
G0 F15000 X111.389 Y169.881
G1 F7500 X105.205 Y163.697 E724.28863
G0 F15000 X105.205 Y163.075
G1 F7500 X113.791 Y171.66 E724.73285
G0 F15000 X113.791 Y171.038
G1 F7500 X105.205 Y162.452 E725.17709
G0 F15000 X105.205 Y161.83
G1 F7500 X113.791 Y170.416 E725.62134
G0 F15000 X113.791 Y169.794
G1 F7500 X105.205 Y161.208 E726.06558
G0 F15000 X105.205 Y160.586
G1 F7500 X113.791 Y169.171 E726.5098
G0 F15000 X113.791 Y168.549
G1 F7500 X105.205 Y159.963 E726.95405
G0 F15000 X105.205 Y159.341
G1 F7500 X113.791 Y167.927 E727.39829
G0 F15000 X113.791 Y167.304
G1 F7500 X105.205 Y158.719 E727.84251
G0 F15000 X105.205 Y158.097
G1 F7500 X113.791 Y166.682 E728.28673
G0 F15000 X113.791 Y166.06
G1 F7500 X105.205 Y157.474 E728.73098
G0 F15000 X105.205 Y156.852
G1 F7500 X113.791 Y165.438 E729.17522
G0 F15000 X113.791 Y164.815
G1 F7500 X105.205 Y156.23 E729.61944
G0 F15000 X105.205 Y155.608
G1 F7500 X113.791 Y164.193 E730.06366
G0 F15000 X113.791 Y163.571
G1 F7500 X105.205 Y154.985 E730.5079
G0 F15000 X105.205 Y154.363
G1 F7500 X113.791 Y162.949 E730.95215
G0 F15000 X113.791 Y162.326
G1 F7500 X105.205 Y153.741 E731.39637
G0 F15000 X105.205 Y153.119
G1 F7500 X113.791 Y161.704 E731.84059
G0 F15000 X113.791 Y161.082
G1 F7500 X105.205 Y152.496 E732.28483
G0 F15000 X105.205 Y151.874
G1 F7500 X113.791 Y160.46 E732.72908
G0 F15000 X113.791 Y159.837
G1 F7500 X105.205 Y151.252 E733.1733
G0 F15000 X105.205 Y150.63
G1 F7500 X113.791 Y159.215 E733.61752
G0 F15000 X113.791 Y158.593
G1 F7500 X105.205 Y150.007 E734.06176
G0 F15000 X105.205 Y149.385
G1 F7500 X113.791 Y157.971 E734.50601
G0 F15000 X113.791 Y157.348
G1 F7500 X105.205 Y148.763 E734.95022
G0 F15000 X105.205 Y148.14
G1 F7500 X113.791 Y156.726 E735.39447
G0 F15000 X113.791 Y156.104
G1 F7500 X105.205 Y147.518 E735.83871
G0 F15000 X105.205 Y146.896
G1 F7500 X113.791 Y155.482 E736.28296
G0 F15000 X113.791 Y154.859
G1 F7500 X105.205 Y146.274 E736.72718
G0 F15000 X105.205 Y145.651
G1 F7500 X113.791 Y154.237 E737.17142
G0 F15000 X113.791 Y153.615
G1 F7500 X105.205 Y145.029 E737.61567
G0 F15000 X105.205 Y144.407
G1 F7500 X113.791 Y152.993 E738.05991
G0 F15000 X113.791 Y152.37
G1 F7500 X105.205 Y143.785 E738.50413
G0 F15000 X105.205 Y143.162
G1 F7500 X113.791 Y151.748 E738.94838
G0 F15000 X113.791 Y151.126
G1 F7500 X105.205 Y142.54 E739.39262
G0 F15000 X105.205 Y141.918
G1 F7500 X113.791 Y150.504 E739.83687
G0 F15000 X113.791 Y149.881
G1 F7500 X105.205 Y141.296 E740.28109
G0 F15000 X105.205 Y140.673
G1 F7500 X113.791 Y149.259 E740.72533
G0 F15000 X113.791 Y148.637
G1 F7500 X105.205 Y140.051 E741.16958
G0 F15000 X105.205 Y139.429
G1 F7500 X113.791 Y148.015 E741.61382
G0 F15000 X113.791 Y147.392
G1 F7500 X105.205 Y138.807 E742.05804
G0 F15000 X105.205 Y138.184
G1 F7500 X113.791 Y146.77 E742.50229
G0 F15000 X113.791 Y146.148
G1 F7500 X105.205 Y137.562 E742.94653
G0 F15000 X105.205 Y136.94
G1 F7500 X113.791 Y145.526 E743.39078
G0 F15000 X113.791 Y144.903
G1 F7500 X105.205 Y136.318 E743.835
G0 F15000 X105.205 Y135.695
G1 F7500 X113.791 Y144.281 E744.27924
G0 F15000 X113.791 Y143.659
G1 F7500 X105.205 Y135.073 E744.72349
G0 F15000 X105.205 Y134.451
G1 F7500 X113.791 Y143.037 E745.16773
G0 F15000 X113.791 Y142.414
G1 F7500 X105.205 Y133.829 E745.61195
G0 F15000 X105.205 Y133.206
G1 F7500 X113.791 Y141.792 E746.0562
G0 F15000 X113.791 Y141.17
G1 F7500 X105.205 Y132.584 E746.50044
G0 F15000 X105.205 Y131.962
G1 F7500 X113.791 Y140.548 E746.94469
G0 F15000 X113.791 Y139.925
G1 F7500 X105.205 Y131.34 E747.3889
G0 F15000 X105.205 Y130.717
G1 F7500 X113.791 Y139.303 E747.83315
G0 F15000 X113.791 Y138.681
G1 F7500 X105.205 Y130.095 E748.27739
G0 F15000 X105.205 Y129.473
G1 F7500 X113.791 Y138.059 E748.72164
G0 F15000 X113.791 Y137.436
G1 F7500 X105.205 Y128.851 E749.16586
G0 F15000 X105.205 Y128.228
G1 F7500 X113.791 Y136.814 E749.6101
G0 F15000 X113.791 Y136.192
G1 F7500 X105.205 Y127.606 E750.05435
G0 F15000 X105.205 Y126.984
G1 F7500 X113.791 Y135.57 E750.49859
G0 F15000 X113.791 Y134.947
G1 F7500 X105.205 Y126.362 E750.94281
G0 F15000 X105.205 Y125.739
G1 F7500 X113.791 Y134.325 E751.38706
G0 F15000 X113.791 Y133.703
G1 F7500 X105.205 Y125.117 E751.8313
G0 F15000 X105.205 Y124.495
G1 F7500 X113.791 Y133.081 E752.27555
G0 F15000 X113.791 Y132.458
G1 F7500 X105.205 Y123.873 E752.71977
G0 F15000 X105.205 Y123.25
G1 F7500 X113.791 Y131.836 E753.16401
G0 F15000 X113.791 Y131.214
G1 F7500 X105.205 Y122.628 E753.60826
G0 F15000 X105.205 Y122.006
G1 F7500 X113.791 Y130.592 E754.0525
G0 F15000 X113.791 Y129.969
G1 F7500 X105.205 Y121.384 E754.49672
G0 F15000 X105.205 Y120.761
G1 F7500 X113.791 Y129.347 E754.94097
G0 F15000 X113.791 Y128.725
G1 F7500 X105.205 Y120.139 E755.38521
G0 F15000 X105.205 Y119.517
G1 F7500 X113.791 Y128.103 E755.82946
G0 F15000 X113.791 Y127.48
G1 F7500 X105.205 Y118.895 E756.27368
G0 F15000 X105.205 Y118.272
G1 F7500 X113.791 Y126.858 E756.71792
G0 F15000 X113.846 Y126.291
G1 F7500 X105.205 Y117.65 E757.16501
G0 F15000 X105.205 Y117.028
G1 F7500 X114.468 Y126.291 E757.64428
G0 F15000 X115.09 Y126.291
G1 F7500 X105.205 Y116.406 E758.15574
G0 F15000 X105.205 Y115.783
G1 F7500 X115.713 Y126.291 E758.69943
G0 F15000 X116.335 Y126.291
G1 F7500 X105.205 Y115.161 E759.2753
G0 F15000 X105.205 Y114.539
G1 F7500 X116.957 Y126.291 E759.88336
G0 F15000 X117.579 Y126.291
G1 F7500 X105.205 Y113.917 E760.5236
G0 F15000 X105.205 Y113.294
G1 F7500 X118.202 Y126.291 E761.19607
G0 F15000 X118.863 Y126.33
G1 F7500 X105.205 Y112.672 E761.90275
G0 F15000 X105.205 Y112.05
G1 F7500 X119.486 Y126.33 E762.64163
G0 F15000 X120.108 Y126.33
G1 F7500 X105.205 Y111.428 E763.41269
G0 F15000 X105.205 Y110.805
G1 F7500 X120.73 Y126.33 E764.21597
G0 F15000 X121.352 Y126.33
G1 F7500 X105.205 Y110.183 E765.05142
G0 F15000 X105.205 Y109.561
G1 F7500 X121.975 Y126.33 E765.91909
G0 F15000 X122.597 Y126.33
G1 F7500 X105.205 Y108.938 E766.81896
G0 F15000 X105.205 Y108.316
G1 F7500 X123.219 Y126.33 E767.75101
G0 F15000 X123.841 Y126.33
G1 F7500 X105.205 Y107.694 E768.71525
G0 F15000 X105.205 Y107.072
G1 F7500 X124.464 Y126.33 E769.7117
G0 F15000 X125.086 Y126.33
G1 F7500 X105.205 Y106.449 E770.74035
G0 F15000 X105.205 Y105.827
G1 F7500 X125.708 Y126.33 E771.80119
G0 F15000 X126.33 Y126.33
G1 F7500 X105.205 Y105.205 E772.89421
G0 F15000 X105.205 Y104.583
G1 F7500 X126.953 Y126.33 E774.01944
G0 F15000 X127.575 Y126.33
G1 F7500 X105.205 Y103.96 E775.17688
G0 F15000 X105.205 Y103.338
G1 F7500 X128.197 Y126.33 E776.3665
G0 F15000 X128.82 Y126.33
G1 F7500 X105.205 Y102.716 E777.58833
G0 F15000 X105.205 Y102.094
G1 F7500 X129.442 Y126.33 E778.84234
G0 F15000 X130.064 Y126.33
G1 F7500 X105.205 Y101.471 E780.12856
G0 F15000 X105.205 Y100.849
G1 F7500 X130.686 Y126.33 E781.44697
G0 F15000 X131.309 Y126.33
G1 F7500 X105.205 Y100.227 E782.79758
G0 F15000 X105.205 Y99.605
G1 F7500 X131.931 Y126.33 E784.18037
G0 F15000 X132.553 Y126.33
G1 F7500 X105.205 Y98.982 E785.59537
G0 F15000 X105.205 Y98.36
G1 F7500 X133.175 Y126.33 E787.04256
G0 F15000 X133.798 Y126.33
G1 F7500 X105.205 Y97.738 E788.52195
G0 F15000 X105.205 Y97.116
G1 F7500 X134.42 Y126.33 E790.03353
G0 F15000 X135.042 Y126.33
G1 F7500 X105.205 Y96.493 E791.57731
G0 F15000 X105.205 Y95.871
G1 F7500 X135.664 Y126.33 E793.15328
G0 F15000 X136.287 Y126.33
G1 F7500 X105.205 Y95.249 E794.76146
G0 F15000 X105.205 Y94.627
G1 F7500 X136.909 Y126.33 E796.40182
G0 F15000 X137.531 Y126.33
G1 F7500 X105.205 Y94.004 E798.07439
G0 F15000 X105.205 Y93.382
G1 F7500 X138.153 Y126.33 E799.77914
G0 F15000 X138.776 Y126.33
G1 F7500 X105.205 Y92.76 E801.51609
G0 F15000 X105.205 Y92.138
G1 F7500 X139.398 Y126.33 E803.28524
G0 F15000 X140.02 Y126.33
G1 F7500 X105.205 Y91.515 E805.08659
G0 F15000 X105.205 Y90.893
G1 F7500 X140.642 Y126.33 E806.92012
G0 F15000 X141.265 Y126.33
G1 F7500 X105.205 Y90.271 E808.78586
G0 F15000 X105.205 Y89.649
G1 F7500 X141.887 Y126.33 E810.68378
G0 F15000 X142.509 Y126.33
G1 F7500 X105.205 Y89.026 E812.61392
G0 F15000 X105.205 Y88.404
G1 F7500 X143.131 Y126.33 E814.57623
G0 F15000 X143.754 Y126.33
G1 F7500 X105.205 Y87.782 E816.57075
G0 F15000 X105.205 Y87.16
G1 F7500 X144.376 Y126.33 E818.59746
G0 F15000 X144.507 Y126.462
G1 F7500 X145.294 Y127.249 E818.63818
G0 F15000 X145.294 Y126.627
G1 F7500 X105.205 Y86.537 E820.71244
G0 F15000 X105.205 Y85.915
G1 F7500 X145.294 Y126.005 E822.78669
G0 F15000 X145.294 Y125.382
G1 F7500 X105.205 Y85.293 E824.86092
G0 F15000 X105.205 Y84.671
G1 F7500 X145.294 Y124.76 E826.93515
G0 F15000 X145.294 Y124.138
G1 F7500 X105.205 Y84.048 E829.00941
G0 F15000 X105.205 Y83.426
G1 F7500 X145.294 Y123.515 E831.08364
G0 F15000 X145.294 Y122.893
G1 F7500 X105.205 Y82.804 E833.15787
G0 F15000 X105.205 Y82.182
G1 F7500 X145.294 Y122.271 E835.2321
G0 F15000 X145.294 Y121.649
G1 F7500 X105.205 Y81.559 E837.30635
G0 F15000 X105.205 Y80.937
G1 F7500 X145.294 Y121.026 E839.38058
G0 F15000 X145.294 Y120.404
G1 F7500 X105.205 Y80.315 E841.45481
G0 F15000 X105.205 Y79.693
G1 F7500 X106.862 Y81.35 E841.54055
G0 F15000 X107.649 Y82.137
G1 F7500 X145.294 Y119.782 E843.48832
G0 F15000 X145.294 Y119.16
G1 F7500 X108.746 Y82.611 E845.37937
G0 F15000 X109.484 Y82.727
G1 F7500 X145.294 Y118.537 E847.2322
G0 F15000 X145.294 Y117.915
G1 F7500 X110.026 Y82.647 E849.05699
G0 F15000 X110.548 Y82.546
G1 F7500 X145.294 Y117.293 E850.85479
G0 F15000 X145.294 Y116.671
G1 F7500 X110.959 Y82.336 E852.63131
G0 F15000 X111.371 Y82.125
G1 F7500 X145.294 Y116.048 E854.3865
G0 F15000 X145.294 Y115.426
G1 F7500 X111.688 Y81.82 E856.1253
G0 F15000 X112 Y81.509
G1 F7500 X145.294 Y114.804 E857.84798
G0 F15000 X145.294 Y114.182
G1 F7500 X112.246 Y81.133 E859.55793
G0 F15000 X112.456 Y80.721
G1 F7500 X145.294 Y113.559 E861.25699
G0 F15000 X145.294 Y112.937
G1 F7500 X112.61 Y80.253 E862.94808
G0 F15000 X112.695 Y79.715
G1 F7500 X145.294 Y112.315 E864.6348
G0 F15000 X145.294 Y111.693
G1 F7500 X112.659 Y79.058 E866.32335
G0 F15000 X112.41 Y78.186
G1 F7500 X145.294 Y111.07 E868.02479
G0 F15000 X145.294 Y110.448
G1 F7500 X111.552 Y76.706 E869.77062
G0 F15000 X112.174 Y76.706
G1 F7500 X145.294 Y109.826 E871.48427
G0 F15000 X145.294 Y109.204
G1 F7500 X112.796 Y76.706 E873.16574
G0 F15000 X113.419 Y76.706
G1 F7500 X145.294 Y108.581 E874.81497
G0 F15000 X145.294 Y107.959
G1 F7500 X114.041 Y76.706 E876.43202
G0 F15000 X114.663 Y76.706
G1 F7500 X145.294 Y107.337 E878.01689
G0 F15000 X145.294 Y106.715
G1 F7500 X115.285 Y76.706 E879.56957
G0 F15000 X115.908 Y76.706
G1 F7500 X145.294 Y106.092 E881.09002
G0 F15000 X145.294 Y105.47
G1 F7500 X116.53 Y76.706 E882.57829
G0 F15000 X117.152 Y76.706
G1 F7500 X145.294 Y104.848 E884.03438
G0 F15000 X145.294 Y104.226
G1 F7500 X117.774 Y76.706 E885.45828
G0 F15000 X118.397 Y76.706
G1 F7500 X145.294 Y103.603 E886.84994
G0 F15000 X145.294 Y102.981
G1 F7500 X119.019 Y76.706 E888.20943
G0 F15000 X119.641 Y76.706
G1 F7500 X145.294 Y102.359 E889.53673
G0 F15000 X145.294 Y101.737
G1 F7500 X120.264 Y76.706 E890.83183
G0 F15000 X120.886 Y76.706
G1 F7500 X145.294 Y101.114 E892.09471
G0 F15000 X145.294 Y100.492
G1 F7500 X121.508 Y76.706 E893.32541
G0 F15000 X122.13 Y76.706
G1 F7500 X145.294 Y99.87 E894.52393
G0 F15000 X145.294 Y99.248
G1 F7500 X122.753 Y76.706 E895.69025
G0 F15000 X123.375 Y76.706
G1 F7500 X145.294 Y98.625 E896.82435
G0 F15000 X145.294 Y98.003
G1 F7500 X123.997 Y76.706 E897.92627
G0 F15000 X124.619 Y76.706
G1 F7500 X145.294 Y97.381 E898.99601
G0 F15000 X145.294 Y96.759
G1 F7500 X125.242 Y76.706 E900.03353
G0 F15000 X125.864 Y76.706
G1 F7500 X145.294 Y96.136 E901.03885
G0 F15000 X145.294 Y95.514
G1 F7500 X126.486 Y76.706 E902.01199
G0 F15000 X127.108 Y76.706
G1 F7500 X145.294 Y94.892 E902.95295
G0 F15000 X145.294 Y94.27
G1 F7500 X127.731 Y76.706 E903.86169
G0 F15000 X128.352 Y76.705
G1 F7500 X145.294 Y93.647 E904.73828
G0 F15000 X145.294 Y93.025
G1 F7500 X128.974 Y76.705 E905.58269
G0 F15000 X129.597 Y76.705
G1 F7500 X145.294 Y92.403 E906.39489
G0 F15000 X145.294 Y91.781
G1 F7500 X130.219 Y76.705 E907.17491
G0 F15000 X130.841 Y76.705
G1 F7500 X145.294 Y91.158 E907.92271
G0 F15000 X145.294 Y90.536
G1 F7500 X131.463 Y76.705 E908.63834
G0 F15000 X132.086 Y76.705
G1 F7500 X145.294 Y89.914 E909.32175
G0 F15000 X145.294 Y89.292
G1 F7500 X132.708 Y76.705 E909.97299
G0 F15000 X133.33 Y76.705
G1 F7500 X145.294 Y88.669 E910.59201
G0 F15000 X145.294 Y88.047
G1 F7500 X133.952 Y76.705 E911.17885
G0 F15000 X134.575 Y76.705
G1 F7500 X145.294 Y87.425 E911.73349
G0 F15000 X145.294 Y86.803
G1 F7500 X135.197 Y76.705 E912.25594
G0 F15000 X135.819 Y76.705
G1 F7500 X145.294 Y86.18 E912.74618
G0 F15000 X145.294 Y85.558
G1 F7500 X136.441 Y76.705 E913.20424
G0 F15000 X137.064 Y76.705
G1 F7500 X145.294 Y84.936 E913.63009
G0 F15000 X145.294 Y84.313
G1 F7500 X137.686 Y76.705 E914.02373
G0 F15000 X138.308 Y76.705
G1 F7500 X145.294 Y83.691 E914.38519
G0 F15000 X145.294 Y83.069
G1 F7500 X138.93 Y76.705 E914.71447
G0 F15000 X139.553 Y76.705
G1 F7500 X145.294 Y82.447 E915.01154
G0 F15000 X145.294 Y81.824
G1 F7500 X140.175 Y76.705 E915.2764
G0 F15000 X140.797 Y76.705
G1 F7500 X145.294 Y81.202 E915.50908
G0 F15000 X145.294 Y80.58
G1 F7500 X141.419 Y76.705 E915.70957
G0 F15000 X142.042 Y76.705
G1 F7500 X145.294 Y79.958 E915.87786
G0 F15000 X145.294 Y79.335
G1 F7500 X142.664 Y76.705 E916.01394
G0 F15000 X143.286 Y76.705
G1 F7500 X145.294 Y78.713 E916.11783
G0 F15000 X145.294 Y78.091
G1 F7500 X143.908 Y76.705 E916.18955
G0 F15000 X144.531 Y76.705
G1 F7500 X145.294 Y77.469 E916.22905
G0 F15000 X145.294 Y76.846
G1 F7500 X145.153 Y76.705 E916.23634
G1 F4800 E906.23634
G0 F15000 X107.489 Y76.998
G1 F4800 E916.23634
G1 F7500 X107.196 Y76.706 E916.25148
G0 F15000 X107.178 Y77.31
G1 F7500 X106.574 Y76.706 E916.28273
G0 F15000 X105.952 Y76.706
G1 F7500 X106.874 Y77.628 E916.33044
G0 F15000 X106.663 Y78.039
G1 F7500 X105.329 Y76.706 E916.39943
G0 F15000 X105.205 Y77.204
G1 F7500 X106.452 Y78.451 E916.46395
G0 F15000 X106.351 Y78.972
G1 F7500 X105.205 Y77.826 E916.52325
G0 F15000 X105.205 Y78.448
G1 F7500 X106.268 Y79.512 E916.57827
G0 F15000 X106.387 Y80.252
G1 F7500 X105.205 Y79.07 E916.63943
G1 F4800 E906.63943
G0 F15000 X144.507 Y127.084
G1 F4800 E916.63943
G1 F7500 X145.294 Y127.871 E916.68015
G0 F15000 X145.294 Y128.494
G1 F7500 X144.507 Y127.707 E916.72087
G0 F15000 X144.507 Y128.329
G1 F7500 X145.294 Y129.116 E916.76159
G0 F15000 X145.294 Y129.738
G1 F7500 X144.507 Y128.951 E916.80231
G0 F15000 X144.507 Y129.573
G1 F7500 X145.294 Y130.36 E916.84303
G0 F15000 X145.294 Y130.983
G1 F7500 X144.507 Y130.196 E916.88375
G0 F15000 X144.507 Y130.818
G1 F7500 X145.294 Y131.605 E916.92447
G0 F15000 X145.294 Y132.227
G1 F7500 X144.507 Y131.44 E916.96519
G0 F15000 X144.507 Y132.062
G1 F7500 X145.294 Y132.849 E917.00591
G0 F15000 X145.294 Y133.472
G1 F7500 X144.507 Y132.685 E917.04663
G0 F15000 X144.507 Y133.307
G1 F7500 X145.294 Y134.094 E917.08735
G0 F15000 X145.294 Y134.716
G1 F7500 X144.507 Y133.929 E917.12807
G0 F15000 X144.507 Y134.551
G1 F7500 X145.294 Y135.338 E917.16879
G0 F15000 X145.294 Y135.961
G1 F7500 X144.507 Y135.174 E917.20951
G0 F15000 X144.507 Y135.796
G1 F7500 X145.294 Y136.583 E917.25023
G0 F15000 X145.294 Y137.205
G1 F7500 X144.507 Y136.418 E917.29095
G0 F15000 X144.507 Y137.04
G1 F7500 X145.294 Y137.827 E917.33167
G0 F15000 X145.294 Y138.45
G1 F7500 X144.507 Y137.662 E917.37241
G0 F15000 X144.507 Y138.284
G1 F7500 X145.294 Y139.072 E917.41316
G0 F15000 X145.294 Y139.694
G1 F7500 X144.507 Y138.906 E917.45391
G0 F15000 X144.507 Y139.529
G1 F7500 X145.294 Y140.316 E917.49463
G0 F15000 X145.294 Y140.939
G1 F7500 X144.507 Y140.151 E917.53537
G0 F15000 X144.507 Y140.773
G1 F7500 X145.294 Y141.561 E917.57612
G0 F15000 X145.294 Y142.183
G1 F7500 X144.507 Y141.395 E917.61686
G0 F15000 X144.507 Y142.018
G1 F7500 X145.294 Y142.805 E917.65758
G0 F15000 X145.294 Y143.428
G1 F7500 X144.507 Y142.64 E917.69833
G0 F15000 X144.507 Y143.262
G1 F7500 X145.294 Y144.05 E917.73907
G0 F15000 X145.294 Y144.672
G1 F7500 X144.507 Y143.884 E917.77982
G0 F15000 X144.507 Y144.507
G1 F7500 X145.294 Y145.294 E917.82054
G0 F15000 X145.294 Y145.917
G1 F7500 X144.507 Y145.129 E917.86129
G0 F15000 X144.507 Y145.751
G1 F7500 X145.294 Y146.539 E917.90203
G0 F15000 X145.294 Y147.161
G1 F7500 X144.507 Y146.373 E917.94278
G0 F15000 X144.507 Y146.996
G1 F7500 X145.294 Y147.783 E917.9835
G0 F15000 X145.294 Y148.406
G1 F7500 X144.507 Y147.618 E918.02424
G0 F15000 X144.506 Y148.239
G1 F7500 X145.294 Y149.028 E918.06504
G0 F15000 X145.294 Y149.65
G1 F7500 X144.506 Y148.862 E918.10581
G0 F15000 X144.506 Y149.484
G1 F7500 X145.294 Y150.272 E918.14658
G0 F15000 X145.294 Y150.895
G1 F7500 X144.506 Y150.106 E918.18738
G0 F15000 X144.506 Y150.729
G1 F7500 X145.294 Y151.517 E918.22815
G0 F15000 X145.294 Y152.139
G1 F7500 X144.506 Y151.351 E918.26892
G0 F15000 X144.506 Y151.973
G1 F7500 X145.294 Y152.761 E918.3097
G0 F15000 X145.294 Y153.384
G1 F7500 X144.506 Y152.595 E918.35049
G0 F15000 X144.506 Y153.218
G1 F7500 X145.294 Y154.006 E918.39126
G0 F15000 X145.294 Y154.628
G1 F7500 X144.506 Y153.84 E918.43204
G0 F15000 X144.506 Y154.462
G1 F7500 X145.294 Y155.25 E918.47281
G0 F15000 X145.294 Y155.873
G1 F7500 X144.506 Y155.084 E918.51361
G0 F15000 X144.506 Y155.707
G1 F7500 X145.294 Y156.495 E918.55438
G0 F15000 X145.294 Y157.117
G1 F7500 X144.506 Y156.329 E918.59515
G0 F15000 X144.506 Y156.951
G1 F7500 X145.294 Y157.739 E918.63592
G0 F15000 X145.294 Y158.362
G1 F7500 X144.506 Y157.573 E918.67672
G0 F15000 X144.506 Y158.196
G1 F7500 X145.294 Y158.984 E918.71749
G0 F15000 X145.294 Y159.606
G1 F7500 X144.506 Y158.818 E918.75826
G0 F15000 X144.505 Y159.439
G1 F7500 X145.294 Y160.228 E918.79908
G0 F15000 X145.294 Y160.851
G1 F7500 X144.505 Y160.062 E918.83991
G0 F15000 X144.505 Y160.684
G1 F7500 X145.294 Y161.473 E918.88073
G0 F15000 X145.294 Y162.095
G1 F7500 X144.505 Y161.306 E918.92155
G0 F15000 X144.505 Y161.928
G1 F7500 X145.294 Y162.717 E918.96238
G0 F15000 X145.294 Y163.34
G1 F7500 X144.505 Y162.551 E919.0032
G0 F15000 X144.505 Y163.173
G1 F7500 X145.294 Y163.962 E919.04402
G0 F15000 X145.294 Y164.584
G1 F7500 X144.505 Y163.795 E919.08485
G0 F15000 X144.505 Y164.417
G1 F7500 X145.294 Y165.207 E919.1257
G0 F15000 X145.294 Y165.829
G1 F7500 X144.505 Y165.04 E919.16652
G0 F15000 X144.505 Y165.662
G1 F7500 X145.294 Y166.451 E919.20734
G0 F15000 X145.294 Y167.073
G1 F7500 X144.505 Y166.284 E919.24817
G0 F15000 X144.505 Y166.906
G1 F7500 X145.294 Y167.696 E919.28902
G0 F15000 X145.294 Y168.318
G1 F7500 X144.505 Y167.529 E919.32984
G0 F15000 X144.505 Y168.151
G1 F7500 X145.294 Y168.94 E919.37066
G0 F15000 X145.294 Y169.562
G1 F7500 X144.505 Y168.773 E919.41149
G0 F15000 X144.505 Y169.395
G1 F7500 X145.294 Y170.185 E919.45234
G0 F15000 X145.136 Y170.648
G1 F7500 X145.294 Y170.807 E919.46054
G1 F4800 E909.46054
G0 F15000 X145.125 Y174.371
G1 F4800 E919.46054
G1 F7500 X145.294 Y174.54 E919.46928
G0 F15000 X144.821 Y174.689
G1 F7500 X145.294 Y175.163 E919.49378
G0 F15000 X144.804 Y175.294
G1 F7500 X144.509 Y175 E919.50902
G1 F4800 E909.50902
G0 F15000 X140.446 Y175.293
G1 F4800 E919.50902
G1 F7500 X139.255 Y174.101 E919.57067
G0 F15000 X139.588 Y173.812
G1 F7500 X139.255 Y173.479 E919.5879
G0 F15000 X139.255 Y174.723
G1 F7500 X139.824 Y175.293 E919.61736
G1 F4800 E909.61736
G0 F15000 X139.389 Y171.746
G1 F4800 E919.61736
G1 F7500 X139.255 Y171.612 E919.6243
G0 F15000 X139.541 Y171.276
G1 F7500 X139.255 Y170.99 E919.63909
G0 F15000 X139.752 Y170.865
G1 F7500 X139.255 Y170.368 E919.66481
G0 F15000 X139.255 Y169.745
G1 F7500 X139.998 Y170.489 E919.70328
G0 F15000 X140.309 Y170.177
G1 F7500 X139.255 Y169.123 E919.75781
G0 F15000 X139.255 Y168.501
G1 F7500 X140.627 Y169.873 E919.8288
G0 F15000 X141.039 Y169.663
G1 F7500 X139.255 Y167.879 E919.92111
G0 F15000 X139.255 Y167.256
G1 F7500 X141.093 Y169.095 E920.01623
G0 F15000 X141.093 Y168.473
G1 F7500 X139.255 Y166.634 E920.11136
G0 F15000 X139.255 Y166.012
G1 F7500 X141.093 Y167.85 E920.20646
G0 F15000 X141.093 Y167.228
G1 F7500 X139.255 Y165.39 E920.30155
G0 F15000 X139.255 Y164.767
G1 F7500 X141.093 Y166.606 E920.39668
G0 F15000 X141.093 Y165.984
G1 F7500 X139.255 Y164.145 E920.4918
G0 F15000 X139.255 Y163.523
G1 F7500 X141.093 Y165.361 E920.5869
G0 F15000 X141.093 Y164.739
G1 F7500 X139.255 Y162.901 E920.682
G0 F15000 X139.255 Y162.278
G1 F7500 X141.093 Y164.117 E920.77713
G0 F15000 X141.093 Y163.495
G1 F7500 X139.255 Y161.656 E920.87225
G0 F15000 X139.255 Y161.034
G1 F7500 X141.093 Y162.872 E920.96735
G0 F15000 X141.093 Y162.25
G1 F7500 X139.255 Y160.412 E921.06245
G0 F15000 X139.255 Y159.789
G1 F7500 X141.093 Y161.628 E921.15758
G0 F15000 X141.093 Y161.006
G1 F7500 X139.255 Y159.167 E921.2527
G0 F15000 X139.255 Y158.545
G1 F7500 X141.093 Y160.383 E921.3478
G0 F15000 X141.093 Y159.761
G1 F7500 X139.255 Y157.923 E921.4429
G0 F15000 X139.255 Y157.3
G1 F7500 X141.093 Y159.139 E921.53803
G0 F15000 X141.093 Y158.517
G1 F7500 X139.255 Y156.678 E921.63315
G0 F15000 X139.255 Y156.056
G1 F7500 X141.093 Y157.894 E921.72825
G0 F15000 X141.093 Y157.272
G1 F7500 X139.255 Y155.434 E921.82335
G0 F15000 X139.255 Y154.811
G1 F7500 X141.093 Y156.65 E921.91847
G0 F15000 X141.093 Y156.028
G1 F7500 X139.255 Y154.189 E922.0136
G0 F15000 X139.255 Y153.567
G1 F7500 X141.093 Y155.405 E922.1087
G0 F15000 X141.093 Y154.783
G1 F7500 X139.255 Y152.945 E922.2038
G0 F15000 X139.255 Y152.322
G1 F7500 X141.093 Y154.161 E922.29892
G0 F15000 X141.093 Y153.539
G1 F7500 X139.255 Y151.7 E922.39405
G0 F15000 X139.255 Y151.078
G1 F7500 X141.093 Y152.916 E922.48915
G0 F15000 X141.093 Y152.294
G1 F7500 X139.505 Y150.705 E922.57134
G0 F15000 X140.127 Y150.705
G1 F7500 X141.093 Y151.672 E922.62135
G0 F15000 X141.093 Y151.05
G1 F7500 X140.749 Y150.705 E922.63917
G1 F4800 E912.63917
G0 F15000 X113.791 Y172.283
G1 F4800 E922.63917
G1 F7500 X112.116 Y170.608 E922.72584
G0 F15000 X112.607 Y171.721
G1 F7500 X113.791 Y172.905 E922.7871
G0 F15000 X113.791 Y173.527
G1 F7500 X112.724 Y172.46 E922.8423
G0 F15000 X112.649 Y173.008
G1 F7500 X113.791 Y174.149 E922.90137
G0 F15000 X113.791 Y174.772
G1 F7500 X112.553 Y173.534 E922.96542
G0 F15000 X112.343 Y173.946
G1 F7500 X113.69 Y175.293 E923.03512
G0 F15000 X113.067 Y175.293
G1 F7500 X112.132 Y174.357 E923.08352
G0 F15000 X111.831 Y174.678
G1 F7500 X112.445 Y175.293 E923.11531
G0 F15000 X111.823 Y175.293
G1 F7500 X111.519 Y174.989 E923.13104
G1 F4800 E913.13104
;MESH:NONMESH
G0 F300 X111.519 Y174.989 Z0.8
G0 F15000 X106.882 Y79.5
;TIME_ELAPSED:895.003292
;LAYER:3
M106 S255
;TYPE:WALL-INNER
;MESH:Top Carcaza.stl
G1 F4800 E923.13104
G1 X107.011 Y80.309 E923.16101
G1 X107.384 Y81.038 E923.19097
G1 X107.962 Y81.616 E923.22088
G1 X108.693 Y81.989 E923.25091
G1 X109.5 Y82.115 E923.28079
G1 X110.307 Y81.989 E923.31067
G1 X111.038 Y81.616 E923.3407
G1 X111.616 Y81.038 E923.3706
G1 X111.989 Y80.307 E923.40063
G1 X112.115 Y79.5 E923.43051
G1 X111.989 Y78.693 E923.46039
G1 X111.616 Y77.962 E923.49042
G1 X111.038 Y77.384 E923.52032
G1 X110.309 Y77.011 E923.55028
G1 X109.5 Y76.882 E923.58026
G1 X108.691 Y77.011 E923.61023
G1 X107.962 Y77.384 E923.64019
G1 X107.384 Y77.962 E923.67009
G1 X107.011 Y78.691 E923.70005
G1 X106.882 Y79.5 E923.73003
G0 F15000 X107.328 Y79.5
G1 F1440 X107.435 Y80.171 E923.75488
G1 X107.744 Y80.776 E923.77974
G1 X108.224 Y81.256 E923.80457
G1 X108.83 Y81.565 E923.82946
G1 X109.5 Y81.67 E923.85427
G1 X110.17 Y81.565 E923.87909
G1 X110.776 Y81.256 E923.90397
G1 X111.256 Y80.776 E923.92881
G1 X111.565 Y80.17 E923.9537
G1 X111.67 Y79.5 E923.97851
G1 X111.565 Y78.83 E924.00332
G1 X111.256 Y78.224 E924.02821
G1 X110.776 Y77.744 E924.05304
G1 X110.171 Y77.435 E924.0779
G1 X109.5 Y77.328 E924.10276
G1 X108.829 Y77.435 E924.12762
G1 X108.224 Y77.744 E924.15247
G1 X107.744 Y78.224 E924.17731
G1 X107.435 Y78.829 E924.20216
G1 X107.328 Y79.5 E924.22702
G0 F15000 X107.774 Y79.5
;TYPE:WALL-OUTER
G1 F1080 X107.859 Y80.033 E924.24677
G1 X108.104 Y80.514 E924.26652
G1 X108.486 Y80.896 E924.28628
G1 X108.967 Y81.141 E924.30603
G1 X109.5 Y81.225 E924.32577
G1 X110.033 Y81.141 E924.34551
G1 X110.514 Y80.896 E924.36526
G1 X110.896 Y80.514 E924.38503
G1 X111.141 Y80.033 E924.40478
G1 X111.225 Y79.5 E924.42452
G1 X111.141 Y78.967 E924.44426
G1 X110.896 Y78.486 E924.46401
G1 X110.514 Y78.104 E924.48377
G1 X110.033 Y77.859 E924.50352
G1 X109.5 Y77.774 E924.52327
G1 X108.967 Y77.859 E924.54301
G1 X108.486 Y78.104 E924.56276
G1 X108.104 Y78.486 E924.58253
G1 X107.859 Y78.967 E924.60228
G1 X107.774 Y79.5 E924.62202
G0 F15000 X107.29 Y79.5
G1 F4800 E914.62202
G0 F15000 X143.463 Y127.597
;TYPE:WALL-INNER
G1 F4800 E924.62202
G1 X143.463 Y127.378 E924.63004
G1 X143.244 Y127.378 E924.63522
G1 X117.412 Y127.378 E925.58032
G1 X117.412 Y127.338 E925.58178
G1 X114.837 Y127.338 E925.67599
G1 X114.837 Y176.34 E927.46878
G1 X104.34 Y176.34 E927.85283
G1 X104.34 Y177.66 E927.90112
G1 X147.663 Y177.663 E929.48614
G1 X147.663 Y74.337 E933.26644
G1 X104.34 Y74.34 E934.85147
G1 X104.34 Y75.441 E934.89175
G1 X104.34 Y75.66 E934.89976
G1 X104.559 Y75.66 E934.90495
G1 X146.122 Y75.659 E936.42558
G1 X146.341 Y75.659 E936.43359
G1 X146.341 Y75.878 E936.43877
G1 X146.341 Y176.122 E940.10632
G1 X146.341 Y176.341 E940.11433
G1 X146.122 Y176.341 E940.11952
G1 X138.21 Y176.34 E940.40898
G1 X138.21 Y149.66 E941.3851
G1 X142.14 Y149.66 E941.52889
G1 X142.14 Y170.396 E942.28754
G1 X141.838 Y170.431 E942.29866
G1 X141.224 Y170.744 E942.32387
G1 X140.744 Y171.224 E942.34871
G1 X140.435 Y171.83 E942.3736
G1 X140.33 Y172.5 E942.39841
G1 X140.435 Y173.17 E942.42322
G1 X140.744 Y173.776 E942.44811
G1 X141.224 Y174.256 E942.47294
G1 X141.829 Y174.565 E942.4978
G1 X142.5 Y174.672 E942.52266
G1 X143.171 Y174.565 E942.54752
G1 X143.776 Y174.256 E942.57237
G1 X144.256 Y173.776 E942.59721
G1 X144.565 Y173.171 E942.62206
G1 X144.672 Y172.5 E942.64692
G1 X144.565 Y171.829 E942.67178
G1 X144.256 Y171.224 E942.69663
G1 X143.775 Y170.742 E942.72155
G1 X143.46 Y170.585 E942.73442
G1 X143.463 Y127.597 E944.30719
G0 F15000 X143.023 Y127.818
;TYPE:WALL-OUTER
G1 F3600 X116.972 Y127.818 E945.2603
G1 X116.972 Y127.778 E945.26176
G1 X115.277 Y127.778 E945.32377
G1 X115.277 Y176.78 E947.11657
G1 X104.78 Y176.78 E947.50061
G1 X104.78 Y177.22 E947.51671
G1 X147.223 Y177.223 E949.06954
G1 X147.223 Y74.777 E952.81764
G1 X104.78 Y74.78 E954.37047
G1 X104.78 Y75.22 E954.38656
G1 X146.781 Y75.219 E955.92322
G1 X146.781 Y176.781 E959.63898
G1 X137.77 Y176.78 E959.96866
G1 X137.77 Y149.22 E960.97697
G1 X142.58 Y149.22 E961.15295
G1 X142.58 Y170.788 E961.94204
G1 X141.967 Y170.859 E961.96462
G1 X141.486 Y171.104 E961.98437
G1 X141.104 Y171.486 E962.00413
G1 X140.859 Y171.967 E962.02388
G1 X140.775 Y172.5 E962.04362
G1 X140.859 Y173.033 E962.06337
G1 X141.104 Y173.514 E962.08312
G1 X141.486 Y173.896 E962.10288
G1 X141.967 Y174.141 E962.12263
G1 X142.5 Y174.226 E962.14238
G1 X143.033 Y174.141 E962.16212
G1 X143.514 Y173.896 E962.18187
G1 X143.896 Y173.514 E962.20164
G1 X144.141 Y173.033 E962.22139
G1 X144.226 Y172.5 E962.24113
G1 X144.141 Y171.967 E962.26088
G1 X143.896 Y171.486 E962.28063
G1 X143.514 Y171.104 E962.30039
G1 X143.02 Y170.857 E962.3206
G1 X143.023 Y127.818 E963.89523
G1 F4800 E953.89523
G0 F15000 X106.882 Y172.5
;TYPE:WALL-INNER
G1 F4800 E963.89523
G1 X107.011 Y173.309 E963.9252
G1 X107.384 Y174.038 E963.95516
G1 X107.962 Y174.616 E963.98507
G1 X108.691 Y174.989 E964.01503
G1 X109.5 Y175.118 E964.045
G1 X110.309 Y174.989 E964.07497
G1 X111.038 Y174.616 E964.10493
G1 X111.616 Y174.038 E964.13484
G1 X111.989 Y173.307 E964.16487
G1 X112.115 Y172.5 E964.19475
G1 X111.989 Y171.693 E964.22463
G1 X111.616 Y170.962 E964.25466
G1 X111.038 Y170.384 E964.28456
G1 X110.307 Y170.011 E964.31459
G1 X109.5 Y169.885 E964.34447
G1 X108.693 Y170.011 E964.37435
G1 X107.962 Y170.384 E964.40438
G1 X107.384 Y170.962 E964.43428
G1 X107.011 Y171.691 E964.46424
G1 X106.882 Y172.5 E964.49422
G0 F15000 X107.328 Y172.5
G1 F1440 X107.435 Y173.171 E964.51907
G1 X107.744 Y173.776 E964.54393
G1 X108.224 Y174.256 E964.56876
G1 X108.829 Y174.565 E964.59362
G1 X109.5 Y174.672 E964.61848
G1 X110.171 Y174.565 E964.64334
G1 X110.776 Y174.256 E964.66819
G1 X111.256 Y173.776 E964.69303
G1 X111.565 Y173.17 E964.71792
G1 X111.67 Y172.5 E964.74273
G1 X111.565 Y171.83 E964.76754
G1 X111.256 Y171.224 E964.79243
G1 X110.776 Y170.744 E964.81726
G1 X110.17 Y170.435 E964.84215
G1 X109.5 Y170.33 E964.86696
G1 X108.83 Y170.435 E964.89177
G1 X108.224 Y170.744 E964.91666
G1 X107.744 Y171.224 E964.9415
G1 X107.435 Y171.829 E964.96635
G1 X107.328 Y172.5 E964.99121
G0 F15000 X107.774 Y172.5
;TYPE:WALL-OUTER
G1 F1080 X107.859 Y173.033 E965.01096
G1 X108.104 Y173.514 E965.03071
G1 X108.486 Y173.896 E965.05047
G1 X108.967 Y174.141 E965.07022
G1 X109.5 Y174.226 E965.08997
G1 X110.033 Y174.141 E965.10971
G1 X110.514 Y173.896 E965.12946
G1 X110.896 Y173.514 E965.14923
G1 X111.141 Y173.033 E965.16898
G1 X111.225 Y172.5 E965.18872
G1 X111.141 Y171.967 E965.20846
G1 X110.896 Y171.486 E965.22821
G1 X110.514 Y171.104 E965.24797
G1 X110.033 Y170.859 E965.26772
G1 X109.5 Y170.775 E965.28746
G1 X108.967 Y170.859 E965.3072
G1 X108.486 Y171.104 E965.32695
G1 X108.104 Y171.486 E965.34672
G1 X107.859 Y171.967 E965.36647
G1 X107.774 Y172.5 E965.38621
G0 F15000 X107.29 Y172.5
G1 F4800 E955.38621
G0 F15000 X145.901 Y175.901
;TYPE:WALL-INNER
G1 F4800 E965.38621
G1 X145.682 Y175.901 E965.39423
G1 X138.65 Y175.9 E965.6515
G1 X138.65 Y150.1 E966.59542
G1 X141.7 Y150.1 E966.70701
G1 X141.7 Y170.008 E967.43537
G1 X140.962 Y170.384 E967.46567
G1 X140.384 Y170.962 E967.49558
G1 X140.011 Y171.693 E967.5256
G1 X139.885 Y172.5 E967.55549
G1 X140.011 Y173.307 E967.58537
G1 X140.384 Y174.038 E967.61539
G1 X140.962 Y174.616 E967.6453
G1 X141.691 Y174.989 E967.67526
G1 X142.5 Y175.118 E967.70523
G1 X143.309 Y174.989 E967.7352
G1 X144.038 Y174.616 E967.76516
G1 X144.616 Y174.038 E967.79507
G1 X144.989 Y173.309 E967.82503
G1 X145.118 Y172.5 E967.855
G1 X144.989 Y171.691 E967.88497
G1 X144.616 Y170.962 E967.91493
G1 X144.036 Y170.38 E967.94499
G1 X143.9 Y170.312 E967.95056
G1 X143.903 Y127.157 E969.52943
G1 X143.903 Y126.938 E969.53744
G1 X143.684 Y126.938 E969.54263
G1 X117.852 Y126.938 E970.48772
G1 X117.852 Y126.898 E970.48919
G1 X114.397 Y126.898 E970.61559
G1 X114.397 Y175.9 E972.40839
G1 X104.6 Y175.9 E972.76682
G1 X104.6 Y76.1 E976.41812
G1 X145.682 Y76.099 E977.92115
G1 X145.901 Y76.099 E977.92916
G1 X145.901 Y76.318 E977.93435
G1 X145.901 Y175.682 E981.5697
G1 X145.901 Y175.901 E981.57488
G1 F4800 E971.57488
G0 F15000 X147.84 Y177.84
G1 F4800 E981.57488
G1 X147.663 Y177.84 E981.57969
G1 X104.34 Y177.84 E982.22417
G1 X104.16 Y177.84 E982.22909
G1 X104.16 Y177.66 E982.23401
G1 X104.16 Y176.34 E982.25382
G1 X104.16 Y75.66 E985.93731
G1 X104.16 Y74.34 E985.9856
G1 X104.16 Y74.16 E985.99052
G1 X104.34 Y74.16 E985.99544
G1 X147.663 Y74.16 E986.63992
G1 X147.84 Y74.16 E986.64474
G1 X147.84 Y74.337 E986.64955
G1 X147.84 Y177.663 E988.17372
G1 X147.84 Y177.84 E988.17854
G0 F15000 X148.28 Y178.28
;TYPE:WALL-OUTER
G1 F3600 X103.72 Y178.28 E989.80882
G1 X103.72 Y73.72 E993.63426
G1 X148.28 Y73.72 E995.26454
G1 X148.28 Y178.28 E999.08999
G1 F4800 E989.08999
G0 F15000 X145.471 Y175.471
;TYPE:SKIN
G1 F4800 E999.08999
G1 F2250 X143.021 Y175.471 E999.17963
G1 X143.444 Y175.403 E999.1953
G1 X144.294 Y174.968 E999.23023
G1 X144.968 Y174.294 E999.26511
G1 X145.403 Y173.444 E999.30004
G1 X145.471 Y173.019 E999.31579
G1 X145.471 Y175.471 E999.4055
G1 F4800 E989.4055
G0 F15000 X145.471 Y171.981
G1 F4800 E999.4055
G1 F7500 X145.403 Y171.556 E999.42124
G1 X144.968 Y170.706 E999.45618
G1 X144.33 Y170.065 E999.48927
G1 X144.333 Y126.508 E1001.08285
G1 X118.282 Y126.508 E1002.03596
G1 X118.282 Y126.468 E1002.03742
G1 X113.967 Y126.468 E1002.19529
G1 X113.967 Y175.47 E1003.98808
G1 X110.025 Y175.47 E1004.13231
G1 X110.444 Y175.403 E1004.14783
G1 X111.294 Y174.968 E1004.18276
G1 X111.968 Y174.294 E1004.21764
G1 X112.403 Y173.442 E1004.25264
G1 X112.551 Y172.5 E1004.28752
G1 X112.403 Y171.558 E1004.32241
G1 X111.968 Y170.706 E1004.35741
G1 X111.294 Y170.032 E1004.39228
G1 X110.442 Y169.597 E1004.42728
G1 X109.5 Y169.449 E1004.46217
G1 X108.558 Y169.597 E1004.49706
G1 X107.706 Y170.032 E1004.53205
G1 X107.032 Y170.706 E1004.56693
G1 X106.597 Y171.556 E1004.60186
G1 X106.446 Y172.5 E1004.63684
G1 X106.597 Y173.444 E1004.67181
G1 X107.032 Y174.294 E1004.70675
G1 X107.706 Y174.968 E1004.74162
G1 X108.556 Y175.403 E1004.77656
G1 X108.975 Y175.47 E1004.79208
G1 X105.03 Y175.47 E1004.93641
G1 X105.03 Y76.53 E1008.55625
G1 X108.975 Y76.53 E1008.70058
G1 X108.556 Y76.597 E1008.7161
G1 X107.706 Y77.032 E1008.75104
G1 X107.032 Y77.706 E1008.78591
G1 X106.597 Y78.556 E1008.82084
G1 X106.446 Y79.5 E1008.85582
G1 X106.597 Y80.444 E1008.8908
G1 X107.032 Y81.294 E1008.92573
G1 X107.706 Y81.968 E1008.9606
G1 X108.558 Y82.403 E1008.9956
G1 X109.5 Y82.551 E1009.03049
G1 X110.442 Y82.403 E1009.06538
G1 X111.294 Y81.968 E1009.10038
G1 X111.968 Y81.294 E1009.13525
G1 X112.403 Y80.442 E1009.17025
G1 X112.551 Y79.5 E1009.20514
G1 X112.403 Y78.558 E1009.24002
G1 X111.968 Y77.706 E1009.27502
G1 X111.294 Y77.032 E1009.30989
G1 X110.444 Y76.597 E1009.34483
G1 X110.024 Y76.53 E1009.36039
G1 X145.471 Y76.529 E1010.65726
G1 X145.471 Y171.981 E1014.14948
G1 F4800 E1004.14948
G0 F15000 X141.978 Y175.47
G1 F4800 E1014.14948
G1 F7500 X139.08 Y175.47 E1014.25551
G1 X139.08 Y150.53 E1015.16796
G1 X141.27 Y150.53 E1015.24809
G1 X141.27 Y169.745 E1015.95109
G1 X140.706 Y170.032 E1015.97424
G1 X140.032 Y170.706 E1016.00912
G1 X139.597 Y171.558 E1016.04412
G1 X139.449 Y172.5 E1016.079
G1 X139.597 Y173.442 E1016.11389
G1 X140.032 Y174.294 E1016.14889
G1 X140.706 Y174.968 E1016.18376
G1 X141.556 Y175.403 E1016.2187
G1 X141.978 Y175.47 E1016.23433
G1 F4800 E1006.23433
G0 F15000 X145.166 Y175.294
G1 F4800 E1016.23433
G1 F7500 X145.294 Y175.165 E1016.24098
G0 F15000 X145.294 Y174.543
G1 F7500 X144.543 Y175.294 E1016.27984
G1 F4800 E1006.27984
G0 F15000 X140.486 Y174.996
G1 F4800 E1016.27984
G1 F7500 X140.189 Y175.293 E1016.2952
G0 F15000 X140.175 Y174.685
G1 F7500 X139.567 Y175.293 E1016.32666
G0 F15000 X139.256 Y174.982
G1 F7500 X139.871 Y174.366 E1016.35851
G0 F15000 X139.66 Y173.955
G1 F7500 X139.256 Y174.359 E1016.37941
G0 F15000 X139.256 Y173.737
G1 F7500 X139.449 Y173.543 E1016.38942
G0 F15000 X139.256 Y173.115
G1 F7500 X139.351 Y173.019 E1016.39436
G0 F15000 X139.256 Y171.87
G1 F7500 X139.389 Y171.737 E1016.40124
G0 F15000 X139.256 Y171.248
G1 F7500 X139.869 Y170.635 E1016.43296
G0 F15000 X139.256 Y170.626
G1 F7500 X141.093 Y168.788 E1016.52803
G0 F15000 X141.093 Y168.166
G1 F7500 X139.256 Y170.004 E1016.62311
G0 F15000 X139.256 Y169.381
G1 F7500 X141.093 Y167.544 E1016.71816
G0 F15000 X141.093 Y166.921
G1 F7500 X139.256 Y168.759 E1016.81323
G0 F15000 X139.256 Y168.137
G1 F7500 X141.093 Y166.299 E1016.9083
G0 F15000 X141.093 Y165.677
G1 F7500 X139.256 Y167.515 E1017.00338
G0 F15000 X139.256 Y166.892
G1 F7500 X141.093 Y165.054 E1017.09845
G0 F15000 X141.093 Y164.432
G1 F7500 X139.256 Y166.27 E1017.19352
G0 F15000 X139.256 Y165.648
G1 F7500 X141.093 Y163.81 E1017.2886
G0 F15000 X141.093 Y163.188
G1 F7500 X139.256 Y165.025 E1017.38364
G0 F15000 X139.256 Y164.403
G1 F7500 X141.093 Y162.565 E1017.47872
G0 F15000 X141.093 Y161.943
G1 F7500 X139.256 Y163.781 E1017.57379
G0 F15000 X139.256 Y163.159
G1 F7500 X141.093 Y161.321 E1017.66886
G0 F15000 X141.093 Y160.699
G1 F7500 X139.256 Y162.536 E1017.76391
G0 F15000 X139.256 Y161.914
G1 F7500 X141.093 Y160.076 E1017.85899
G0 F15000 X141.093 Y159.454
G1 F7500 X139.256 Y161.292 E1017.95406
G0 F15000 X139.256 Y160.67
G1 F7500 X141.093 Y158.832 E1018.04913
G0 F15000 X141.093 Y158.21
G1 F7500 X139.256 Y160.047 E1018.14418
G0 F15000 X139.256 Y159.425
G1 F7500 X141.093 Y157.587 E1018.23925
G0 F15000 X141.093 Y156.965
G1 F7500 X139.256 Y158.803 E1018.33433
G0 F15000 X139.256 Y158.181
G1 F7500 X141.093 Y156.343 E1018.4294
G0 F15000 X141.093 Y155.721
G1 F7500 X139.256 Y157.558 E1018.52445
G0 F15000 X139.256 Y156.936
G1 F7500 X141.093 Y155.098 E1018.61952
G0 F15000 X141.093 Y154.476
G1 F7500 X139.256 Y156.314 E1018.71459
G0 F15000 X139.256 Y155.692
G1 F7500 X141.093 Y153.854 E1018.80967
G0 F15000 X141.093 Y153.232
G1 F7500 X139.256 Y155.069 E1018.90471
G0 F15000 X139.256 Y154.447
G1 F7500 X141.093 Y152.609 E1018.99979
G0 F15000 X141.093 Y151.987
G1 F7500 X139.256 Y153.825 E1019.09486
G0 F15000 X139.256 Y153.203
G1 F7500 X141.093 Y151.365 E1019.18994
G0 F15000 X141.093 Y150.743
G1 F7500 X139.256 Y152.58 E1019.28498
G0 F15000 X139.256 Y151.958
G1 F7500 X140.509 Y150.704 E1019.34984
G0 F15000 X139.887 Y150.704
G1 F7500 X139.256 Y151.336 E1019.38251
G1 F4800 E1009.38251
G0 F15000 X144.507 Y151.063
G1 F4800 E1019.38251
G1 F7500 X145.294 Y150.276 E1019.42323
G0 F15000 X145.294 Y149.654
G1 F7500 X144.507 Y150.441 E1019.46395
G0 F15000 X144.507 Y149.818
G1 F7500 X145.294 Y149.031 E1019.50467
G0 F15000 X145.294 Y148.409
G1 F7500 X144.507 Y149.196 E1019.54539
G0 F15000 X144.507 Y148.574
G1 F7500 X145.294 Y147.787 E1019.58611
G0 F15000 X145.294 Y147.165
G1 F7500 X144.507 Y147.951 E1019.62681
G0 F15000 X144.507 Y147.329
G1 F7500 X145.294 Y146.542 E1019.66753
G0 F15000 X145.294 Y145.92
G1 F7500 X144.507 Y146.706 E1019.70822
G0 F15000 X144.507 Y146.084
G1 F7500 X145.294 Y145.298 E1019.74892
G0 F15000 X145.294 Y144.676
G1 F7500 X144.507 Y145.462 E1019.78961
G0 F15000 X144.507 Y144.84
G1 F7500 X145.294 Y144.053 E1019.83033
G0 F15000 X145.294 Y143.431
G1 F7500 X144.507 Y144.217 E1019.87102
G0 F15000 X144.507 Y143.595
G1 F7500 X145.294 Y142.809 E1019.91172
G0 F15000 X145.294 Y142.187
G1 F7500 X144.507 Y142.973 E1019.95241
G0 F15000 X144.507 Y142.351
G1 F7500 X145.294 Y141.564 E1019.99313
G0 F15000 X145.294 Y140.942
G1 F7500 X144.507 Y141.728 E1020.03382
G0 F15000 X144.507 Y141.106
G1 F7500 X145.294 Y140.32 E1020.07452
G0 F15000 X145.294 Y139.698
G1 F7500 X144.507 Y140.484 E1020.11521
G0 F15000 X144.507 Y139.862
G1 F7500 X145.294 Y139.075 E1020.15593
G0 F15000 X145.294 Y138.453
G1 F7500 X144.507 Y139.239 E1020.19663
G0 F15000 X144.507 Y138.617
G1 F7500 X145.294 Y137.831 E1020.23732
G0 F15000 X145.294 Y137.209
G1 F7500 X144.507 Y137.995 E1020.27801
G0 F15000 X144.507 Y137.373
G1 F7500 X145.294 Y136.586 E1020.31873
G0 F15000 X145.294 Y135.964
G1 F7500 X144.508 Y136.75 E1020.3594
G0 F15000 X144.508 Y136.127
G1 F7500 X145.294 Y135.342 E1020.40005
G0 F15000 X145.294 Y134.72
G1 F7500 X144.508 Y135.505 E1020.44069
G0 F15000 X144.508 Y134.883
G1 F7500 X145.294 Y134.097 E1020.48136
G0 F15000 X145.294 Y133.475
G1 F7500 X144.508 Y134.261 E1020.52202
G0 F15000 X144.508 Y133.638
G1 F7500 X145.294 Y132.853 E1020.56267
G0 F15000 X145.294 Y132.231
G1 F7500 X144.508 Y133.016 E1020.60331
G0 F15000 X144.508 Y132.394
G1 F7500 X145.294 Y131.608 E1020.64398
G0 F15000 X145.294 Y130.986
G1 F7500 X144.508 Y131.772 E1020.68464
G0 F15000 X144.508 Y131.149
G1 F7500 X145.294 Y130.364 E1020.72529
G0 F15000 X145.294 Y129.742
G1 F7500 X144.508 Y130.527 E1020.76593
G0 F15000 X144.508 Y129.905
G1 F7500 X145.294 Y129.119 E1020.8066
G0 F15000 X145.294 Y128.497
G1 F7500 X144.508 Y129.283 E1020.84727
G0 F15000 X144.508 Y128.66
G1 F7500 X145.294 Y127.875 E1020.88791
G0 F15000 X145.294 Y127.253
G1 F7500 X144.508 Y128.038 E1020.92855
G0 F15000 X144.508 Y127.416
G1 F7500 X145.294 Y126.63 E1020.96922
G0 F15000 X145.294 Y126.008
G1 F7500 X144.508 Y126.794 E1021.00989
G0 F15000 X144.348 Y126.331
G1 F7500 X145.294 Y125.386 E1021.05881
G0 F15000 X145.294 Y124.764
G1 F7500 X143.726 Y126.331 E1021.13991
G0 F15000 X143.104 Y126.331
G1 F7500 X145.294 Y124.141 E1021.25322
G0 F15000 X145.294 Y123.519
G1 F7500 X142.482 Y126.331 E1021.39872
G0 F15000 X141.859 Y126.331
G1 F7500 X145.294 Y122.897 E1021.57642
G0 F15000 X145.294 Y122.275
G1 F7500 X141.237 Y126.331 E1021.78631
G0 F15000 X140.615 Y126.331
G1 F7500 X145.294 Y121.652 E1022.0284
G0 F15000 X145.294 Y121.03
G1 F7500 X139.993 Y126.331 E1022.30268
G0 F15000 X139.37 Y126.331
G1 F7500 X145.294 Y120.408 E1022.60916
G0 F15000 X145.294 Y119.786
G1 F7500 X138.748 Y126.331 E1022.94783
G0 F15000 X138.126 Y126.331
G1 F7500 X145.294 Y119.163 E1023.31871
G0 F15000 X145.294 Y118.541
G1 F7500 X137.503 Y126.331 E1023.72179
G0 F15000 X136.881 Y126.331
G1 F7500 X145.294 Y117.919 E1024.15706
G0 F15000 X145.294 Y117.296
G1 F7500 X136.259 Y126.331 E1024.62454
G0 F15000 X135.637 Y126.331
G1 F7500 X145.294 Y116.674 E1025.1242
G0 F15000 X145.294 Y116.052
G1 F7500 X135.014 Y126.331 E1025.65607
G0 F15000 X134.392 Y126.331
G1 F7500 X145.294 Y115.43 E1026.22012
G0 F15000 X145.294 Y114.807
G1 F7500 X133.77 Y126.331 E1026.81637
G0 F15000 X133.148 Y126.331
G1 F7500 X145.294 Y114.185 E1027.44482
G0 F15000 X145.294 Y113.563
G1 F7500 X132.525 Y126.331 E1028.10547
G0 F15000 X131.903 Y126.331
G1 F7500 X145.294 Y112.941 E1028.7983
G0 F15000 X145.294 Y112.318
G1 F7500 X131.281 Y126.331 E1029.52334
G0 F15000 X130.659 Y126.331
G1 F7500 X145.294 Y111.696 E1030.28056
G0 F15000 X145.294 Y111.074
G1 F7500 X130.036 Y126.331 E1031.07
G0 F15000 X129.414 Y126.331
G1 F7500 X145.294 Y110.452 E1031.89161
G0 F15000 X145.294 Y109.829
G1 F7500 X128.792 Y126.331 E1032.74544
G0 F15000 X128.17 Y126.331
G1 F7500 X145.294 Y109.207 E1033.63144
G0 F15000 X145.294 Y108.585
G1 F7500 X127.547 Y126.331 E1034.54966
G0 F15000 X126.925 Y126.331
G1 F7500 X145.294 Y107.963 E1035.50006
G0 F15000 X145.294 Y107.34
G1 F7500 X126.303 Y126.331 E1036.48266
G0 F15000 X125.681 Y126.331
G1 F7500 X145.294 Y106.718 E1037.49745
G0 F15000 X145.294 Y106.096
G1 F7500 X125.058 Y126.331 E1038.54445
G0 F15000 X124.436 Y126.331
G1 F7500 X145.294 Y105.474 E1039.62363
G0 F15000 X145.294 Y104.851
G1 F7500 X123.814 Y126.331 E1040.73502
G0 F15000 X123.192 Y126.331
G1 F7500 X145.294 Y104.229 E1041.87859
G0 F15000 X145.294 Y103.607
G1 F7500 X122.569 Y126.331 E1043.05437
G0 F15000 X121.947 Y126.331
G1 F7500 X145.294 Y102.985 E1044.26233
G0 F15000 X145.294 Y102.362
G1 F7500 X121.325 Y126.331 E1045.5025
G0 F15000 X120.703 Y126.331
G1 F7500 X145.294 Y101.74 E1046.77486
G0 F15000 X145.294 Y101.118
G1 F7500 X120.08 Y126.331 E1048.07942
G0 F15000 X119.458 Y126.331
G1 F7500 X145.294 Y100.496 E1049.41616
G0 F15000 X145.294 Y99.873
G1 F7500 X118.836 Y126.331 E1050.78512
G0 F15000 X118.254 Y126.291
G1 F7500 X145.294 Y99.251 E1052.18418
G0 F15000 X145.294 Y98.629
G1 F7500 X117.632 Y126.291 E1053.61543
G0 F15000 X117.009 Y126.291
G1 F7500 X145.294 Y98.007 E1055.07889
G0 F15000 X145.294 Y97.384
G1 F7500 X116.387 Y126.291 E1056.57456
G0 F15000 X115.765 Y126.291
G1 F7500 X145.294 Y96.762 E1058.10241
G0 F15000 X145.294 Y96.14
G1 F7500 X115.143 Y126.291 E1059.66244
G0 F15000 X114.52 Y126.291
G1 F7500 X145.294 Y95.518 E1061.25468
G0 F15000 X145.294 Y94.895
G1 F7500 X113.898 Y126.291 E1062.87913
G0 F15000 X113.79 Y126.399
G1 F7500 X105.206 Y134.983 E1063.32327
G0 F15000 X105.206 Y134.361
G1 F7500 X145.294 Y94.273 E1065.39745
G0 F15000 X145.294 Y93.651
G1 F7500 X105.206 Y133.739 E1067.47162
G0 F15000 X105.206 Y133.117
G1 F7500 X145.294 Y93.029 E1069.5458
G0 F15000 X145.294 Y92.406
G1 F7500 X105.206 Y132.494 E1071.61998
G0 F15000 X105.206 Y131.872
G1 F7500 X145.294 Y91.784 E1073.69416
G0 F15000 X145.294 Y91.162
G1 F7500 X105.206 Y131.25 E1075.76834
G0 F15000 X105.206 Y130.628
G1 F7500 X145.294 Y90.54 E1077.84252
G0 F15000 X145.294 Y89.917
G1 F7500 X105.206 Y130.005 E1079.91669
G0 F15000 X105.206 Y129.383
G1 F7500 X145.294 Y89.295 E1081.99087
G0 F15000 X145.294 Y88.673
G1 F7500 X105.206 Y128.761 E1084.06505
G0 F15000 X105.206 Y128.139
G1 F7500 X145.294 Y88.051 E1086.13923
G0 F15000 X145.294 Y87.428
G1 F7500 X105.206 Y127.516 E1088.21341
G0 F15000 X105.206 Y126.894
G1 F7500 X145.294 Y86.806 E1090.28759
G0 F15000 X145.294 Y86.184
G1 F7500 X105.206 Y126.272 E1092.36176
G0 F15000 X105.206 Y125.65
G1 F7500 X145.294 Y85.562 E1094.43594
G0 F15000 X145.294 Y84.939
G1 F7500 X105.206 Y125.027 E1096.51012
G0 F15000 X105.206 Y124.405
G1 F7500 X145.294 Y84.317 E1098.5843
G0 F15000 X145.294 Y83.695
G1 F7500 X105.206 Y123.783 E1100.65848
G0 F15000 X105.206 Y123.161
G1 F7500 X145.294 Y83.073 E1102.73265
G0 F15000 X145.294 Y82.45
G1 F7500 X105.206 Y122.538 E1104.80683
G0 F15000 X105.206 Y121.916
G1 F7500 X145.294 Y81.828 E1106.88101
G0 F15000 X145.294 Y81.206
G1 F7500 X105.206 Y121.294 E1108.95519
G0 F15000 X105.206 Y120.672
G1 F7500 X145.294 Y80.584 E1111.02937
G0 F15000 X145.294 Y79.961
G1 F7500 X105.206 Y120.049 E1113.10355
G0 F15000 X105.206 Y119.427
G1 F7500 X145.294 Y79.339 E1115.17772
G0 F15000 X145.294 Y78.717
G1 F7500 X105.206 Y118.805 E1117.2519
G0 F15000 X105.206 Y118.182
G1 F7500 X145.294 Y78.094 E1119.32608
G0 F15000 X145.294 Y77.472
G1 F7500 X105.206 Y117.56 E1121.40026
G0 F15000 X105.206 Y116.938
G1 F7500 X145.294 Y76.85 E1123.47444
G0 F15000 X144.817 Y76.704
G1 F7500 X105.206 Y116.316 E1125.52396
G0 F15000 X105.206 Y115.693
G1 F7500 X144.195 Y76.704 E1127.54128
G0 F15000 X143.573 Y76.704
G1 F7500 X105.206 Y115.071 E1129.52641
G0 F15000 X105.206 Y114.449
G1 F7500 X142.95 Y76.704 E1131.47933
G0 F15000 X142.328 Y76.704
G1 F7500 X105.206 Y113.827 E1133.40008
G0 F15000 X105.206 Y113.204
G1 F7500 X141.706 Y76.704 E1135.28861
G0 F15000 X141.084 Y76.704
G1 F7500 X105.206 Y112.582 E1137.14496
G0 F15000 X105.206 Y111.96
G1 F7500 X140.461 Y76.704 E1138.9691
G0 F15000 X139.839 Y76.704
G1 F7500 X105.206 Y111.338 E1140.76106
G0 F15000 X105.206 Y110.715
G1 F7500 X139.217 Y76.704 E1142.52081
G0 F15000 X138.595 Y76.704
G1 F7500 X105.206 Y110.093 E1144.24838
G0 F15000 X105.206 Y109.471
G1 F7500 X137.972 Y76.704 E1145.94374
G0 F15000 X137.35 Y76.704
G1 F7500 X105.206 Y108.849 E1147.60691
G0 F15000 X105.206 Y108.226
G1 F7500 X136.728 Y76.704 E1149.23788
G0 F15000 X136.106 Y76.704
G1 F7500 X105.206 Y107.604 E1150.83667
G0 F15000 X105.206 Y106.982
G1 F7500 X135.483 Y76.704 E1152.40324
G0 F15000 X134.861 Y76.704
G1 F7500 X105.206 Y106.36 E1153.93764
G0 F15000 X105.206 Y105.737
G1 F7500 X134.239 Y76.704 E1155.43982
G0 F15000 X133.617 Y76.704
G1 F7500 X105.206 Y105.115 E1156.90983
G0 F15000 X105.206 Y104.493
G1 F7500 X132.994 Y76.704 E1158.34762
G0 F15000 X132.372 Y76.704
G1 F7500 X105.206 Y103.871 E1159.75323
G0 F15000 X105.206 Y103.248
G1 F7500 X131.75 Y76.704 E1161.12664
G0 F15000 X131.128 Y76.704
G1 F7500 X105.206 Y102.626 E1162.46786
G0 F15000 X105.206 Y102.004
G1 F7500 X130.505 Y76.704 E1163.77687
G0 F15000 X129.883 Y76.704
G1 F7500 X105.206 Y101.382 E1165.0537
G0 F15000 X105.206 Y100.759
G1 F7500 X129.261 Y76.704 E1166.29832
G0 F15000 X128.638 Y76.704
G1 F7500 X105.206 Y100.137 E1167.51073
G0 F15000 X105.206 Y99.515
G1 F7500 X128.016 Y76.705 E1168.69093
G0 F15000 X127.393 Y76.705
G1 F7500 X105.206 Y98.893 E1169.83893
G0 F15000 X105.206 Y98.27
G1 F7500 X126.771 Y76.705 E1170.95472
G0 F15000 X126.149 Y76.705
G1 F7500 X105.206 Y97.648 E1172.03832
G0 F15000 X105.206 Y97.026
G1 F7500 X125.527 Y76.705 E1173.08974
G0 F15000 X124.904 Y76.705
G1 F7500 X105.206 Y96.404 E1174.10895
G0 F15000 X105.206 Y95.781
G1 F7500 X124.282 Y76.705 E1175.09596
G0 F15000 X123.66 Y76.705
G1 F7500 X105.206 Y95.159 E1176.05078
G0 F15000 X105.206 Y94.537
G1 F7500 X123.037 Y76.705 E1176.97339
G0 F15000 X122.415 Y76.705
G1 F7500 X105.206 Y93.915 E1177.86382
G0 F15000 X105.206 Y93.292
G1 F7500 X121.793 Y76.705 E1178.72204
G0 F15000 X121.171 Y76.705
G1 F7500 X105.206 Y92.67 E1179.54808
G0 F15000 X105.206 Y92.048
G1 F7500 X120.548 Y76.705 E1180.34191
G0 F15000 X119.926 Y76.705
G1 F7500 X105.206 Y91.426 E1181.10356
G0 F15000 X105.206 Y90.803
G1 F7500 X119.304 Y76.705 E1181.833
G0 F15000 X118.682 Y76.705
G1 F7500 X105.206 Y90.181 E1182.53026
G0 F15000 X105.206 Y89.559
G1 F7500 X118.059 Y76.705 E1183.19531
G0 F15000 X117.437 Y76.705
G1 F7500 X105.206 Y88.937 E1183.82817
G0 F15000 X105.206 Y88.314
G1 F7500 X116.815 Y76.705 E1184.42883
G0 F15000 X116.193 Y76.705
G1 F7500 X112.605 Y80.293 E1184.61447
G0 F15000 X112.721 Y79.555
G1 F7500 X115.57 Y76.705 E1184.76191
G0 F15000 X114.948 Y76.705
G1 F7500 X112.652 Y79.002 E1184.88073
G0 F15000 X112.558 Y78.473
G1 F7500 X114.326 Y76.705 E1184.97221
G0 F15000 X113.704 Y76.705
G1 F7500 X112.347 Y78.062 E1185.04242
G0 F15000 X112.136 Y77.65
G1 F7500 X113.081 Y76.705 E1185.09132
G0 F15000 X112.459 Y76.705
G1 F7500 X111.837 Y77.327 E1185.1235
G0 F15000 X111.526 Y77.016
G1 F7500 X111.837 Y76.705 E1185.13959
G1 F4800 E1175.13959
G0 F15000 X107.481 Y76.705
G1 F4800 E1185.13959
G1 F7500 X105.206 Y78.98 E1185.2573
G0 F15000 X105.206 Y78.358
G1 F7500 X106.859 Y76.705 E1185.34283
G0 F15000 X106.237 Y76.705
G1 F7500 X105.206 Y77.736 E1185.39617
G0 F15000 X105.206 Y77.114
G1 F7500 X105.614 Y76.705 E1185.41731
G1 F4800 E1175.41731
G0 F15000 X106.55 Y78.259
G1 F4800 E1185.41731
G1 F7500 X105.206 Y79.603 E1185.48685
G0 F15000 X105.206 Y80.225
G1 F7500 X106.329 Y79.101 E1185.54498
G0 F15000 X106.305 Y79.748
G1 F7500 X105.206 Y80.847 E1185.60184
G0 F15000 X105.206 Y81.47
G1 F7500 X106.391 Y80.284 E1185.66318
G0 F15000 X106.552 Y80.745
G1 F7500 X105.206 Y82.092 E1185.73285
G0 F15000 X105.206 Y82.714
G1 F7500 X106.763 Y81.157 E1185.81341
G0 F15000 X107.015 Y81.527
G1 F7500 X105.206 Y83.336 E1185.90701
G0 F15000 X105.206 Y83.959
G1 F7500 X107.326 Y81.838 E1186.01672
G0 F15000 X107.65 Y82.136
G1 F7500 X105.206 Y84.581 E1186.1432
G0 F15000 X105.206 Y85.203
G1 F7500 X108.062 Y82.347 E1186.29097
G0 F15000 X108.473 Y82.558
G1 F7500 X105.206 Y85.825 E1186.46001
G0 F15000 X105.206 Y86.448
G1 F7500 X109.002 Y82.651 E1186.65644
G0 F15000 X109.555 Y82.72
G1 F7500 X105.206 Y87.07 E1186.88149
G0 F15000 X105.206 Y87.692
G1 F7500 X110.293 Y82.604 E1187.14472
G1 F4800 E1177.14472
G0 F15000 X113.79 Y127.021
G1 F4800 E1187.14472
G1 F7500 X105.206 Y135.606 E1187.58889
G0 F15000 X105.206 Y136.228
G1 F7500 X113.79 Y127.644 E1188.03303
G0 F15000 X113.79 Y128.266
G1 F7500 X105.206 Y136.85 E1188.47717
G0 F15000 X105.206 Y137.472
G1 F7500 X113.79 Y128.888 E1188.92131
G0 F15000 X113.79 Y129.51
G1 F7500 X105.206 Y138.095 E1189.36548
G0 F15000 X105.206 Y138.717
G1 F7500 X113.79 Y130.133 E1189.80962
G0 F15000 X113.79 Y130.755
G1 F7500 X105.206 Y139.339 E1190.25376
G0 F15000 X105.206 Y139.961
G1 F7500 X113.79 Y131.377 E1190.6979
G0 F15000 X113.79 Y131.999
G1 F7500 X105.206 Y140.584 E1191.14207
G0 F15000 X105.206 Y141.206
G1 F7500 X113.79 Y132.622 E1191.58621
G0 F15000 X113.79 Y133.244
G1 F7500 X105.206 Y141.828 E1192.03036
G0 F15000 X105.206 Y142.45
G1 F7500 X113.79 Y133.866 E1192.4745
G0 F15000 X113.79 Y134.488
G1 F7500 X105.206 Y143.073 E1192.91866
G0 F15000 X105.206 Y143.695
G1 F7500 X113.79 Y135.111 E1193.36281
G0 F15000 X113.79 Y135.733
G1 F7500 X105.206 Y144.317 E1193.80695
G0 F15000 X105.206 Y144.939
G1 F7500 X113.79 Y136.355 E1194.25109
G0 F15000 X113.79 Y136.977
G1 F7500 X105.206 Y145.562 E1194.69526
G0 F15000 X105.206 Y146.184
G1 F7500 X113.79 Y137.6 E1195.1394
G0 F15000 X113.79 Y138.222
G1 F7500 X105.206 Y146.806 E1195.58354
G0 F15000 X105.206 Y147.428
G1 F7500 X113.79 Y138.844 E1196.02768
G0 F15000 X113.79 Y139.466
G1 F7500 X105.206 Y148.051 E1196.47185
G0 F15000 X105.206 Y148.673
G1 F7500 X113.79 Y140.089 E1196.91599
G0 F15000 X113.79 Y140.711
G1 F7500 X105.206 Y149.295 E1197.36013
G0 F15000 X105.206 Y149.917
G1 F7500 X113.79 Y141.333 E1197.80427
G0 F15000 X113.79 Y141.955
G1 F7500 X105.206 Y150.54 E1198.24844
G0 F15000 X105.206 Y151.162
G1 F7500 X113.79 Y142.578 E1198.69258
G0 F15000 X113.79 Y143.2
G1 F7500 X105.206 Y151.784 E1199.13672
G0 F15000 X105.206 Y152.406
G1 F7500 X113.79 Y143.822 E1199.58086
G0 F15000 X113.79 Y144.444
G1 F7500 X105.206 Y153.029 E1200.02503
G0 F15000 X105.206 Y153.651
G1 F7500 X113.79 Y145.067 E1200.46917
G0 F15000 X113.79 Y145.689
G1 F7500 X105.206 Y154.273 E1200.91332
G0 F15000 X105.206 Y154.895
G1 F7500 X113.79 Y146.311 E1201.35746
G0 F15000 X113.79 Y146.933
G1 F7500 X105.206 Y155.518 E1201.80162
G0 F15000 X105.206 Y156.14
G1 F7500 X113.79 Y147.556 E1202.24577
G0 F15000 X113.79 Y148.178
G1 F7500 X105.206 Y156.762 E1202.68991
G0 F15000 X105.206 Y157.384
G1 F7500 X113.79 Y148.8 E1203.13405
G0 F15000 X113.79 Y149.422
G1 F7500 X105.206 Y158.007 E1203.57822
G0 F15000 X105.206 Y158.629
G1 F7500 X113.79 Y150.045 E1204.02236
G0 F15000 X113.79 Y150.667
G1 F7500 X105.206 Y159.251 E1204.4665
G0 F15000 X105.206 Y159.874
G1 F7500 X113.79 Y151.289 E1204.91067
G0 F15000 X113.79 Y151.911
G1 F7500 X105.206 Y160.496 E1205.35483
G0 F15000 X105.206 Y161.118
G1 F7500 X113.79 Y152.534 E1205.79898
G0 F15000 X113.79 Y153.156
G1 F7500 X105.206 Y161.74 E1206.24312
G0 F15000 X105.206 Y162.363
G1 F7500 X113.79 Y153.778 E1206.68728
G0 F15000 X113.79 Y154.401
G1 F7500 X105.206 Y162.985 E1207.13143
G0 F15000 X105.206 Y163.607
G1 F7500 X113.79 Y155.023 E1207.57557
G0 F15000 X113.79 Y155.645
G1 F7500 X105.206 Y164.229 E1208.01971
G0 F15000 X105.206 Y164.852
G1 F7500 X113.79 Y156.267 E1208.46388
G0 F15000 X113.79 Y156.89
G1 F7500 X105.206 Y165.474 E1208.90802
G0 F15000 X105.206 Y166.096
G1 F7500 X113.79 Y157.512 E1209.35216
G0 F15000 X113.79 Y158.134
G1 F7500 X105.206 Y166.718 E1209.7963
G0 F15000 X105.206 Y167.341
G1 F7500 X113.79 Y158.756 E1210.24047
G0 F15000 X113.79 Y159.379
G1 F7500 X105.206 Y167.963 E1210.68461
G0 F15000 X105.206 Y168.585
G1 F7500 X113.79 Y160.001 E1211.12875
G0 F15000 X113.79 Y160.623
G1 F7500 X105.206 Y169.207 E1211.57289
G0 F15000 X105.206 Y169.83
G1 F7500 X113.79 Y161.245 E1212.01706
G0 F15000 X113.79 Y161.868
G1 F7500 X105.206 Y170.452 E1212.4612
G0 F15000 X105.206 Y171.074
G1 F7500 X113.79 Y162.49 E1212.90534
G0 F15000 X113.79 Y163.112
G1 F7500 X105.206 Y171.696 E1213.34949
G0 F15000 X105.206 Y172.319
G1 F7500 X106.849 Y170.675 E1213.43452
G0 F15000 X107.676 Y169.849
G1 F7500 X113.79 Y163.734 E1213.75089
G0 F15000 X113.79 Y164.357
G1 F7500 X108.761 Y169.386 E1214.01109
G0 F15000 X109.5 Y169.269
G1 F7500 X113.79 Y164.979 E1214.23306
G0 F15000 X113.79 Y165.601
G1 F7500 X110.037 Y169.354 E1214.42724
G0 F15000 X110.556 Y169.457
G1 F7500 X113.79 Y166.223 E1214.59457
G0 F15000 X113.79 Y166.846
G1 F7500 X110.969 Y169.667 E1214.74053
G0 F15000 X111.38 Y169.878
G1 F7500 X113.79 Y167.468 E1214.86523
G0 F15000 X113.79 Y168.09
G1 F7500 X111.696 Y170.184 E1214.97357
G0 F15000 X112.007 Y170.495
G1 F7500 X113.79 Y168.712 E1215.06583
G0 F15000 X113.79 Y169.335
G1 F7500 X112.252 Y170.873 E1215.1454
G0 F15000 X112.463 Y171.284
G1 F7500 X113.79 Y169.957 E1215.21406
G0 F15000 X113.79 Y170.579
G1 F7500 X112.613 Y171.756 E1215.27496
G0 F15000 X112.698 Y172.293
G1 F7500 X113.79 Y171.201 E1215.33146
G0 F15000 X113.79 Y171.824
G1 F7500 X112.659 Y172.955 E1215.38998
G0 F15000 X112.398 Y173.837
G1 F7500 X113.79 Y172.446 E1215.46198
G0 F15000 X113.79 Y173.068
G1 F7500 X111.565 Y175.293 E1215.5771
G0 F15000 X112.188 Y175.293
G1 F7500 X113.79 Y173.69 E1215.66002
G0 F15000 X113.79 Y174.313
G1 F7500 X112.81 Y175.293 E1215.71072
G0 F15000 X113.432 Y175.293
G1 F7500 X113.79 Y174.935 E1215.72924
G1 F4800 E1205.72924
G0 F15000 X107.496 Y175.006
G1 F4800 E1215.72924
G1 F7500 X107.209 Y175.293 E1215.74409
G0 F15000 X107.185 Y174.695
G1 F7500 X106.587 Y175.293 E1215.77503
G0 F15000 X105.964 Y175.293
G1 F7500 X106.878 Y174.38 E1215.8223
G0 F15000 X106.667 Y173.968
G1 F7500 X105.342 Y175.293 E1215.89086
G0 F15000 X105.206 Y174.808
G1 F7500 X106.457 Y173.557 E1215.95558
G0 F15000 X106.353 Y173.038
G1 F7500 X105.206 Y174.185 E1216.01493
G0 F15000 X105.206 Y173.563
G1 F7500 X106.267 Y172.502 E1216.06983
G0 F15000 X106.384 Y171.762
G1 F7500 X105.206 Y172.941 E1216.1308
G1 F4800 E1206.1308
G0 F15000 X140.634 Y169.87
G1 F4800 E1216.1308
G1 F7500 X141.093 Y169.41 E1216.15458
G1 F4800 E1206.15458
G0 F15000 X144.506 Y169.109
G1 F4800 E1216.15458
G1 F7500 X145.294 Y168.321 E1216.19535
G0 F15000 X145.294 Y167.699
G1 F7500 X144.506 Y168.487 E1216.23612
G0 F15000 X144.506 Y167.865
G1 F7500 X145.294 Y167.077 E1216.27689
G0 F15000 X145.294 Y166.455
G1 F7500 X144.506 Y167.242 E1216.31764
G0 F15000 X144.506 Y166.62
G1 F7500 X145.294 Y165.832 E1216.35841
G0 F15000 X145.294 Y165.21
G1 F7500 X144.506 Y165.998 E1216.39918
G0 F15000 X144.506 Y165.376
G1 F7500 X145.294 Y164.588 E1216.43995
G0 F15000 X145.294 Y163.966
G1 F7500 X144.506 Y164.753 E1216.4807
G0 F15000 X144.506 Y164.131
G1 F7500 X145.294 Y163.343 E1216.52147
G0 F15000 X145.294 Y162.721
G1 F7500 X144.506 Y163.509 E1216.56224
G0 F15000 X144.506 Y162.886
G1 F7500 X145.294 Y162.099 E1216.60299
G0 F15000 X145.294 Y161.477
G1 F7500 X144.506 Y162.264 E1216.64373
G0 F15000 X144.506 Y161.642
G1 F7500 X145.294 Y160.854 E1216.68451
G0 F15000 X145.294 Y160.232
G1 F7500 X144.506 Y161.02 E1216.72528
G0 F15000 X144.506 Y160.397
G1 F7500 X145.294 Y159.61 E1216.76602
G0 F15000 X145.294 Y158.988
G1 F7500 X144.506 Y159.775 E1216.80677
G0 F15000 X144.506 Y159.153
G1 F7500 X145.294 Y158.365 E1216.84754
G0 F15000 X145.294 Y157.743
G1 F7500 X144.507 Y158.53 E1216.88826
G0 F15000 X144.507 Y157.908
G1 F7500 X145.294 Y157.121 E1216.92898
G0 F15000 X145.294 Y156.498
G1 F7500 X144.507 Y157.286 E1216.96973
G0 F15000 X144.507 Y156.663
G1 F7500 X145.294 Y155.876 E1217.01045
G0 F15000 X145.294 Y155.254
G1 F7500 X144.507 Y156.041 E1217.05117
G0 F15000 X144.507 Y155.419
G1 F7500 X145.294 Y154.632 E1217.09189
G0 F15000 X145.294 Y154.009
G1 F7500 X144.507 Y154.796 E1217.13261
G0 F15000 X144.507 Y154.174
G1 F7500 X145.294 Y153.387 E1217.17333
G0 F15000 X145.294 Y152.765
G1 F7500 X144.507 Y153.552 E1217.21405
G0 F15000 X144.507 Y152.93
G1 F7500 X145.294 Y152.143 E1217.25476
G0 F15000 X145.294 Y151.52
G1 F7500 X144.507 Y152.307 E1217.29548
G0 F15000 X144.507 Y151.685
G1 F7500 X145.294 Y150.898 E1217.3362
G1 F4800 E1207.3362
G0 F15000 X145.294 Y168.944
G1 F4800 E1217.3362
G1 F7500 X144.506 Y169.731 E1217.37695
G0 F15000 X144.687 Y170.173
G1 F7500 X145.294 Y169.566 E1217.40836
G0 F15000 X145.294 Y170.188
G1 F7500 X144.997 Y170.484 E1217.4237
G1 F4800 E1207.4237
;MESH:NONMESH
G0 F300 X144.997 Y170.484 Z1
G0 F15000 X106.882 Y79.5
;TIME_ELAPSED:1068.818347
;LAYER:4
;TYPE:WALL-INNER
;MESH:Top Carcaza.stl
G1 F4800 E1217.4237
G1 X107.011 Y80.309 E1217.45367
G1 X107.384 Y81.038 E1217.48363
G1 X107.962 Y81.616 E1217.51354
G1 X108.693 Y81.989 E1217.54356
G1 X109.5 Y82.115 E1217.57344
G1 X110.307 Y81.989 E1217.60333
G1 X111.038 Y81.616 E1217.63335
G1 X111.616 Y81.038 E1217.66326
G1 X111.989 Y80.307 E1217.69328
G1 X112.115 Y79.5 E1217.72317
G1 X111.989 Y78.693 E1217.75305
G1 X111.616 Y77.962 E1217.78307
G1 X111.038 Y77.384 E1217.81298
G1 X110.309 Y77.011 E1217.84294
G1 X109.5 Y76.882 E1217.87291
G1 X108.691 Y77.011 E1217.90288
G1 X107.962 Y77.384 E1217.93284
G1 X107.384 Y77.962 E1217.96275
G1 X107.011 Y78.691 E1217.99271
G1 X106.882 Y79.5 E1218.02268
G0 F15000 X107.328 Y79.5
G1 F1440 X107.435 Y80.171 E1218.04754
G1 X107.744 Y80.776 E1218.07239
G1 X108.224 Y81.256 E1218.09723
G1 X108.83 Y81.565 E1218.12212
G1 X109.5 Y81.67 E1218.14693
G1 X110.17 Y81.565 E1218.17174
G1 X110.776 Y81.256 E1218.19663
G1 X111.256 Y80.776 E1218.22146
G1 X111.565 Y80.17 E1218.24635
G1 X111.67 Y79.5 E1218.27116
G1 X111.565 Y78.83 E1218.29597
G1 X111.256 Y78.224 E1218.32086
G1 X110.776 Y77.744 E1218.3457
G1 X110.171 Y77.435 E1218.37055
G1 X109.5 Y77.328 E1218.39541
G1 X108.829 Y77.435 E1218.42027
G1 X108.224 Y77.744 E1218.44513
G1 X107.744 Y78.224 E1218.46996
G1 X107.435 Y78.829 E1218.49482
G1 X107.328 Y79.5 E1218.51967
G0 F15000 X107.774 Y79.5
;TYPE:WALL-OUTER
G1 F1080 X107.859 Y80.033 E1218.53942
G1 X108.104 Y80.514 E1218.55917
G1 X108.486 Y80.896 E1218.57894
G1 X108.967 Y81.141 E1218.59869
G1 X109.5 Y81.225 E1218.61843
G1 X110.033 Y81.141 E1218.63817
G1 X110.514 Y80.896 E1218.65792
G1 X110.896 Y80.514 E1218.67768
G1 X111.141 Y80.033 E1218.69743
G1 X111.225 Y79.5 E1218.71717
G1 X111.141 Y78.967 E1218.73691
G1 X110.896 Y78.486 E1218.75666
G1 X110.514 Y78.104 E1218.77643
G1 X110.033 Y77.859 E1218.79618
G1 X109.5 Y77.774 E1218.81592
G1 X108.967 Y77.859 E1218.83567
G1 X108.486 Y78.104 E1218.85542
G1 X108.104 Y78.486 E1218.87518
G1 X107.859 Y78.967 E1218.89493
G1 X107.774 Y79.5 E1218.91468
G0 F15000 X107.29 Y79.5
G1 F4800 E1208.91468
G0 F15000 X143.463 Y127.597
;TYPE:WALL-INNER
G1 F4800 E1218.91468
G1 X143.463 Y127.378 E1218.92269
G1 X143.244 Y127.378 E1218.92788
G1 X117.412 Y127.378 E1219.87297
G1 X117.412 Y127.338 E1219.87444
G1 X114.837 Y127.338 E1219.96865
G1 X114.837 Y176.34 E1221.76144
G1 X104.34 Y176.34 E1222.14548
G1 X104.34 Y177.66 E1222.19378
G1 X147.663 Y177.663 E1223.7788
G1 X147.663 Y74.337 E1227.5591
G1 X104.34 Y74.34 E1229.14412
G1 X104.34 Y75.441 E1229.1844
G1 X104.34 Y75.66 E1229.19242
G1 X104.559 Y75.66 E1229.1976
G1 X146.122 Y75.659 E1230.71823
G1 X146.341 Y75.659 E1230.72624
G1 X146.341 Y75.878 E1230.73143
G1 X146.341 Y176.122 E1234.39897
G1 X146.341 Y176.341 E1234.40698
G1 X146.122 Y176.341 E1234.41217
G1 X138.21 Y176.34 E1234.70164
G1 X138.21 Y149.66 E1235.67776
G1 X142.14 Y149.66 E1235.82154
G1 X142.14 Y170.396 E1236.58019
G1 X141.838 Y170.431 E1236.59132
G1 X141.224 Y170.744 E1236.61653
G1 X140.744 Y171.224 E1236.64137
G1 X140.435 Y171.83 E1236.66625
G1 X140.33 Y172.5 E1236.69106
G1 X140.435 Y173.17 E1236.71588
G1 X140.744 Y173.776 E1236.74076
G1 X141.224 Y174.256 E1236.7656
G1 X141.829 Y174.565 E1236.79045
G1 X142.5 Y174.672 E1236.81531
G1 X143.171 Y174.565 E1236.84017
G1 X143.776 Y174.256 E1236.86503
G1 X144.256 Y173.776 E1236.88986
G1 X144.565 Y173.171 E1236.91472
G1 X144.672 Y172.5 E1236.93958
G1 X144.565 Y171.829 E1236.96444
G1 X144.256 Y171.224 E1236.98929
G1 X143.764 Y170.732 E1237.01475
G1 X143.46 Y170.596 E1237.02693
G1 X143.463 Y127.597 E1238.6001
G0 F15000 X143.023 Y127.818
;TYPE:WALL-OUTER
G1 F3600 X116.972 Y127.818 E1239.5532
G1 X116.972 Y127.778 E1239.55467
G1 X115.277 Y127.778 E1239.61668
G1 X115.277 Y176.78 E1241.40948
G1 X104.78 Y176.78 E1241.79352
G1 X104.78 Y177.22 E1241.80962
G1 X147.223 Y177.223 E1243.36244
G1 X147.223 Y74.777 E1247.11055
G1 X104.78 Y74.78 E1248.66338
G1 X104.78 Y75.22 E1248.67947
G1 X146.781 Y75.219 E1250.21613
G1 X146.781 Y176.781 E1253.93189
G1 X144.902 Y176.782 E1254.00064
G1 X137.77 Y176.78 E1254.26157
G1 X137.77 Y149.22 E1255.26988
G1 X142.58 Y149.22 E1255.44586
G1 X142.58 Y170.788 E1256.23495
G1 X141.967 Y170.859 E1256.25753
G1 X141.486 Y171.104 E1256.27728
G1 X141.104 Y171.486 E1256.29704
G1 X140.859 Y171.967 E1256.31679
G1 X140.775 Y172.5 E1256.33653
G1 X140.859 Y173.033 E1256.35627
G1 X141.104 Y173.514 E1256.37602
G1 X141.486 Y173.896 E1256.39579
G1 X141.967 Y174.141 E1256.41554
G1 X142.5 Y174.226 E1256.43529
G1 X143.033 Y174.141 E1256.45503
G1 X143.514 Y173.896 E1256.47478
G1 X143.896 Y173.514 E1256.49455
G1 X144.141 Y173.033 E1256.5143
G1 X144.226 Y172.5 E1256.53404
G1 X144.141 Y171.967 E1256.55379
G1 X143.896 Y171.486 E1256.57354
G1 X143.51 Y171.1 E1256.59351
G1 X143.02 Y170.88 E1256.61316
G1 X143.023 Y127.818 E1258.18863
G1 F4800 E1248.18863
G0 F15000 X106.882 Y172.5
;TYPE:WALL-INNER
G1 F4800 E1258.18863
G1 X107.011 Y173.309 E1258.21861
G1 X107.384 Y174.038 E1258.24857
G1 X107.962 Y174.616 E1258.27847
G1 X108.691 Y174.989 E1258.30843
G1 X109.5 Y175.118 E1258.3384
G1 X110.309 Y174.989 E1258.36838
G1 X111.038 Y174.616 E1258.39834
G1 X111.616 Y174.038 E1258.42824
G1 X111.989 Y173.307 E1258.45827
G1 X112.115 Y172.5 E1258.48815
G1 X111.989 Y171.693 E1258.51803
G1 X111.616 Y170.962 E1258.54806
G1 X111.038 Y170.384 E1258.57796
G1 X110.307 Y170.011 E1258.60799
G1 X109.5 Y169.885 E1258.63787
G1 X108.693 Y170.011 E1258.66775
G1 X107.962 Y170.384 E1258.69778
G1 X107.384 Y170.962 E1258.72769
G1 X107.011 Y171.691 E1258.75764
G1 X106.882 Y172.5 E1258.78762
G0 F15000 X107.328 Y172.5
G1 F1440 X107.435 Y173.171 E1258.81248
G1 X107.744 Y173.776 E1258.83733
G1 X108.224 Y174.256 E1258.86217
G1 X108.829 Y174.565 E1258.88702
G1 X109.5 Y174.672 E1258.91188
G1 X110.171 Y174.565 E1258.93674
G1 X110.776 Y174.256 E1258.96159
G1 X111.256 Y173.776 E1258.98643
G1 X111.565 Y173.17 E1259.01132
G1 X111.67 Y172.5 E1259.03613
G1 X111.565 Y171.83 E1259.06094
G1 X111.256 Y171.224 E1259.08583
G1 X110.776 Y170.744 E1259.11066
G1 X110.17 Y170.435 E1259.13555
G1 X109.5 Y170.33 E1259.16036
G1 X108.83 Y170.435 E1259.18517
G1 X108.224 Y170.744 E1259.21006
G1 X107.744 Y171.224 E1259.2349
G1 X107.435 Y171.829 E1259.25975
G1 X107.328 Y172.5 E1259.28461
G0 F15000 X107.774 Y172.5
;TYPE:WALL-OUTER
G1 F1080 X107.859 Y173.033 E1259.30436
G1 X108.104 Y173.514 E1259.32411
G1 X108.486 Y173.896 E1259.34387
G1 X108.967 Y174.141 E1259.36362
G1 X109.5 Y174.226 E1259.38337
G1 X110.033 Y174.141 E1259.40311
G1 X110.514 Y173.896 E1259.42286
G1 X110.896 Y173.514 E1259.44263
G1 X111.141 Y173.033 E1259.46238
G1 X111.225 Y172.5 E1259.48212
G1 X111.141 Y171.967 E1259.50186
G1 X110.896 Y171.486 E1259.52161
G1 X110.514 Y171.104 E1259.54137
G1 X110.033 Y170.859 E1259.56112
G1 X109.5 Y170.775 E1259.58087
G1 X108.967 Y170.859 E1259.60061
G1 X108.486 Y171.104 E1259.62036
G1 X108.104 Y171.486 E1259.64012
G1 X107.859 Y171.967 E1259.65987
G1 X107.774 Y172.5 E1259.67962
G0 F15000 X107.29 Y172.5
G1 F4800 E1249.67962
G0 F15000 X145.901 Y175.901
;TYPE:WALL-INNER
G1 F4800 E1259.67962
G1 X145.682 Y175.901 E1259.68763
G1 X138.65 Y175.9 E1259.9449
G1 X138.65 Y150.1 E1260.88883
G1 X141.7 Y150.1 E1261.00041
G1 X141.7 Y170.008 E1261.72877
G1 X140.962 Y170.384 E1261.75907
G1 X140.384 Y170.962 E1261.78898
G1 X140.011 Y171.693 E1261.819
G1 X139.885 Y172.5 E1261.84889
G1 X140.011 Y173.307 E1261.87877
G1 X140.384 Y174.038 E1261.90879
G1 X140.962 Y174.616 E1261.9387
G1 X141.691 Y174.989 E1261.96866
G1 X142.5 Y175.118 E1261.99863
G1 X143.309 Y174.989 E1262.0286
G1 X144.038 Y174.616 E1262.05856
G1 X144.616 Y174.038 E1262.08847
G1 X144.989 Y173.309 E1262.11843
G1 X145.118 Y172.5 E1262.1484
G1 X144.989 Y171.691 E1262.17837
G1 X144.616 Y170.962 E1262.20833
G1 X144.018 Y170.363 E1262.2393
G1 X143.9 Y170.31 E1262.24403
G1 X143.903 Y127.157 E1263.82284
G1 X143.903 Y126.938 E1263.83085
G1 X143.684 Y126.938 E1263.83603
G1 X117.852 Y126.938 E1264.78113
G1 X117.852 Y126.898 E1264.78259
G1 X114.397 Y126.898 E1264.909
G1 X114.397 Y175.9 E1266.70179
G1 X104.6 Y175.9 E1267.06023
G1 X104.6 Y76.1 E1270.71152
G1 X145.682 Y76.099 E1272.21456
G1 X145.901 Y76.099 E1272.22257
G1 X145.901 Y76.318 E1272.22775
G1 X145.901 Y175.682 E1275.8631
G1 X145.901 Y175.901 E1275.86829
G1 F4800 E1265.86829
G0 F15000 X147.84 Y177.84
G1 F4800 E1275.86829
G1 X147.663 Y177.84 E1275.8731
G1 X104.34 Y177.84 E1276.51758
G1 X104.16 Y177.84 E1276.5225
G1 X104.16 Y177.66 E1276.52742
G1 X104.16 Y176.34 E1276.54722
G1 X104.16 Y75.66 E1280.23071
G1 X104.16 Y74.34 E1280.27901
G1 X104.16 Y74.16 E1280.28393
G1 X104.34 Y74.16 E1280.28885
G1 X147.663 Y74.16 E1280.93333
G1 X147.84 Y74.16 E1280.93814
G1 X147.84 Y74.337 E1280.94295
G1 X147.84 Y177.663 E1282.46713
G1 X147.84 Y177.84 E1282.47194
G0 F15000 X148.28 Y178.28
;TYPE:WALL-OUTER
G1 F3600 X103.72 Y178.28 E1284.10222
G1 X103.72 Y73.72 E1287.92767
G1 X148.28 Y73.72 E1289.55795
G1 X148.28 Y178.28 E1293.38339
G1 F4800 E1283.38339
G0 F15000 X145.471 Y175.471
;TYPE:SKIN
G1 F4800 E1293.38339
G1 F2250 X143.021 Y175.471 E1293.47303
G1 X143.444 Y175.403 E1293.4887
G1 X144.294 Y174.968 E1293.52364
G1 X144.968 Y174.294 E1293.55851
G1 X145.403 Y173.444 E1293.59345
G1 X145.471 Y173.019 E1293.60919
G1 X145.471 Y175.471 E1293.6989
G1 F4800 E1283.6989
G0 F15000 X145.471 Y171.981
G1 F4800 E1293.6989
G1 F7500 X145.403 Y171.556 E1293.71465
G1 X144.968 Y170.706 E1293.74958
G1 X144.33 Y170.067 E1293.78262
G1 X144.333 Y126.508 E1295.37628
G1 X118.282 Y126.508 E1296.32938
G1 X118.282 Y126.468 E1296.33084
G1 X113.967 Y126.468 E1296.48871
G1 X113.967 Y175.47 E1298.28151
G1 X110.025 Y175.47 E1298.42573
G1 X110.444 Y175.403 E1298.44125
G1 X111.294 Y174.968 E1298.47619
G1 X111.968 Y174.294 E1298.51106
G1 X112.403 Y173.442 E1298.54606
G1 X112.551 Y172.5 E1298.58095
G1 X112.403 Y171.558 E1298.61584
G1 X111.968 Y170.706 E1298.65083
G1 X111.294 Y170.032 E1298.68571
G1 X110.442 Y169.597 E1298.72071
G1 X109.5 Y169.449 E1298.75559
G1 X108.558 Y169.597 E1298.79048
G1 X107.706 Y170.032 E1298.82548
G1 X107.032 Y170.706 E1298.86035
G1 X106.597 Y171.556 E1298.89529
G1 X106.446 Y172.5 E1298.93026
G1 X106.597 Y173.444 E1298.96524
G1 X107.032 Y174.294 E1299.00017
G1 X107.706 Y174.968 E1299.03505
G1 X108.556 Y175.403 E1299.06998
G1 X108.975 Y175.47 E1299.08551
G1 X105.03 Y175.47 E1299.22984
G1 X105.03 Y76.53 E1302.84967
G1 X108.975 Y76.53 E1302.994
G1 X108.556 Y76.597 E1303.00953
G1 X107.706 Y77.032 E1303.04446
G1 X107.032 Y77.706 E1303.07934
G1 X106.597 Y78.556 E1303.11427
G1 X106.446 Y79.5 E1303.14925
G1 X106.597 Y80.444 E1303.18422
G1 X107.032 Y81.294 E1303.21916
G1 X107.706 Y81.968 E1303.25403
G1 X108.558 Y82.403 E1303.28903
G1 X109.5 Y82.551 E1303.32392
G1 X110.442 Y82.403 E1303.3588
G1 X111.294 Y81.968 E1303.3938
G1 X111.968 Y81.294 E1303.42867
G1 X112.403 Y80.442 E1303.46367
G1 X112.551 Y79.5 E1303.49856
G1 X112.403 Y78.558 E1303.53345
G1 X111.968 Y77.706 E1303.56845
G1 X111.294 Y77.032 E1303.60332
G1 X110.444 Y76.597 E1303.63825
G1 X110.024 Y76.53 E1303.65381
G1 X145.471 Y76.529 E1304.95068
G1 X145.471 Y171.981 E1308.4429
G1 F4800 E1298.4429
G0 F15000 X141.978 Y175.47
G1 F4800 E1308.4429
G1 F7500 X139.08 Y175.47 E1308.54893
G1 X139.08 Y150.53 E1309.46139
G1 X141.27 Y150.53 E1309.54151
G1 X141.27 Y169.745 E1310.24452
G1 X140.706 Y170.032 E1310.26767
G1 X140.032 Y170.706 E1310.30254
G1 X139.597 Y171.558 E1310.33754
G1 X139.449 Y172.5 E1310.37243
G1 X139.597 Y173.442 E1310.40732
G1 X140.032 Y174.294 E1310.44231
G1 X140.706 Y174.968 E1310.47719
G1 X141.556 Y175.403 E1310.51212
G1 X141.978 Y175.47 E1310.52775
G1 F4800 E1300.52775
G0 F15000 X105.6 Y175.293
G1 F4800 E1310.52775
G1 F7500 X105.205 Y174.897 E1310.54822
G0 F15000 X105.205 Y174.275
G1 F7500 X106.222 Y175.293 E1310.60086
G0 F15000 X106.845 Y175.293
G1 F7500 X105.205 Y173.653 E1310.68572
G0 F15000 X105.205 Y173.031
G1 F7500 X107.467 Y175.293 E1310.80276
G1 F4800 E1300.80276
G0 F15000 X106.566 Y173.77
G1 F4800 E1310.80276
G1 F7500 X105.205 Y172.408 E1310.8732
G0 F15000 X105.205 Y171.786
G1 F7500 X106.334 Y172.915 E1310.93162
G0 F15000 X106.305 Y172.264
G1 F7500 X105.205 Y171.164 E1310.98853
G0 F15000 X105.205 Y170.542
G1 F7500 X106.391 Y171.727 E1311.04987
G0 F15000 X106.548 Y171.263
G1 F7500 X105.205 Y169.919 E1311.11938
G0 F15000 X105.205 Y169.297
G1 F7500 X106.759 Y170.851 E1311.19979
G0 F15000 X107.009 Y170.479
G1 F7500 X105.205 Y168.675 E1311.29313
G0 F15000 X105.205 Y168.053
G1 F7500 X107.32 Y170.168 E1311.40256
G0 F15000 X107.64 Y169.866
G1 F7500 X105.205 Y167.43 E1311.52857
G0 F15000 X105.205 Y166.808
G1 F7500 X108.052 Y169.656 E1311.6759
G0 F15000 X108.464 Y169.445
G1 F7500 X105.205 Y166.186 E1311.84453
G0 F15000 X105.205 Y165.564
G1 F7500 X108.99 Y169.349 E1312.04037
G0 F15000 X109.538 Y169.274
G1 F7500 X105.205 Y164.941 E1312.26456
G0 F15000 X105.205 Y164.319
G1 F7500 X110.277 Y169.391 E1312.52699
G0 F15000 X111.389 Y169.881
G1 F7500 X105.205 Y163.697 E1312.84695
G0 F15000 X105.205 Y163.075
G1 F7500 X113.791 Y171.66 E1313.29117
G0 F15000 X113.791 Y171.038
G1 F7500 X105.205 Y162.452 E1313.73541
G0 F15000 X105.205 Y161.83
G1 F7500 X113.791 Y170.416 E1314.17966
G0 F15000 X113.791 Y169.794
G1 F7500 X105.205 Y161.208 E1314.6239
G0 F15000 X105.205 Y160.586
G1 F7500 X113.791 Y169.171 E1315.06812
G0 F15000 X113.791 Y168.549
G1 F7500 X105.205 Y159.963 E1315.51237
G0 F15000 X105.205 Y159.341
G1 F7500 X113.791 Y167.927 E1315.95661
G0 F15000 X113.791 Y167.304
G1 F7500 X105.205 Y158.719 E1316.40083
G0 F15000 X105.205 Y158.097
G1 F7500 X113.791 Y166.682 E1316.84505
G0 F15000 X113.791 Y166.06
G1 F7500 X105.205 Y157.474 E1317.2893
G0 F15000 X105.205 Y156.852
G1 F7500 X113.791 Y165.438 E1317.73354
G0 F15000 X113.791 Y164.815
G1 F7500 X105.205 Y156.23 E1318.17776
G0 F15000 X105.205 Y155.608
G1 F7500 X113.791 Y164.193 E1318.62198
G0 F15000 X113.791 Y163.571
G1 F7500 X105.205 Y154.985 E1319.06623
G0 F15000 X105.205 Y154.363
G1 F7500 X113.791 Y162.949 E1319.51047
G0 F15000 X113.791 Y162.326
G1 F7500 X105.205 Y153.741 E1319.95469
G0 F15000 X105.205 Y153.119
G1 F7500 X113.791 Y161.704 E1320.39891
G0 F15000 X113.791 Y161.082
G1 F7500 X105.205 Y152.496 E1320.84315
G0 F15000 X105.205 Y151.874
G1 F7500 X113.791 Y160.46 E1321.2874
G0 F15000 X113.791 Y159.837
G1 F7500 X105.205 Y151.252 E1321.73162
G0 F15000 X105.205 Y150.63
G1 F7500 X113.791 Y159.215 E1322.17584
G0 F15000 X113.791 Y158.593
G1 F7500 X105.205 Y150.007 E1322.62008
G0 F15000 X105.205 Y149.385
G1 F7500 X113.791 Y157.971 E1323.06433
G0 F15000 X113.791 Y157.348
G1 F7500 X105.205 Y148.763 E1323.50855
G0 F15000 X105.205 Y148.14
G1 F7500 X113.791 Y156.726 E1323.95279
G0 F15000 X113.791 Y156.104
G1 F7500 X105.205 Y147.518 E1324.39704
G0 F15000 X105.205 Y146.896
G1 F7500 X113.791 Y155.482 E1324.84128
G0 F15000 X113.791 Y154.859
G1 F7500 X105.205 Y146.274 E1325.2855
G0 F15000 X105.205 Y145.651
G1 F7500 X113.791 Y154.237 E1325.72975
G0 F15000 X113.791 Y153.615
G1 F7500 X105.205 Y145.029 E1326.17399
G0 F15000 X105.205 Y144.407
G1 F7500 X113.791 Y152.993 E1326.61824
G0 F15000 X113.791 Y152.37
G1 F7500 X105.205 Y143.785 E1327.06245
G0 F15000 X105.205 Y143.162
G1 F7500 X113.791 Y151.748 E1327.5067
G0 F15000 X113.791 Y151.126
G1 F7500 X105.205 Y142.54 E1327.95094
G0 F15000 X105.205 Y141.918
G1 F7500 X113.791 Y150.504 E1328.39519
G0 F15000 X113.791 Y149.881
G1 F7500 X105.205 Y141.296 E1328.83941
G0 F15000 X105.205 Y140.673
G1 F7500 X113.791 Y149.259 E1329.28365
G0 F15000 X113.791 Y148.637
G1 F7500 X105.205 Y140.051 E1329.7279
G0 F15000 X105.205 Y139.429
G1 F7500 X113.791 Y148.015 E1330.17214
G0 F15000 X113.791 Y147.392
G1 F7500 X105.205 Y138.807 E1330.61636
G0 F15000 X105.205 Y138.184
G1 F7500 X113.791 Y146.77 E1331.06061
G0 F15000 X113.791 Y146.148
G1 F7500 X105.205 Y137.562 E1331.50485
G0 F15000 X105.205 Y136.94
G1 F7500 X113.791 Y145.526 E1331.9491
G0 F15000 X113.791 Y144.903
G1 F7500 X105.205 Y136.318 E1332.39332
G0 F15000 X105.205 Y135.695
G1 F7500 X113.791 Y144.281 E1332.83756
G0 F15000 X113.791 Y143.659
G1 F7500 X105.205 Y135.073 E1333.28181
G0 F15000 X105.205 Y134.451
G1 F7500 X113.791 Y143.037 E1333.72605
G0 F15000 X113.791 Y142.414
G1 F7500 X105.205 Y133.829 E1334.17027
G0 F15000 X105.205 Y133.206
G1 F7500 X113.791 Y141.792 E1334.61452
G0 F15000 X113.791 Y141.17
G1 F7500 X105.205 Y132.584 E1335.05876
G0 F15000 X105.205 Y131.962
G1 F7500 X113.791 Y140.548 E1335.50301
G0 F15000 X113.791 Y139.925
G1 F7500 X105.205 Y131.34 E1335.94723
G0 F15000 X105.205 Y130.717
G1 F7500 X113.791 Y139.303 E1336.39147
G0 F15000 X113.791 Y138.681
G1 F7500 X105.205 Y130.095 E1336.83572
G0 F15000 X105.205 Y129.473
G1 F7500 X113.791 Y138.059 E1337.27996
G0 F15000 X113.791 Y137.436
G1 F7500 X105.205 Y128.851 E1337.72418
G0 F15000 X105.205 Y128.228
G1 F7500 X113.791 Y136.814 E1338.16843
G0 F15000 X113.791 Y136.192
G1 F7500 X105.205 Y127.606 E1338.61267
G0 F15000 X105.205 Y126.984
G1 F7500 X113.791 Y135.57 E1339.05692
G0 F15000 X113.791 Y134.947
G1 F7500 X105.205 Y126.362 E1339.50113
G0 F15000 X105.205 Y125.739
G1 F7500 X113.791 Y134.325 E1339.94538
G0 F15000 X113.791 Y133.703
G1 F7500 X105.205 Y125.117 E1340.38962
G0 F15000 X105.205 Y124.495
G1 F7500 X113.791 Y133.081 E1340.83387
G0 F15000 X113.791 Y132.458
G1 F7500 X105.205 Y123.873 E1341.27809
G0 F15000 X105.205 Y123.25
G1 F7500 X113.791 Y131.836 E1341.72233
G0 F15000 X113.791 Y131.214
G1 F7500 X105.205 Y122.628 E1342.16658
G0 F15000 X105.205 Y122.006
G1 F7500 X113.791 Y130.592 E1342.61082
G0 F15000 X113.791 Y129.969
G1 F7500 X105.205 Y121.384 E1343.05504
G0 F15000 X105.205 Y120.761
G1 F7500 X113.791 Y129.347 E1343.49929
G0 F15000 X113.791 Y128.725
G1 F7500 X105.205 Y120.139 E1343.94353
G0 F15000 X105.205 Y119.517
G1 F7500 X113.791 Y128.103 E1344.38778
G0 F15000 X113.791 Y127.48
G1 F7500 X105.205 Y118.895 E1344.832
G0 F15000 X105.205 Y118.272
G1 F7500 X113.791 Y126.858 E1345.27624
G0 F15000 X113.846 Y126.291
G1 F7500 X105.205 Y117.65 E1345.72333
G0 F15000 X105.205 Y117.028
G1 F7500 X114.468 Y126.291 E1346.20261
G0 F15000 X115.09 Y126.291
G1 F7500 X105.205 Y116.406 E1346.71406
G0 F15000 X105.205 Y115.783
G1 F7500 X115.713 Y126.291 E1347.25775
G0 F15000 X116.335 Y126.291
G1 F7500 X105.205 Y115.161 E1347.83363
G0 F15000 X105.205 Y114.539
G1 F7500 X116.957 Y126.291 E1348.44168
G0 F15000 X117.579 Y126.291
G1 F7500 X105.205 Y113.917 E1349.08192
G0 F15000 X105.205 Y113.294
G1 F7500 X118.202 Y126.291 E1349.75439
G0 F15000 X118.863 Y126.33
G1 F7500 X105.205 Y112.672 E1350.46107
G0 F15000 X105.205 Y112.05
G1 F7500 X119.486 Y126.33 E1351.19995
G0 F15000 X120.108 Y126.33
G1 F7500 X105.205 Y111.428 E1351.97101
G0 F15000 X105.205 Y110.805
G1 F7500 X120.73 Y126.33 E1352.77429
G0 F15000 X121.352 Y126.33
G1 F7500 X105.205 Y110.183 E1353.60974
G0 F15000 X105.205 Y109.561
G1 F7500 X121.975 Y126.33 E1354.47741
G0 F15000 X122.597 Y126.33
G1 F7500 X105.205 Y108.938 E1355.37728
G0 F15000 X105.205 Y108.316
G1 F7500 X123.219 Y126.33 E1356.30934
G0 F15000 X123.841 Y126.33
G1 F7500 X105.205 Y107.694 E1357.27357
G0 F15000 X105.205 Y107.072
G1 F7500 X124.464 Y126.33 E1358.27002
G0 F15000 X125.086 Y126.33
G1 F7500 X105.205 Y106.449 E1359.29868
G0 F15000 X105.205 Y105.827
G1 F7500 X125.708 Y126.33 E1360.35951
G0 F15000 X126.33 Y126.33
G1 F7500 X105.205 Y105.205 E1361.45254
G0 F15000 X105.205 Y104.583
G1 F7500 X126.953 Y126.33 E1362.57776
G0 F15000 X127.575 Y126.33
G1 F7500 X105.205 Y103.96 E1363.7352
G0 F15000 X105.205 Y103.338
G1 F7500 X128.197 Y126.33 E1364.92482
G0 F15000 X128.82 Y126.33
G1 F7500 X105.205 Y102.716 E1366.14665
G0 F15000 X105.205 Y102.094
G1 F7500 X129.442 Y126.33 E1367.40066
G0 F15000 X130.064 Y126.33
G1 F7500 X105.205 Y101.471 E1368.68688
G0 F15000 X105.205 Y100.849
G1 F7500 X130.686 Y126.33 E1370.00529
G0 F15000 X131.309 Y126.33
G1 F7500 X105.205 Y100.227 E1371.3559
G0 F15000 X105.205 Y99.605
G1 F7500 X131.931 Y126.33 E1372.73869
G0 F15000 X132.553 Y126.33
G1 F7500 X105.205 Y98.982 E1374.1537
G0 F15000 X105.205 Y98.36
G1 F7500 X133.175 Y126.33 E1375.60088
G0 F15000 X133.798 Y126.33
G1 F7500 X105.205 Y97.738 E1377.08027
G0 F15000 X105.205 Y97.116
G1 F7500 X134.42 Y126.33 E1378.59185
G0 F15000 X135.042 Y126.33
G1 F7500 X105.205 Y96.493 E1380.13564
G0 F15000 X105.205 Y95.871
G1 F7500 X135.664 Y126.33 E1381.7116
G0 F15000 X136.287 Y126.33
G1 F7500 X105.205 Y95.249 E1383.31978
G0 F15000 X105.205 Y94.627
G1 F7500 X136.909 Y126.33 E1384.96014
G0 F15000 X137.531 Y126.33
G1 F7500 X105.205 Y94.004 E1386.63271
G0 F15000 X105.205 Y93.382
G1 F7500 X138.153 Y126.33 E1388.33746
G0 F15000 X138.776 Y126.33
G1 F7500 X105.205 Y92.76 E1390.07442
G0 F15000 X105.205 Y92.138
G1 F7500 X139.398 Y126.33 E1391.84356
G0 F15000 X140.02 Y126.33
G1 F7500 X105.205 Y91.515 E1393.64491
G0 F15000 X105.205 Y90.893
G1 F7500 X140.642 Y126.33 E1395.47844
G0 F15000 X141.265 Y126.33
G1 F7500 X105.205 Y90.271 E1397.34418
G0 F15000 X105.205 Y89.649
G1 F7500 X141.887 Y126.33 E1399.2421
G0 F15000 X142.509 Y126.33
G1 F7500 X105.205 Y89.026 E1401.17224
G0 F15000 X105.205 Y88.404
G1 F7500 X143.131 Y126.33 E1403.13455
G0 F15000 X143.754 Y126.33
G1 F7500 X105.205 Y87.782 E1405.12908
G0 F15000 X105.205 Y87.16
G1 F7500 X144.376 Y126.33 E1407.15578
G0 F15000 X144.507 Y126.462
G1 F7500 X145.294 Y127.249 E1407.1965
G0 F15000 X145.294 Y126.627
G1 F7500 X105.205 Y86.537 E1409.27076
G0 F15000 X105.205 Y85.915
G1 F7500 X145.294 Y126.005 E1411.34501
G0 F15000 X145.294 Y125.382
G1 F7500 X105.205 Y85.293 E1413.41924
G0 F15000 X105.205 Y84.671
G1 F7500 X145.294 Y124.76 E1415.49347
G0 F15000 X145.294 Y124.138
G1 F7500 X105.205 Y84.048 E1417.56773
G0 F15000 X105.205 Y83.426
G1 F7500 X145.294 Y123.515 E1419.64196
G0 F15000 X145.294 Y122.893
G1 F7500 X105.205 Y82.804 E1421.71619
G0 F15000 X105.205 Y82.182
G1 F7500 X145.294 Y122.271 E1423.79042
G0 F15000 X145.294 Y121.649
G1 F7500 X105.205 Y81.559 E1425.86468
G0 F15000 X105.205 Y80.937
G1 F7500 X145.294 Y121.026 E1427.93891
G0 F15000 X145.294 Y120.404
G1 F7500 X105.205 Y80.315 E1430.01314
G0 F15000 X105.205 Y79.693
G1 F7500 X106.862 Y81.35 E1430.09887
G0 F15000 X107.649 Y82.137
G1 F7500 X145.294 Y119.782 E1432.04665
G0 F15000 X145.294 Y119.16
G1 F7500 X108.746 Y82.611 E1433.93769
G0 F15000 X109.484 Y82.727
G1 F7500 X145.294 Y118.537 E1435.79052
G0 F15000 X145.294 Y117.915
G1 F7500 X110.026 Y82.647 E1437.61531
G0 F15000 X110.548 Y82.546
G1 F7500 X145.294 Y117.293 E1439.41311
G0 F15000 X145.294 Y116.671
G1 F7500 X110.959 Y82.336 E1441.18963
G0 F15000 X111.371 Y82.125
G1 F7500 X145.294 Y116.048 E1442.94483
G0 F15000 X145.294 Y115.426
G1 F7500 X111.688 Y81.82 E1444.68362
G0 F15000 X112 Y81.509
G1 F7500 X145.294 Y114.804 E1446.4063
G0 F15000 X145.294 Y114.182
G1 F7500 X112.246 Y81.133 E1448.11625
G0 F15000 X112.456 Y80.721
G1 F7500 X145.294 Y113.559 E1449.81531
G0 F15000 X145.294 Y112.937
G1 F7500 X112.61 Y80.253 E1451.5064
G0 F15000 X112.695 Y79.715
G1 F7500 X145.294 Y112.315 E1453.19312
G0 F15000 X145.294 Y111.693
G1 F7500 X112.659 Y79.058 E1454.88167
G0 F15000 X112.41 Y78.186
G1 F7500 X145.294 Y111.07 E1456.58311
G0 F15000 X145.294 Y110.448
G1 F7500 X111.552 Y76.706 E1458.32894
G0 F15000 X112.174 Y76.706
G1 F7500 X145.294 Y109.826 E1460.04259
G0 F15000 X145.294 Y109.204
G1 F7500 X112.796 Y76.706 E1461.72406
G0 F15000 X113.419 Y76.706
G1 F7500 X145.294 Y108.581 E1463.37329
G0 F15000 X145.294 Y107.959
G1 F7500 X114.041 Y76.706 E1464.99034
G0 F15000 X114.663 Y76.706
G1 F7500 X145.294 Y107.337 E1466.57521
G0 F15000 X145.294 Y106.715
G1 F7500 X115.285 Y76.706 E1468.12789
G0 F15000 X115.908 Y76.706
G1 F7500 X145.294 Y106.092 E1469.64834
G0 F15000 X145.294 Y105.47
G1 F7500 X116.53 Y76.706 E1471.13661
G0 F15000 X117.152 Y76.706
G1 F7500 X145.294 Y104.848 E1472.5927
G0 F15000 X145.294 Y104.226
G1 F7500 X117.774 Y76.706 E1474.0166
G0 F15000 X118.397 Y76.706
G1 F7500 X145.294 Y103.603 E1475.40827
G0 F15000 X145.294 Y102.981
G1 F7500 X119.019 Y76.706 E1476.76775
G0 F15000 X119.641 Y76.706
G1 F7500 X145.294 Y102.359 E1478.09505
G0 F15000 X145.294 Y101.737
G1 F7500 X120.264 Y76.706 E1479.39015
G0 F15000 X120.886 Y76.706
G1 F7500 X145.294 Y101.114 E1480.65303
G0 F15000 X145.294 Y100.492
G1 F7500 X121.508 Y76.706 E1481.88374
G0 F15000 X122.13 Y76.706
G1 F7500 X145.294 Y99.87 E1483.08226
G0 F15000 X145.294 Y99.248
G1 F7500 X122.753 Y76.706 E1484.24857
G0 F15000 X123.375 Y76.706
G1 F7500 X145.294 Y98.625 E1485.38267
G0 F15000 X145.294 Y98.003
G1 F7500 X123.997 Y76.706 E1486.48459
G0 F15000 X124.619 Y76.706
G1 F7500 X145.294 Y97.381 E1487.55433
G0 F15000 X145.294 Y96.759
G1 F7500 X125.242 Y76.706 E1488.59186
G0 F15000 X125.864 Y76.706
G1 F7500 X145.294 Y96.136 E1489.59718
G0 F15000 X145.294 Y95.514
G1 F7500 X126.486 Y76.706 E1490.57031
G0 F15000 X127.108 Y76.706
G1 F7500 X145.294 Y94.892 E1491.51127
G0 F15000 X145.294 Y94.27
G1 F7500 X127.731 Y76.706 E1492.42002
G0 F15000 X128.352 Y76.705
G1 F7500 X145.294 Y93.647 E1493.29661
G0 F15000 X145.294 Y93.025
G1 F7500 X128.974 Y76.705 E1494.14101
G0 F15000 X129.597 Y76.705
G1 F7500 X145.294 Y92.403 E1494.95321
G0 F15000 X145.294 Y91.781
G1 F7500 X130.219 Y76.705 E1495.73323
G0 F15000 X130.841 Y76.705
G1 F7500 X145.294 Y91.158 E1496.48103
G0 F15000 X145.294 Y90.536
G1 F7500 X131.463 Y76.705 E1497.19666
G0 F15000 X132.086 Y76.705
G1 F7500 X145.294 Y89.914 E1497.88007
G0 F15000 X145.294 Y89.292
G1 F7500 X132.708 Y76.705 E1498.53131
G0 F15000 X133.33 Y76.705
G1 F7500 X145.294 Y88.669 E1499.15033
G0 F15000 X145.294 Y88.047
G1 F7500 X133.952 Y76.705 E1499.73718
G0 F15000 X134.575 Y76.705
G1 F7500 X145.294 Y87.425 E1500.29181
G0 F15000 X145.294 Y86.803
G1 F7500 X135.197 Y76.705 E1500.81426
G0 F15000 X135.819 Y76.705
G1 F7500 X145.294 Y86.18 E1501.3045
G0 F15000 X145.294 Y85.558
G1 F7500 X136.441 Y76.705 E1501.76256
G0 F15000 X137.064 Y76.705
G1 F7500 X145.294 Y84.936 E1502.18841
G0 F15000 X145.294 Y84.313
G1 F7500 X137.686 Y76.705 E1502.58206
G0 F15000 X138.308 Y76.705
G1 F7500 X145.294 Y83.691 E1502.94352
G0 F15000 X145.294 Y83.069
G1 F7500 X138.93 Y76.705 E1503.27279
G0 F15000 X139.553 Y76.705
G1 F7500 X145.294 Y82.447 E1503.56986
G0 F15000 X145.294 Y81.824
G1 F7500 X140.175 Y76.705 E1503.83472
G0 F15000 X140.797 Y76.705
G1 F7500 X145.294 Y81.202 E1504.0674
G0 F15000 X145.294 Y80.58
G1 F7500 X141.419 Y76.705 E1504.2679
G0 F15000 X142.042 Y76.705
G1 F7500 X145.294 Y79.958 E1504.43618
G0 F15000 X145.294 Y79.335
G1 F7500 X142.664 Y76.705 E1504.57226
G0 F15000 X143.286 Y76.705
G1 F7500 X145.294 Y78.713 E1504.67615
G0 F15000 X145.294 Y78.091
G1 F7500 X143.908 Y76.705 E1504.74787
G0 F15000 X144.531 Y76.705
G1 F7500 X145.294 Y77.469 E1504.78737
G0 F15000 X145.294 Y76.846
G1 F7500 X145.153 Y76.705 E1504.79467
G1 F4800 E1494.79467
G0 F15000 X107.489 Y76.998
G1 F4800 E1504.79467
G1 F7500 X107.196 Y76.706 E1504.8098
G0 F15000 X107.178 Y77.31
G1 F7500 X106.574 Y76.706 E1504.84105
G0 F15000 X105.952 Y76.706
G1 F7500 X106.874 Y77.628 E1504.88876
G0 F15000 X106.663 Y78.039
G1 F7500 X105.329 Y76.706 E1504.95775
G0 F15000 X105.205 Y77.204
G1 F7500 X106.452 Y78.451 E1505.02227
G0 F15000 X106.351 Y78.972
G1 F7500 X105.205 Y77.826 E1505.08157
G0 F15000 X105.205 Y78.448
G1 F7500 X106.268 Y79.512 E1505.13659
G0 F15000 X106.387 Y80.252
G1 F7500 X105.205 Y79.07 E1505.19775
G1 F4800 E1495.19775
G0 F15000 X144.507 Y127.084
G1 F4800 E1505.19775
G1 F7500 X145.294 Y127.871 E1505.23847
G0 F15000 X145.294 Y128.494
G1 F7500 X144.507 Y127.707 E1505.27919
G0 F15000 X144.507 Y128.329
G1 F7500 X145.294 Y129.116 E1505.31991
G0 F15000 X145.294 Y129.738
G1 F7500 X144.507 Y128.951 E1505.36063
G0 F15000 X144.507 Y129.573
G1 F7500 X145.294 Y130.36 E1505.40135
G0 F15000 X145.294 Y130.983
G1 F7500 X144.507 Y130.196 E1505.44207
G0 F15000 X144.507 Y130.818
G1 F7500 X145.294 Y131.605 E1505.48279
G0 F15000 X145.294 Y132.227
G1 F7500 X144.507 Y131.44 E1505.52351
G0 F15000 X144.507 Y132.062
G1 F7500 X145.294 Y132.849 E1505.56423
G0 F15000 X145.294 Y133.472
G1 F7500 X144.507 Y132.685 E1505.60495
G0 F15000 X144.507 Y133.307
G1 F7500 X145.294 Y134.094 E1505.64567
G0 F15000 X145.294 Y134.716
G1 F7500 X144.507 Y133.929 E1505.68639
G0 F15000 X144.507 Y134.551
G1 F7500 X145.294 Y135.338 E1505.72711
G0 F15000 X145.294 Y135.961
G1 F7500 X144.507 Y135.174 E1505.76783
G0 F15000 X144.507 Y135.796
G1 F7500 X145.294 Y136.583 E1505.80855
G0 F15000 X145.294 Y137.205
G1 F7500 X144.507 Y136.418 E1505.84927
G0 F15000 X144.507 Y137.04
G1 F7500 X145.294 Y137.827 E1505.88999
G0 F15000 X145.294 Y138.45
G1 F7500 X144.507 Y137.663 E1505.93071
G0 F15000 X144.507 Y138.285
G1 F7500 X145.294 Y139.072 E1505.97143
G0 F15000 X145.294 Y139.694
G1 F7500 X144.507 Y138.907 E1506.01215
G0 F15000 X144.507 Y139.529
G1 F7500 X145.294 Y140.316 E1506.05287
G0 F15000 X145.294 Y140.939
G1 F7500 X144.507 Y140.152 E1506.09359
G0 F15000 X144.507 Y140.774
G1 F7500 X145.294 Y141.561 E1506.13431
G0 F15000 X145.294 Y142.183
G1 F7500 X144.507 Y141.395 E1506.17505
G0 F15000 X144.507 Y142.018
G1 F7500 X145.294 Y142.805 E1506.21577
G0 F15000 X145.294 Y143.428
G1 F7500 X144.507 Y142.64 E1506.25652
G0 F15000 X144.507 Y143.262
G1 F7500 X145.294 Y144.05 E1506.29727
G0 F15000 X145.294 Y144.672
G1 F7500 X144.507 Y143.884 E1506.33801
G0 F15000 X144.507 Y144.507
G1 F7500 X145.294 Y145.294 E1506.37873
G0 F15000 X145.294 Y145.917
G1 F7500 X144.507 Y145.129 E1506.41948
G0 F15000 X144.507 Y145.751
G1 F7500 X145.294 Y146.539 E1506.46022
G0 F15000 X145.294 Y147.161
G1 F7500 X144.507 Y146.373 E1506.50097
G0 F15000 X144.507 Y146.996
G1 F7500 X145.294 Y147.783 E1506.54169
G0 F15000 X145.294 Y148.406
G1 F7500 X144.507 Y147.618 E1506.58243
G0 F15000 X144.507 Y148.24
G1 F7500 X145.294 Y149.028 E1506.62318
G0 F15000 X145.294 Y149.65
G1 F7500 X144.507 Y148.862 E1506.66393
G0 F15000 X144.507 Y149.485
G1 F7500 X145.294 Y150.272 E1506.70465
G0 F15000 X145.294 Y150.895
G1 F7500 X144.507 Y150.107 E1506.74539
G0 F15000 X144.507 Y150.729
G1 F7500 X145.294 Y151.517 E1506.78614
G0 F15000 X145.294 Y152.139
G1 F7500 X144.507 Y151.351 E1506.82688
G0 F15000 X144.507 Y151.974
G1 F7500 X145.294 Y152.761 E1506.8676
G0 F15000 X145.294 Y153.384
G1 F7500 X144.507 Y152.596 E1506.90835
G0 F15000 X144.507 Y153.218
G1 F7500 X145.294 Y154.006 E1506.94909
G0 F15000 X145.294 Y154.628
G1 F7500 X144.507 Y153.84 E1506.98984
G0 F15000 X144.507 Y154.463
G1 F7500 X145.294 Y155.25 E1507.03056
G0 F15000 X145.294 Y155.873
G1 F7500 X144.507 Y155.085 E1507.07131
G0 F15000 X144.506 Y155.707
G1 F7500 X145.294 Y156.495 E1507.11208
G0 F15000 X145.294 Y157.117
G1 F7500 X144.506 Y156.329 E1507.15285
G0 F15000 X144.506 Y156.951
G1 F7500 X145.294 Y157.739 E1507.19362
G0 F15000 X145.294 Y158.362
G1 F7500 X144.506 Y157.573 E1507.23442
G0 F15000 X144.506 Y158.196
G1 F7500 X145.294 Y158.984 E1507.27519
G0 F15000 X145.294 Y159.606
G1 F7500 X144.506 Y158.818 E1507.31596
G0 F15000 X144.506 Y159.44
G1 F7500 X145.294 Y160.228 E1507.35673
G0 F15000 X145.294 Y160.851
G1 F7500 X144.506 Y160.062 E1507.39753
G0 F15000 X144.506 Y160.685
G1 F7500 X145.294 Y161.473 E1507.4383
G0 F15000 X145.294 Y162.095
G1 F7500 X144.506 Y161.307 E1507.47907
G0 F15000 X144.506 Y161.929
G1 F7500 X145.294 Y162.717 E1507.51985
G0 F15000 X145.294 Y163.34
G1 F7500 X144.506 Y162.551 E1507.56064
G0 F15000 X144.506 Y163.174
G1 F7500 X145.294 Y163.962 E1507.60141
G0 F15000 X145.294 Y164.584
G1 F7500 X144.506 Y163.796 E1507.64219
G0 F15000 X144.506 Y164.418
G1 F7500 X145.294 Y165.207 E1507.68298
G0 F15000 X145.294 Y165.829
G1 F7500 X144.506 Y165.04 E1507.72378
G0 F15000 X144.506 Y165.663
G1 F7500 X145.294 Y166.451 E1507.76455
G0 F15000 X145.294 Y167.073
G1 F7500 X144.506 Y166.285 E1507.80532
G0 F15000 X144.506 Y166.907
G1 F7500 X145.294 Y167.696 E1507.84612
G0 F15000 X145.294 Y168.318
G1 F7500 X144.506 Y167.529 E1507.88692
G0 F15000 X144.506 Y168.152
G1 F7500 X145.294 Y168.94 E1507.92769
G0 F15000 X145.294 Y169.562
G1 F7500 X144.506 Y168.774 E1507.96846
G0 F15000 X144.506 Y169.396
G1 F7500 X145.294 Y170.185 E1508.00926
G0 F15000 X145.136 Y170.648
G1 F7500 X145.294 Y170.807 E1508.01746
G1 F4800 E1498.01746
G0 F15000 X145.125 Y174.371
G1 F4800 E1508.01746
G1 F7500 X145.294 Y174.54 E1508.02621
G0 F15000 X144.821 Y174.689
G1 F7500 X145.294 Y175.163 E1508.0507
G0 F15000 X144.804 Y175.294
G1 F7500 X144.509 Y175 E1508.06594
G1 F4800 E1498.06594
G0 F15000 X140.446 Y175.293
G1 F4800 E1508.06594
G1 F7500 X139.255 Y174.101 E1508.12759
G0 F15000 X139.588 Y173.812
G1 F7500 X139.255 Y173.479 E1508.14482
G0 F15000 X139.255 Y174.723
G1 F7500 X139.824 Y175.293 E1508.17429
G1 F4800 E1498.17429
G0 F15000 X139.389 Y171.746
G1 F4800 E1508.17429
G1 F7500 X139.255 Y171.612 E1508.18122
G0 F15000 X139.541 Y171.276
G1 F7500 X139.255 Y170.99 E1508.19602
G0 F15000 X139.752 Y170.865
G1 F7500 X139.255 Y170.368 E1508.22173
G0 F15000 X139.255 Y169.745
G1 F7500 X139.998 Y170.489 E1508.2602
G0 F15000 X140.309 Y170.177
G1 F7500 X139.255 Y169.123 E1508.31474
G0 F15000 X139.255 Y168.501
G1 F7500 X140.627 Y169.873 E1508.38573
G0 F15000 X141.039 Y169.663
G1 F7500 X139.255 Y167.879 E1508.47803
G0 F15000 X139.255 Y167.256
G1 F7500 X141.093 Y169.095 E1508.57316
G0 F15000 X141.093 Y168.473
G1 F7500 X139.255 Y166.634 E1508.66828
G0 F15000 X139.255 Y166.012
G1 F7500 X141.093 Y167.85 E1508.76338
G0 F15000 X141.093 Y167.228
G1 F7500 X139.255 Y165.39 E1508.85848
G0 F15000 X139.255 Y164.767
G1 F7500 X141.093 Y166.606 E1508.9536
G0 F15000 X141.093 Y165.984
G1 F7500 X139.255 Y164.145 E1509.04873
G0 F15000 X139.255 Y163.523
G1 F7500 X141.093 Y165.361 E1509.14383
G0 F15000 X141.093 Y164.739
G1 F7500 X139.255 Y162.901 E1509.23893
G0 F15000 X139.255 Y162.278
G1 F7500 X141.093 Y164.117 E1509.33405
G0 F15000 X141.093 Y163.495
G1 F7500 X139.255 Y161.656 E1509.42918
G0 F15000 X139.255 Y161.034
G1 F7500 X141.093 Y162.872 E1509.52428
G0 F15000 X141.093 Y162.25
G1 F7500 X139.255 Y160.412 E1509.61938
G0 F15000 X139.255 Y159.789
G1 F7500 X141.093 Y161.628 E1509.7145
G0 F15000 X141.093 Y161.006
G1 F7500 X139.255 Y159.167 E1509.80963
G0 F15000 X139.255 Y158.545
G1 F7500 X141.093 Y160.383 E1509.90473
G0 F15000 X141.093 Y159.761
G1 F7500 X139.255 Y157.923 E1509.99983
G0 F15000 X139.255 Y157.3
G1 F7500 X141.093 Y159.139 E1510.09495
G0 F15000 X141.093 Y158.517
G1 F7500 X139.255 Y156.678 E1510.19008
G0 F15000 X139.255 Y156.056
G1 F7500 X141.093 Y157.894 E1510.28518
G0 F15000 X141.093 Y157.272
G1 F7500 X139.255 Y155.434 E1510.38027
G0 F15000 X139.255 Y154.811
G1 F7500 X141.093 Y156.65 E1510.4754
G0 F15000 X141.093 Y156.028
G1 F7500 X139.255 Y154.189 E1510.57052
G0 F15000 X139.255 Y153.567
G1 F7500 X141.093 Y155.405 E1510.66562
G0 F15000 X141.093 Y154.783
G1 F7500 X139.255 Y152.945 E1510.76072
G0 F15000 X139.255 Y152.322
G1 F7500 X141.093 Y154.161 E1510.85585
G0 F15000 X141.093 Y153.539
G1 F7500 X139.255 Y151.7 E1510.95097
G0 F15000 X139.255 Y151.078
G1 F7500 X141.093 Y152.916 E1511.04607
G0 F15000 X141.093 Y152.294
G1 F7500 X139.505 Y150.705 E1511.12826
G0 F15000 X140.127 Y150.705
G1 F7500 X141.093 Y151.672 E1511.17827
G0 F15000 X141.093 Y151.05
G1 F7500 X140.749 Y150.705 E1511.19609
G1 F4800 E1501.19609
G0 F15000 X113.791 Y172.283
G1 F4800 E1511.19609
G1 F7500 X112.116 Y170.608 E1511.28276
G0 F15000 X112.607 Y171.721
G1 F7500 X113.791 Y172.905 E1511.34402
G0 F15000 X113.791 Y173.527
G1 F7500 X112.724 Y172.46 E1511.39923
G0 F15000 X112.649 Y173.008
G1 F7500 X113.791 Y174.149 E1511.45829
G0 F15000 X113.791 Y174.772
G1 F7500 X112.553 Y173.534 E1511.52235
G0 F15000 X112.343 Y173.946
G1 F7500 X113.69 Y175.293 E1511.59204
G0 F15000 X113.067 Y175.293
G1 F7500 X112.132 Y174.357 E1511.64044
G0 F15000 X111.831 Y174.678
G1 F7500 X112.445 Y175.293 E1511.67224
G0 F15000 X111.823 Y175.293
G1 F7500 X111.519 Y174.989 E1511.68797
G1 F4800 E1501.68797
;MESH:NONMESH
G0 F300 X111.519 Y174.989 Z1.2
G0 F15000 X106.882 Y79.5
;TIME_ELAPSED:1243.402016
;LAYER:5
;TYPE:WALL-INNER
;MESH:Top Carcaza.stl
G1 F4800 E1511.68797
G1 X107.011 Y80.309 E1511.71794
G1 X107.384 Y81.038 E1511.7479
G1 X107.962 Y81.616 E1511.77781
G1 X108.693 Y81.989 E1511.80783
G1 X109.5 Y82.115 E1511.83771
G1 X110.307 Y81.989 E1511.8676
G1 X111.038 Y81.616 E1511.89762
G1 X111.616 Y81.038 E1511.92753
G1 X111.989 Y80.307 E1511.95755
G1 X112.115 Y79.5 E1511.98743
G1 X111.989 Y78.693 E1512.01732
G1 X111.616 Y77.962 E1512.04734
G1 X111.038 Y77.384 E1512.07725
G1 X110.309 Y77.011 E1512.10721
G1 X109.5 Y76.882 E1512.13718
G1 X108.691 Y77.011 E1512.16715
G1 X107.962 Y77.384 E1512.19711
G1 X107.384 Y77.962 E1512.22702
G1 X107.011 Y78.691 E1512.25698
G1 X106.882 Y79.5 E1512.28695
G0 F15000 X107.328 Y79.5
G1 F1440 X107.435 Y80.171 E1512.31181
G1 X107.744 Y80.776 E1512.33666
G1 X108.224 Y81.256 E1512.3615
G1 X108.83 Y81.565 E1512.38639
G1 X109.5 Y81.67 E1512.4112
G1 X110.17 Y81.565 E1512.43601
G1 X110.776 Y81.256 E1512.4609
G1 X111.256 Y80.776 E1512.48573
G1 X111.565 Y80.17 E1512.51062
G1 X111.67 Y79.5 E1512.53543
G1 X111.565 Y78.83 E1512.56024
G1 X111.256 Y78.224 E1512.58513
G1 X110.776 Y77.744 E1512.60997
G1 X110.171 Y77.435 E1512.63482
G1 X109.5 Y77.328 E1512.65968
G1 X108.829 Y77.435 E1512.68454
G1 X108.224 Y77.744 E1512.70939
G1 X107.744 Y78.224 E1512.73423
G1 X107.435 Y78.829 E1512.75908
G1 X107.328 Y79.5 E1512.78394
G0 F15000 X107.774 Y79.5
;TYPE:WALL-OUTER
G1 F1080 X107.859 Y80.033 E1512.80369
G1 X108.104 Y80.514 E1512.82344
G1 X108.486 Y80.896 E1512.8432
G1 X108.967 Y81.141 E1512.86295
G1 X109.5 Y81.225 E1512.8827
G1 X110.033 Y81.141 E1512.90244
G1 X110.514 Y80.896 E1512.92219
G1 X110.896 Y80.514 E1512.94195
G1 X111.141 Y80.033 E1512.9617
G1 X111.225 Y79.5 E1512.98144
G1 X111.141 Y78.967 E1513.00118
G1 X110.896 Y78.486 E1513.02093
G1 X110.514 Y78.104 E1513.0407
G1 X110.033 Y77.859 E1513.06045
G1 X109.5 Y77.774 E1513.08019
G1 X108.967 Y77.859 E1513.09994
G1 X108.486 Y78.104 E1513.11969
G1 X108.104 Y78.486 E1513.13945
G1 X107.859 Y78.967 E1513.1592
G1 X107.774 Y79.5 E1513.17895
G0 F15000 X107.29 Y79.5
G1 F4800 E1503.17895
G0 F15000 X143.463 Y127.597
;TYPE:WALL-INNER
G1 F4800 E1513.17895
G1 X143.463 Y127.378 E1513.18696
G1 X143.244 Y127.378 E1513.19215
G1 X117.412 Y127.378 E1514.13724
G1 X117.412 Y127.338 E1514.1387
G1 X114.837 Y127.338 E1514.23291
G1 X114.837 Y176.34 E1516.02571
G1 X104.34 Y176.34 E1516.40975
G1 X104.34 Y177.66 E1516.45805
G1 X147.663 Y177.663 E1518.04307
G1 X147.663 Y74.337 E1521.82337
G1 X104.34 Y74.34 E1523.40839
G1 X104.34 Y75.66 E1523.45668
G1 X146.34 Y75.66 E1524.9933
G1 X146.34 Y176.34 E1528.6768
G1 X138.21 Y176.34 E1528.97424
G1 X138.21 Y149.66 E1529.95036
G1 X142.14 Y149.66 E1530.09414
G1 X142.14 Y170.396 E1530.85279
G1 X141.838 Y170.431 E1530.86392
G1 X141.224 Y170.744 E1530.88913
G1 X140.744 Y171.224 E1530.91397
G1 X140.435 Y171.83 E1530.93885
G1 X140.33 Y172.5 E1530.96367
G1 X140.435 Y173.17 E1530.98848
G1 X140.744 Y173.776 E1531.01336
G1 X141.224 Y174.256 E1531.0382
G1 X141.829 Y174.565 E1531.06305
G1 X142.5 Y174.672 E1531.08791
G1 X143.171 Y174.565 E1531.11277
G1 X143.776 Y174.256 E1531.13763
G1 X144.256 Y173.776 E1531.16246
G1 X144.565 Y173.171 E1531.18732
G1 X144.672 Y172.5 E1531.21218
G1 X144.565 Y171.829 E1531.23704
G1 X144.256 Y171.224 E1531.26189
G1 X143.766 Y170.734 E1531.28724
G1 X143.46 Y170.593 E1531.29957
G1 X143.463 Y127.597 E1532.87263
G0 F15000 X143.023 Y127.818
;TYPE:WALL-OUTER
G1 F3600 X116.972 Y127.818 E1533.82574
G1 X116.972 Y127.778 E1533.8272
G1 X115.277 Y127.778 E1533.88921
G1 X115.277 Y176.78 E1535.68201
G1 X104.78 Y176.78 E1536.06605
G1 X104.78 Y177.22 E1536.08215
G1 X147.223 Y177.223 E1537.63498
G1 X147.223 Y74.777 E1541.38308
G1 X104.78 Y74.78 E1542.93591
G1 X104.78 Y75.22 E1542.952
G1 X146.78 Y75.22 E1544.48862
G1 X146.78 Y176.78 E1548.20431
G1 X137.77 Y176.78 E1548.53395
G1 X137.77 Y149.22 E1549.54227
G1 X142.58 Y149.22 E1549.71825
G1 X142.58 Y170.788 E1550.50734
G1 X141.967 Y170.859 E1550.52991
G1 X141.486 Y171.104 E1550.54966
G1 X141.104 Y171.486 E1550.56943
G1 X140.859 Y171.967 E1550.58918
G1 X140.775 Y172.5 E1550.60892
G1 X140.859 Y173.033 E1550.62866
G1 X141.104 Y173.514 E1550.64841
G1 X141.486 Y173.896 E1550.66817
G1 X141.967 Y174.141 E1550.68792
G1 X142.5 Y174.226 E1550.70767
G1 X143.033 Y174.141 E1550.72742
G1 X143.514 Y173.896 E1550.74717
G1 X143.896 Y173.514 E1550.76693
G1 X144.141 Y173.033 E1550.78668
G1 X144.226 Y172.5 E1550.80643
G1 X144.141 Y171.967 E1550.82617
G1 X143.896 Y171.486 E1550.84592
G1 X143.511 Y171.101 E1550.86584
G1 X143.02 Y170.875 E1550.88562
G1 X143.023 Y127.818 E1552.46091
G1 F4800 E1542.46091
G0 F15000 X106.882 Y172.5
;TYPE:WALL-INNER
G1 F4800 E1552.46091
G1 X107.011 Y173.309 E1552.49088
G1 X107.384 Y174.038 E1552.52084
G1 X107.962 Y174.616 E1552.55075
G1 X108.691 Y174.989 E1552.58071
G1 X109.5 Y175.118 E1552.61068
G1 X110.309 Y174.989 E1552.64065
G1 X111.038 Y174.616 E1552.67061
G1 X111.616 Y174.038 E1552.70052
G1 X111.989 Y173.307 E1552.73054
G1 X112.115 Y172.5 E1552.76042
G1 X111.989 Y171.693 E1552.79031
G1 X111.616 Y170.962 E1552.82033
G1 X111.038 Y170.384 E1552.85024
G1 X110.307 Y170.011 E1552.88026
G1 X109.5 Y169.885 E1552.91014
G1 X108.693 Y170.011 E1552.94003
G1 X107.962 Y170.384 E1552.97005
G1 X107.384 Y170.962 E1552.99996
G1 X107.011 Y171.691 E1553.02992
G1 X106.882 Y172.5 E1553.05989
G0 F15000 X107.328 Y172.5
G1 F1440 X107.435 Y173.171 E1553.08475
G1 X107.744 Y173.776 E1553.1096
G1 X108.224 Y174.256 E1553.13444
G1 X108.829 Y174.565 E1553.15929
G1 X109.5 Y174.672 E1553.18415
G1 X110.171 Y174.565 E1553.20901
G1 X110.776 Y174.256 E1553.23387
G1 X111.256 Y173.776 E1553.2587
G1 X111.565 Y173.17 E1553.28359
G1 X111.67 Y172.5 E1553.3084
G1 X111.565 Y171.83 E1553.33321
G1 X111.256 Y171.224 E1553.3581
G1 X110.776 Y170.744 E1553.38294
G1 X110.17 Y170.435 E1553.40782
G1 X109.5 Y170.33 E1553.43264
G1 X108.83 Y170.435 E1553.45745
G1 X108.224 Y170.744 E1553.48234
G1 X107.744 Y171.224 E1553.50717
G1 X107.435 Y171.829 E1553.53203
G1 X107.328 Y172.5 E1553.55688
G0 F15000 X107.774 Y172.5
;TYPE:WALL-OUTER
G1 F1080 X107.859 Y173.033 E1553.57663
G1 X108.104 Y173.514 E1553.59638
G1 X108.486 Y173.896 E1553.61615
G1 X108.967 Y174.141 E1553.63589
G1 X109.5 Y174.226 E1553.65564
G1 X110.033 Y174.141 E1553.67539
G1 X110.514 Y173.896 E1553.69514
G1 X110.896 Y173.514 E1553.7149
G1 X111.141 Y173.033 E1553.73465
G1 X111.225 Y172.5 E1553.75439
G1 X111.141 Y171.967 E1553.77413
G1 X110.896 Y171.486 E1553.79388
G1 X110.514 Y171.104 E1553.81365
G1 X110.033 Y170.859 E1553.8334
G1 X109.5 Y170.775 E1553.85314
G1 X108.967 Y170.859 E1553.87288
G1 X108.486 Y171.104 E1553.89263
G1 X108.104 Y171.486 E1553.91239
G1 X107.859 Y171.967 E1553.93214
G1 X107.774 Y172.5 E1553.95189
G0 F15000 X107.29 Y172.5
G1 F4800 E1543.95189
G0 F15000 X145.9 Y175.9
;TYPE:WALL-INNER
G1 F4800 E1553.95189
G1 X138.65 Y175.9 E1554.21714
G1 X138.65 Y150.1 E1555.16106
G1 X141.7 Y150.1 E1555.27265
G1 X141.7 Y170.008 E1556.00101
G1 X140.962 Y170.384 E1556.03131
G1 X140.384 Y170.962 E1556.06122
G1 X140.011 Y171.693 E1556.09124
G1 X139.885 Y172.5 E1556.12112
G1 X140.011 Y173.307 E1556.15101
G1 X140.384 Y174.038 E1556.18103
G1 X140.962 Y174.616 E1556.21094
G1 X141.691 Y174.989 E1556.2409
G1 X142.5 Y175.118 E1556.27087
G1 X143.309 Y174.989 E1556.30084
G1 X144.038 Y174.616 E1556.3308
G1 X144.616 Y174.038 E1556.36071
G1 X144.989 Y173.309 E1556.39067
G1 X145.118 Y172.5 E1556.42064
G1 X144.989 Y171.691 E1556.45061
G1 X144.616 Y170.962 E1556.48057
G1 X144.022 Y170.367 E1556.51133
G1 X143.9 Y170.311 E1556.51624
G1 X143.903 Y127.157 E1558.09508
G1 X143.903 Y126.938 E1558.10309
G1 X143.684 Y126.938 E1558.10828
G1 X117.852 Y126.938 E1559.05337
G1 X117.852 Y126.898 E1559.05484
G1 X114.397 Y126.898 E1559.18124
G1 X114.397 Y175.9 E1560.97404
G1 X104.6 Y175.9 E1561.33247
G1 X104.6 Y76.1 E1564.98377
G1 X145.9 Y76.1 E1566.49478
G1 X145.9 Y175.9 E1570.14607
G1 F4800 E1560.14607
G0 F15000 X147.84 Y177.84
G1 F4800 E1570.14607
G1 X147.663 Y177.84 E1570.15089
G1 X104.34 Y177.84 E1570.79537
G1 X104.16 Y177.84 E1570.80029
G1 X104.16 Y177.66 E1570.80521
G1 X104.16 Y176.34 E1570.82501
G1 X104.16 Y75.66 E1574.5085
G1 X104.16 Y74.34 E1574.5283
G1 X104.16 Y74.16 E1574.53322
G1 X104.34 Y74.16 E1574.53814
G1 X147.663 Y74.16 E1575.18262
G1 X147.84 Y74.16 E1575.18744
G1 X147.84 Y74.337 E1575.19225
G1 X147.84 Y177.663 E1576.71642
G1 X147.84 Y177.84 E1576.72124
G0 F15000 X148.28 Y178.28
;TYPE:WALL-OUTER
G1 F3600 X103.72 Y178.28 E1578.35152
G1 X103.72 Y73.72 E1582.17696
G1 X148.28 Y73.72 E1583.80724
G1 X148.28 Y178.28 E1587.63269
G1 F4800 E1577.63269
G0 F15000 X145.47 Y175.47
;TYPE:SKIN
G1 F4800 E1587.63269
G1 F2250 X143.025 Y175.47 E1587.72214
G1 X143.444 Y175.403 E1587.73767
G1 X144.294 Y174.968 E1587.7726
G1 X144.968 Y174.294 E1587.80747
G1 X145.403 Y173.444 E1587.84241
G1 X145.47 Y173.025 E1587.85793
G1 X145.47 Y175.47 E1587.94739
G1 F4800 E1577.94739
G0 F15000 X141.975 Y175.47
G1 F4800 E1587.94739
G1 F7500 X139.08 Y175.47 E1588.0533
G1 X139.08 Y150.53 E1588.96576
G1 X141.27 Y150.53 E1589.04588
G1 X141.27 Y169.745 E1589.74889
G1 X140.706 Y170.032 E1589.77204
G1 X140.032 Y170.706 E1589.80691
G1 X139.597 Y171.558 E1589.84191
G1 X139.449 Y172.5 E1589.8768
G1 X139.597 Y173.442 E1589.91169
G1 X140.032 Y174.294 E1589.94669
G1 X140.706 Y174.968 E1589.98156
G1 X141.556 Y175.403 E1590.01649
G1 X141.975 Y175.47 E1590.03202
G1 F4800 E1580.03202
G0 F15000 X145.47 Y171.975
G1 F4800 E1590.03202
G1 F7500 X145.403 Y171.556 E1590.04754
G1 X144.968 Y170.706 E1590.08248
G1 X144.33 Y170.067 E1590.11551
G1 X144.333 Y126.508 E1591.70917
G1 X118.282 Y126.508 E1592.66227
G1 X118.282 Y126.468 E1592.66374
G1 X113.967 Y126.468 E1592.82161
G1 X113.967 Y175.47 E1594.6144
G1 X110.025 Y175.47 E1594.75862
G1 X110.444 Y175.403 E1594.77415
G1 X111.294 Y174.968 E1594.80908
G1 X111.968 Y174.294 E1594.84395
G1 X112.403 Y173.442 E1594.87895
G1 X112.551 Y172.5 E1594.91384
G1 X112.403 Y171.558 E1594.94873
G1 X111.968 Y170.706 E1594.98373
G1 X111.294 Y170.032 E1595.0186
G1 X110.442 Y169.597 E1595.0536
G1 X109.5 Y169.449 E1595.08849
G1 X108.558 Y169.597 E1595.12337
G1 X107.706 Y170.032 E1595.15837
G1 X107.032 Y170.706 E1595.19325
G1 X106.597 Y171.556 E1595.22818
G1 X106.446 Y172.5 E1595.26316
G1 X106.597 Y173.444 E1595.29813
G1 X107.032 Y174.294 E1595.33307
G1 X107.706 Y174.968 E1595.36794
G1 X108.556 Y175.403 E1595.40287
G1 X108.975 Y175.47 E1595.4184
G1 X105.03 Y175.47 E1595.56273
G1 X105.03 Y76.53 E1599.18256
G1 X108.975 Y76.53 E1599.3269
G1 X108.556 Y76.597 E1599.34242
G1 X107.706 Y77.032 E1599.37735
G1 X107.032 Y77.706 E1599.41223
G1 X106.597 Y78.556 E1599.44716
G1 X106.446 Y79.5 E1599.48214
G1 X106.597 Y80.444 E1599.51711
G1 X107.032 Y81.294 E1599.55205
G1 X107.706 Y81.968 E1599.58692
G1 X108.558 Y82.403 E1599.62192
G1 X109.5 Y82.551 E1599.65681
G1 X110.442 Y82.403 E1599.69169
G1 X111.294 Y81.968 E1599.72669
G1 X111.968 Y81.294 E1599.76157
G1 X112.403 Y80.442 E1599.79657
G1 X112.551 Y79.5 E1599.83145
G1 X112.403 Y78.558 E1599.86634
G1 X111.968 Y77.706 E1599.90134
G1 X111.294 Y77.032 E1599.93621
G1 X110.444 Y76.597 E1599.97115
G1 X110.025 Y76.53 E1599.98667
G1 X145.47 Y76.53 E1601.28347
G1 X145.47 Y171.975 E1604.77543
G1 F4800 E1594.77543
G0 F15000 X145.293 Y175.167
G1 F4800 E1604.77543
G1 F7500 X145.166 Y175.293 E1604.78198
G0 F15000 X144.544 Y175.293
G1 F7500 X145.293 Y174.545 E1604.82071
G1 F4800 E1594.82071
G0 F15000 X144.997 Y170.484
G1 F4800 E1604.82071
G1 F7500 X145.293 Y170.189 E1604.83599
G0 F15000 X144.686 Y170.173
G1 F7500 X145.293 Y169.567 E1604.86738
G0 F15000 X145.293 Y168.944
G1 F7500 X144.507 Y169.731 E1604.90807
G0 F15000 X144.507 Y169.108
G1 F7500 X145.293 Y168.322 E1604.94874
G0 F15000 X145.293 Y167.7
G1 F7500 X144.507 Y168.486 E1604.98941
G0 F15000 X144.507 Y167.864
G1 F7500 X145.293 Y167.078 E1605.03007
G0 F15000 X145.293 Y166.455
G1 F7500 X144.507 Y167.242 E1605.07077
G0 F15000 X144.507 Y166.619
G1 F7500 X145.293 Y165.833 E1605.11144
G0 F15000 X145.293 Y165.211
G1 F7500 X144.507 Y165.997 E1605.1521
G0 F15000 X144.507 Y165.375
G1 F7500 X145.293 Y164.589 E1605.19277
G0 F15000 X145.293 Y163.966
G1 F7500 X144.507 Y164.753 E1605.23347
G0 F15000 X144.507 Y164.13
G1 F7500 X145.293 Y163.344 E1605.27413
G0 F15000 X145.293 Y162.722
G1 F7500 X144.507 Y163.508 E1605.3148
G0 F15000 X144.507 Y162.886
G1 F7500 X145.293 Y162.099 E1605.3555
G0 F15000 X145.293 Y161.477
G1 F7500 X144.507 Y162.264 E1605.39619
G0 F15000 X144.507 Y161.641
G1 F7500 X145.293 Y160.855 E1605.43686
G0 F15000 X145.293 Y160.233
G1 F7500 X144.507 Y161.019 E1605.47753
G0 F15000 X144.507 Y160.397
G1 F7500 X145.293 Y159.61 E1605.51822
G0 F15000 X145.293 Y158.988
G1 F7500 X144.507 Y159.775 E1605.55891
G0 F15000 X144.507 Y159.152
G1 F7500 X145.293 Y158.366 E1605.59958
G0 F15000 X145.293 Y157.744
G1 F7500 X144.507 Y158.53 E1605.64025
G0 F15000 X144.507 Y157.908
G1 F7500 X145.293 Y157.121 E1605.68094
G0 F15000 X145.293 Y156.499
G1 F7500 X144.507 Y157.286 E1605.72164
G0 F15000 X144.507 Y156.663
G1 F7500 X145.293 Y155.877 E1605.76231
G0 F15000 X145.293 Y155.255
G1 F7500 X144.507 Y156.041 E1605.80298
G0 F15000 X144.507 Y155.418
G1 F7500 X145.293 Y154.632 E1605.84364
G0 F15000 X145.293 Y154.01
G1 F7500 X144.507 Y154.796 E1605.88431
G0 F15000 X144.507 Y154.174
G1 F7500 X145.293 Y153.388 E1605.92498
G0 F15000 X145.293 Y152.766
G1 F7500 X144.507 Y153.551 E1605.96562
G0 F15000 X144.507 Y152.929
G1 F7500 X145.293 Y152.143 E1606.00629
G0 F15000 X145.293 Y151.521
G1 F7500 X144.507 Y152.307 E1606.04696
G0 F15000 X144.507 Y151.685
G1 F7500 X145.293 Y150.899 E1606.08763
G0 F15000 X145.293 Y150.277
G1 F7500 X144.507 Y151.062 E1606.12827
G0 F15000 X144.507 Y150.44
G1 F7500 X145.293 Y149.654 E1606.16894
G0 F15000 X145.293 Y149.032
G1 F7500 X144.507 Y149.818 E1606.2096
G0 F15000 X144.507 Y149.195
G1 F7500 X145.293 Y148.41 E1606.25025
G0 F15000 X145.293 Y147.788
G1 F7500 X144.507 Y148.573 E1606.29089
G0 F15000 X144.507 Y147.951
G1 F7500 X145.293 Y147.165 E1606.33156
G0 F15000 X145.293 Y146.543
G1 F7500 X144.507 Y147.329 E1606.37223
G0 F15000 X144.507 Y146.706
G1 F7500 X145.293 Y145.921 E1606.41287
G0 F15000 X145.293 Y145.299
G1 F7500 X144.507 Y146.084 E1606.45351
G0 F15000 X144.507 Y145.462
G1 F7500 X145.293 Y144.676 E1606.49418
G0 F15000 X145.293 Y144.054
G1 F7500 X144.507 Y144.84 E1606.53485
G0 F15000 X144.507 Y144.217
G1 F7500 X145.293 Y143.432 E1606.57549
G0 F15000 X145.293 Y142.81
G1 F7500 X144.507 Y143.595 E1606.61613
G0 F15000 X144.507 Y142.973
G1 F7500 X145.293 Y142.187 E1606.6568
G0 F15000 X145.293 Y141.565
G1 F7500 X144.507 Y142.351 E1606.69747
G0 F15000 X144.507 Y141.728
G1 F7500 X145.293 Y140.943 E1606.73811
G0 F15000 X145.293 Y140.321
G1 F7500 X144.507 Y141.106 E1606.77875
G0 F15000 X144.508 Y140.483
G1 F7500 X145.293 Y139.698 E1606.81937
G0 F15000 X145.293 Y139.076
G1 F7500 X144.508 Y139.861 E1606.85998
G0 F15000 X144.508 Y139.239
G1 F7500 X145.293 Y138.454 E1606.9006
G0 F15000 X145.293 Y137.832
G1 F7500 X144.508 Y138.616 E1606.94119
G0 F15000 X144.508 Y137.994
G1 F7500 X145.293 Y137.209 E1606.98181
G0 F15000 X145.293 Y136.587
G1 F7500 X144.508 Y137.372 E1607.02242
G0 F15000 X144.508 Y136.75
G1 F7500 X145.293 Y135.965 E1607.06304
G0 F15000 X145.293 Y135.343
G1 F7500 X144.508 Y136.127 E1607.10363
G0 F15000 X144.508 Y135.505
G1 F7500 X145.293 Y134.72 E1607.14425
G0 F15000 X145.293 Y134.098
G1 F7500 X144.508 Y134.883 E1607.18486
G0 F15000 X144.508 Y134.261
G1 F7500 X145.293 Y133.476 E1607.22548
G0 F15000 X145.293 Y132.854
G1 F7500 X144.508 Y133.638 E1607.26607
G0 F15000 X144.508 Y133.016
G1 F7500 X145.293 Y132.231 E1607.30669
G0 F15000 X145.293 Y131.609
G1 F7500 X144.508 Y132.394 E1607.3473
G0 F15000 X144.508 Y131.772
G1 F7500 X145.293 Y130.987 E1607.38792
G0 F15000 X145.293 Y130.365
G1 F7500 X144.508 Y131.149 E1607.42851
G0 F15000 X144.508 Y130.527
G1 F7500 X145.293 Y129.742 E1607.46913
G0 F15000 X145.293 Y129.12
G1 F7500 X144.508 Y129.905 E1607.50974
G0 F15000 X144.508 Y129.283
G1 F7500 X145.293 Y128.498 E1607.55036
G0 F15000 X145.293 Y127.876
G1 F7500 X144.508 Y128.66 E1607.59095
G0 F15000 X144.508 Y128.038
G1 F7500 X145.293 Y127.253 E1607.63157
G0 F15000 X145.293 Y126.631
G1 F7500 X144.508 Y127.416 E1607.67218
G0 F15000 X144.508 Y126.794
G1 F7500 X145.293 Y126.009 E1607.7128
G0 F15000 X145.293 Y125.387
G1 F7500 X144.348 Y126.331 E1607.76167
G0 F15000 X143.726 Y126.331
G1 F7500 X145.293 Y124.764 E1607.84275
G0 F15000 X145.293 Y124.142
G1 F7500 X143.104 Y126.331 E1607.95601
G0 F15000 X142.482 Y126.331
G1 F7500 X145.293 Y123.52 E1608.10145
G0 F15000 X145.293 Y122.897
G1 F7500 X141.859 Y126.331 E1608.27913
G0 F15000 X141.237 Y126.331
G1 F7500 X145.293 Y122.275 E1608.48899
G0 F15000 X145.293 Y121.653
G1 F7500 X140.615 Y126.331 E1608.73103
G0 F15000 X139.993 Y126.331
G1 F7500 X145.293 Y121.031 E1609.00525
G0 F15000 X145.293 Y120.408
G1 F7500 X139.37 Y126.331 E1609.31171
G0 F15000 X138.748 Y126.331
G1 F7500 X145.293 Y119.786 E1609.65036
G0 F15000 X145.293 Y119.164
G1 F7500 X138.126 Y126.331 E1610.02118
G0 F15000 X137.503 Y126.331
G1 F7500 X145.293 Y118.542 E1610.42422
G0 F15000 X145.293 Y117.919
G1 F7500 X136.881 Y126.331 E1610.85946
G0 F15000 X136.259 Y126.331
G1 F7500 X145.293 Y117.297 E1611.32688
G0 F15000 X145.293 Y116.675
G1 F7500 X135.637 Y126.331 E1611.82649
G0 F15000 X135.014 Y126.331
G1 F7500 X145.293 Y116.053 E1612.35831
G0 F15000 X145.293 Y115.43
G1 F7500 X134.392 Y126.331 E1612.92233
G0 F15000 X133.77 Y126.331
G1 F7500 X145.293 Y114.808 E1613.51854
G0 F15000 X145.293 Y114.186
G1 F7500 X133.148 Y126.331 E1614.14693
G0 F15000 X132.525 Y126.331
G1 F7500 X145.293 Y113.564 E1614.80753
G0 F15000 X145.293 Y112.941
G1 F7500 X131.903 Y126.331 E1615.50033
G0 F15000 X131.281 Y126.331
G1 F7500 X145.293 Y112.319 E1616.22532
G0 F15000 X145.293 Y111.697
G1 F7500 X130.659 Y126.331 E1616.9825
G0 F15000 X130.036 Y126.331
G1 F7500 X145.293 Y111.075 E1617.77188
G0 F15000 X145.293 Y110.452
G1 F7500 X129.414 Y126.331 E1618.59347
G0 F15000 X128.792 Y126.331
G1 F7500 X145.293 Y109.83 E1619.44724
G0 F15000 X145.293 Y109.208
G1 F7500 X128.17 Y126.331 E1620.33319
G0 F15000 X127.547 Y126.331
G1 F7500 X145.293 Y108.586 E1621.25136
G0 F15000 X145.293 Y107.963
G1 F7500 X126.925 Y126.331 E1622.20173
G0 F15000 X126.303 Y126.331
G1 F7500 X145.293 Y107.341 E1623.18428
G0 F15000 X145.293 Y106.719
G1 F7500 X125.681 Y126.331 E1624.19902
G0 F15000 X125.058 Y126.331
G1 F7500 X145.293 Y106.097 E1625.24596
G0 F15000 X145.293 Y105.474
G1 F7500 X124.436 Y126.331 E1626.32512
G0 F15000 X123.814 Y126.331
G1 F7500 X145.293 Y104.852 E1627.43646
G0 F15000 X145.293 Y104.23
G1 F7500 X123.192 Y126.331 E1628.57998
G0 F15000 X122.569 Y126.331
G1 F7500 X145.293 Y103.608 E1629.7557
G0 F15000 X145.293 Y102.985
G1 F7500 X121.947 Y126.331 E1630.96364
G0 F15000 X121.325 Y126.331
G1 F7500 X145.293 Y102.363 E1632.20376
G0 F15000 X145.293 Y101.741
G1 F7500 X120.703 Y126.331 E1633.47606
G0 F15000 X120.08 Y126.331
G1 F7500 X145.293 Y101.119 E1634.78057
G0 F15000 X145.293 Y100.496
G1 F7500 X119.458 Y126.331 E1636.11729
G0 F15000 X118.836 Y126.331
G1 F7500 X145.293 Y99.874 E1637.48619
G0 F15000 X145.293 Y99.252
G1 F7500 X118.254 Y126.291 E1638.88521
G0 F15000 X117.632 Y126.291
G1 F7500 X145.293 Y98.63 E1640.31641
G0 F15000 X145.293 Y98.007
G1 F7500 X117.009 Y126.291 E1641.77984
G0 F15000 X116.387 Y126.291
G1 F7500 X145.293 Y97.385 E1643.27545
G0 F15000 X145.293 Y96.763
G1 F7500 X115.765 Y126.291 E1644.80325
G0 F15000 X115.143 Y126.291
G1 F7500 X145.293 Y96.141 E1646.36323
G0 F15000 X145.293 Y95.518
G1 F7500 X114.52 Y126.291 E1647.95544
G0 F15000 X113.898 Y126.291
G1 F7500 X145.293 Y94.896 E1649.57984
G0 F15000 X145.293 Y94.274
G1 F7500 X105.206 Y134.361 E1651.65397
G0 F15000 X105.206 Y133.739
G1 F7500 X145.293 Y93.652 E1653.72809
G0 F15000 X145.293 Y93.029
G1 F7500 X105.206 Y133.117 E1655.80225
G0 F15000 X105.206 Y132.494
G1 F7500 X145.293 Y92.407 E1657.87637
G0 F15000 X145.293 Y91.785
G1 F7500 X105.206 Y131.872 E1659.9505
G0 F15000 X105.206 Y131.25
G1 F7500 X145.293 Y91.163 E1662.02463
G0 F15000 X145.293 Y90.54
G1 F7500 X105.206 Y130.628 E1664.09878
G0 F15000 X105.206 Y130.005
G1 F7500 X145.293 Y89.918 E1666.1729
G0 F15000 X145.293 Y89.296
G1 F7500 X105.206 Y129.383 E1668.24703
G0 F15000 X105.206 Y128.761
G1 F7500 X145.293 Y88.674 E1670.32116
G0 F15000 X145.293 Y88.051
G1 F7500 X105.206 Y128.139 E1672.39531
G0 F15000 X105.206 Y127.516
G1 F7500 X145.293 Y87.429 E1674.46944
G0 F15000 X145.293 Y86.807
G1 F7500 X105.206 Y126.894 E1676.54356
G0 F15000 X105.206 Y126.272
G1 F7500 X145.293 Y86.185 E1678.61769
G0 F15000 X145.293 Y85.562
G1 F7500 X105.206 Y125.65 E1680.69184
G0 F15000 X105.206 Y125.027
G1 F7500 X145.293 Y84.94 E1682.76597
G0 F15000 X145.293 Y84.318
G1 F7500 X105.206 Y124.405 E1684.8401
G0 F15000 X105.206 Y123.783
G1 F7500 X145.293 Y83.695 E1686.91425
G0 F15000 X145.293 Y83.073
G1 F7500 X105.206 Y123.161 E1688.9884
G0 F15000 X105.206 Y122.538
G1 F7500 X145.293 Y82.451 E1691.06253
G0 F15000 X145.293 Y81.829
G1 F7500 X105.206 Y121.916 E1693.13665
G0 F15000 X105.206 Y121.294
G1 F7500 X145.293 Y81.206 E1695.21081
G0 F15000 X145.293 Y80.584
G1 F7500 X105.206 Y120.672 E1697.28496
G0 F15000 X105.206 Y120.049
G1 F7500 X145.293 Y79.962 E1699.35908
G0 F15000 X145.293 Y79.34
G1 F7500 X105.206 Y119.427 E1701.43321
G0 F15000 X105.206 Y118.805
G1 F7500 X145.293 Y78.717 E1703.50736
G0 F15000 X145.293 Y78.095
G1 F7500 X105.206 Y118.182 E1705.58149
G0 F15000 X105.206 Y117.56
G1 F7500 X145.293 Y77.473 E1707.65562
G0 F15000 X145.293 Y76.851
G1 F7500 X105.206 Y116.938 E1709.72974
G0 F15000 X105.206 Y116.316
G1 F7500 X144.816 Y76.705 E1711.77922
G0 F15000 X144.194 Y76.705
G1 F7500 X105.206 Y115.693 E1713.79648
G0 F15000 X105.206 Y115.071
G1 F7500 X143.572 Y76.705 E1715.78156
G0 F15000 X142.95 Y76.705
G1 F7500 X105.206 Y114.449 E1717.73446
G0 F15000 X105.206 Y113.827
G1 F7500 X142.327 Y76.705 E1719.65515
G0 F15000 X141.705 Y76.705
G1 F7500 X105.206 Y113.204 E1721.54363
G0 F15000 X105.206 Y112.582
G1 F7500 X141.083 Y76.705 E1723.39993
G0 F15000 X140.461 Y76.705
G1 F7500 X105.206 Y111.96 E1725.22404
G0 F15000 X105.206 Y111.338
G1 F7500 X139.838 Y76.705 E1727.01595
G0 F15000 X139.216 Y76.705
G1 F7500 X105.206 Y110.715 E1728.77565
G0 F15000 X105.206 Y110.093
G1 F7500 X138.594 Y76.705 E1730.50317
G0 F15000 X137.972 Y76.705
G1 F7500 X105.206 Y109.471 E1732.1985
G0 F15000 X105.206 Y108.849
G1 F7500 X137.349 Y76.705 E1733.86162
G0 F15000 X136.727 Y76.705
G1 F7500 X105.206 Y108.226 E1735.49254
G0 F15000 X105.206 Y107.604
G1 F7500 X136.105 Y76.705 E1737.09127
G0 F15000 X135.483 Y76.705
G1 F7500 X105.206 Y106.982 E1738.65782
G0 F15000 X105.206 Y106.36
G1 F7500 X134.86 Y76.705 E1740.19217
G0 F15000 X134.238 Y76.705
G1 F7500 X105.206 Y105.737 E1741.6943
G0 F15000 X105.206 Y105.115
G1 F7500 X133.616 Y76.705 E1743.16425
G0 F15000 X132.994 Y76.705
G1 F7500 X105.206 Y104.493 E1744.60202
G0 F15000 X105.206 Y103.871
G1 F7500 X132.371 Y76.705 E1746.00758
G0 F15000 X131.749 Y76.705
G1 F7500 X105.206 Y103.248 E1747.38093
G0 F15000 X105.206 Y102.626
G1 F7500 X131.127 Y76.705 E1748.7221
G0 F15000 X130.505 Y76.705
G1 F7500 X105.206 Y102.004 E1750.03109
G0 F15000 X105.206 Y101.382
G1 F7500 X129.882 Y76.705 E1751.30786
G0 F15000 X129.26 Y76.705
G1 F7500 X105.206 Y100.759 E1752.55243
G0 F15000 X105.206 Y100.137
G1 F7500 X128.638 Y76.705 E1753.76482
G0 F15000 X128.016 Y76.705
G1 F7500 X105.206 Y99.515 E1754.94502
G0 F15000 X105.206 Y98.893
G1 F7500 X127.393 Y76.705 E1756.09302
G0 F15000 X126.771 Y76.705
G1 F7500 X105.206 Y98.27 E1757.20881
G0 F15000 X105.206 Y97.648
G1 F7500 X126.149 Y76.705 E1758.29241
G0 F15000 X125.527 Y76.705
G1 F7500 X105.206 Y97.026 E1759.34383
G0 F15000 X105.206 Y96.404
G1 F7500 X124.904 Y76.705 E1760.36304
G0 F15000 X124.282 Y76.705
G1 F7500 X105.206 Y95.781 E1761.35005
G0 F15000 X105.206 Y95.159
G1 F7500 X123.66 Y76.705 E1762.30487
G0 F15000 X123.037 Y76.705
G1 F7500 X105.206 Y94.537 E1763.22748
G0 F15000 X105.206 Y93.915
G1 F7500 X122.415 Y76.705 E1764.11791
G0 F15000 X121.793 Y76.705
G1 F7500 X105.206 Y93.292 E1764.97613
G0 F15000 X105.206 Y92.67
G1 F7500 X121.171 Y76.705 E1765.80217
G0 F15000 X120.548 Y76.705
G1 F7500 X105.206 Y92.048 E1766.596
G0 F15000 X105.206 Y91.426
G1 F7500 X119.926 Y76.705 E1767.35765
G0 F15000 X119.304 Y76.705
G1 F7500 X105.206 Y90.803 E1768.08709
G0 F15000 X105.206 Y90.181
G1 F7500 X118.682 Y76.705 E1768.78435
G0 F15000 X118.059 Y76.705
G1 F7500 X105.206 Y89.559 E1769.4494
G0 F15000 X105.206 Y88.937
G1 F7500 X117.437 Y76.705 E1770.08226
G0 F15000 X116.815 Y76.705
G1 F7500 X105.206 Y88.314 E1770.68292
G0 F15000 X105.206 Y87.692
G1 F7500 X110.293 Y82.604 E1770.94615
G0 F15000 X109.555 Y82.72
G1 F7500 X105.206 Y87.07 E1771.17119
G0 F15000 X105.206 Y86.448
G1 F7500 X109.002 Y82.651 E1771.36763
G0 F15000 X108.473 Y82.558
G1 F7500 X105.206 Y85.825 E1771.53666
G0 F15000 X105.206 Y85.203
G1 F7500 X108.062 Y82.347 E1771.68444
G0 F15000 X107.65 Y82.136
G1 F7500 X105.206 Y84.581 E1771.81092
G0 F15000 X105.206 Y83.959
G1 F7500 X107.326 Y81.838 E1771.92063
G0 F15000 X107.015 Y81.527
G1 F7500 X105.206 Y83.336 E1772.01423
G0 F15000 X105.206 Y82.714
G1 F7500 X106.763 Y81.157 E1772.09479
G0 F15000 X106.552 Y80.745
G1 F7500 X105.206 Y82.092 E1772.16446
G0 F15000 X105.206 Y81.47
G1 F7500 X106.391 Y80.284 E1772.2258
G0 F15000 X106.305 Y79.748
G1 F7500 X105.206 Y80.847 E1772.28266
G0 F15000 X105.206 Y80.225
G1 F7500 X106.329 Y79.101 E1772.34079
G0 F15000 X106.55 Y78.259
G1 F7500 X105.206 Y79.603 E1772.41033
G0 F15000 X105.206 Y78.98
G1 F7500 X107.481 Y76.705 E1772.52804
G0 F15000 X106.859 Y76.705
G1 F7500 X105.206 Y78.358 E1772.61357
G0 F15000 X105.206 Y77.736
G1 F7500 X106.237 Y76.705 E1772.66691
G0 F15000 X105.614 Y76.705
G1 F7500 X105.206 Y77.114 E1772.68805
G1 F4800 E1762.68805
G0 F15000 X111.526 Y77.016
G1 F4800 E1772.68805
G1 F7500 X111.837 Y76.705 E1772.70414
G0 F15000 X111.837 Y77.327
G1 F7500 X112.459 Y76.705 E1772.73632
G0 F15000 X113.081 Y76.705
G1 F7500 X112.136 Y77.65 E1772.78522
G0 F15000 X112.347 Y78.062
G1 F7500 X113.704 Y76.705 E1772.85543
G0 F15000 X114.326 Y76.705
G1 F7500 X112.558 Y78.473 E1772.94691
G0 F15000 X112.652 Y79.002
G1 F7500 X114.948 Y76.705 E1773.06573
G0 F15000 X115.57 Y76.705
G1 F7500 X112.721 Y79.555 E1773.21316
G0 F15000 X112.605 Y80.293
G1 F7500 X116.193 Y76.705 E1773.39881
G1 F4800 E1763.39881
G0 F15000 X113.79 Y126.399
G1 F4800 E1773.39881
G1 F7500 X105.206 Y134.983 E1773.84295
G0 F15000 X105.206 Y135.606
G1 F7500 X113.79 Y127.021 E1774.28712
G0 F15000 X113.79 Y127.644
G1 F7500 X105.206 Y136.228 E1774.73126
G0 F15000 X105.206 Y136.85
G1 F7500 X113.79 Y128.266 E1775.1754
G0 F15000 X113.79 Y128.888
G1 F7500 X105.206 Y137.472 E1775.61954
G0 F15000 X105.206 Y138.095
G1 F7500 X113.79 Y129.51 E1776.06371
G0 F15000 X113.79 Y130.133
G1 F7500 X105.206 Y138.717 E1776.50785
G0 F15000 X105.206 Y139.339
G1 F7500 X113.79 Y130.755 E1776.95199
G0 F15000 X113.79 Y131.377
G1 F7500 X105.206 Y139.961 E1777.39614
G0 F15000 X105.206 Y140.584
G1 F7500 X113.79 Y131.999 E1777.8403
G0 F15000 X113.79 Y132.622
G1 F7500 X105.206 Y141.206 E1778.28444
G0 F15000 X105.206 Y141.828
G1 F7500 X113.79 Y133.244 E1778.72859
G0 F15000 X113.79 Y133.866
G1 F7500 X105.206 Y142.45 E1779.17273
G0 F15000 X105.206 Y143.073
G1 F7500 X113.79 Y134.488 E1779.6169
G0 F15000 X113.79 Y135.111
G1 F7500 X105.206 Y143.695 E1780.06104
G0 F15000 X105.206 Y144.317
G1 F7500 X113.79 Y135.733 E1780.50518
G0 F15000 X113.79 Y136.355
G1 F7500 X105.206 Y144.939 E1780.94932
G0 F15000 X105.206 Y145.562
G1 F7500 X113.79 Y136.977 E1781.39349
G0 F15000 X113.79 Y137.6
G1 F7500 X105.206 Y146.184 E1781.83763
G0 F15000 X105.206 Y146.806
G1 F7500 X113.79 Y138.222 E1782.28177
G0 F15000 X113.79 Y138.844
G1 F7500 X105.206 Y147.428 E1782.72591
G0 F15000 X105.206 Y148.051
G1 F7500 X113.79 Y139.466 E1783.17008
G0 F15000 X113.79 Y140.089
G1 F7500 X105.206 Y148.673 E1783.61422
G0 F15000 X105.206 Y149.295
G1 F7500 X113.79 Y140.711 E1784.05836
G0 F15000 X113.79 Y141.333
G1 F7500 X105.206 Y149.917 E1784.5025
G0 F15000 X105.206 Y150.54
G1 F7500 X113.79 Y141.955 E1784.94667
G0 F15000 X113.79 Y142.578
G1 F7500 X105.206 Y151.162 E1785.39081
G0 F15000 X105.206 Y151.784
G1 F7500 X113.79 Y143.2 E1785.83495
G0 F15000 X113.79 Y143.822
G1 F7500 X105.206 Y152.406 E1786.2791
G0 F15000 X105.206 Y153.029
G1 F7500 X113.79 Y144.444 E1786.72326
G0 F15000 X113.79 Y145.067
G1 F7500 X105.206 Y153.651 E1787.1674
G0 F15000 X105.206 Y154.273
G1 F7500 X113.79 Y145.689 E1787.61155
G0 F15000 X113.79 Y146.311
G1 F7500 X105.206 Y154.895 E1788.05569
G0 F15000 X105.206 Y155.518
G1 F7500 X113.79 Y146.933 E1788.49986
G0 F15000 X113.79 Y147.556
G1 F7500 X105.206 Y156.14 E1788.944
G0 F15000 X105.206 Y156.762
G1 F7500 X113.79 Y148.178 E1789.38814
G0 F15000 X113.79 Y148.8
G1 F7500 X105.206 Y157.384 E1789.83228
G0 F15000 X105.206 Y158.007
G1 F7500 X113.79 Y149.422 E1790.27645
G0 F15000 X113.79 Y150.045
G1 F7500 X105.206 Y158.629 E1790.72059
G0 F15000 X105.206 Y159.251
G1 F7500 X113.79 Y150.667 E1791.16473
G0 F15000 X113.79 Y151.289
G1 F7500 X105.206 Y159.874 E1791.6089
G0 F15000 X105.206 Y160.496
G1 F7500 X113.79 Y151.911 E1792.05307
G0 F15000 X113.79 Y152.534
G1 F7500 X105.206 Y161.118 E1792.49721
G0 F15000 X105.206 Y161.74
G1 F7500 X113.79 Y153.156 E1792.94135
G0 F15000 X113.79 Y153.778
G1 F7500 X105.206 Y162.363 E1793.38552
G0 F15000 X105.206 Y162.985
G1 F7500 X113.79 Y154.401 E1793.82966
G0 F15000 X113.79 Y155.023
G1 F7500 X105.206 Y163.607 E1794.2738
G0 F15000 X105.206 Y164.229
G1 F7500 X113.79 Y155.645 E1794.71794
G0 F15000 X113.79 Y156.267
G1 F7500 X105.206 Y164.852 E1795.16211
G0 F15000 X105.206 Y165.474
G1 F7500 X113.79 Y156.89 E1795.60625
G0 F15000 X113.79 Y157.512
G1 F7500 X105.206 Y166.096 E1796.05039
G0 F15000 X105.206 Y166.718
G1 F7500 X113.79 Y158.134 E1796.49453
G0 F15000 X113.79 Y158.756
G1 F7500 X105.206 Y167.341 E1796.9387
G0 F15000 X105.206 Y167.963
G1 F7500 X113.79 Y159.379 E1797.38284
G0 F15000 X113.79 Y160.001
G1 F7500 X105.206 Y168.585 E1797.82698
G0 F15000 X105.206 Y169.207
G1 F7500 X113.79 Y160.623 E1798.27112
G0 F15000 X113.79 Y161.245
G1 F7500 X105.206 Y169.83 E1798.71529
G0 F15000 X105.206 Y170.452
G1 F7500 X113.79 Y161.868 E1799.15943
G0 F15000 X113.79 Y162.49
G1 F7500 X105.206 Y171.074 E1799.60358
G0 F15000 X105.206 Y171.696
G1 F7500 X113.79 Y163.112 E1800.04772
G0 F15000 X113.79 Y163.734
G1 F7500 X107.676 Y169.849 E1800.36408
G0 F15000 X106.849 Y170.675
G1 F7500 X105.206 Y172.319 E1800.44912
G0 F15000 X105.206 Y172.941
G1 F7500 X106.384 Y171.762 E1800.5101
G0 F15000 X106.267 Y172.502
G1 F7500 X105.206 Y173.563 E1800.56499
G0 F15000 X105.206 Y174.185
G1 F7500 X106.353 Y173.038 E1800.62434
G0 F15000 X106.457 Y173.557
G1 F7500 X105.206 Y174.808 E1800.68907
G0 F15000 X105.342 Y175.293
G1 F7500 X106.667 Y173.968 E1800.75762
G0 F15000 X106.878 Y174.38
G1 F7500 X105.964 Y175.293 E1800.80489
G0 F15000 X106.587 Y175.293
G1 F7500 X107.185 Y174.695 E1800.83583
G0 F15000 X107.496 Y175.006
G1 F7500 X107.209 Y175.293 E1800.85068
G1 F4800 E1790.85068
G0 F15000 X111.565 Y175.293
G1 F4800 E1800.85068
G1 F7500 X113.79 Y173.068 E1800.9658
G0 F15000 X113.79 Y172.446
G1 F7500 X112.398 Y173.837 E1801.0378
G0 F15000 X112.659 Y172.955
G1 F7500 X113.79 Y171.824 E1801.09632
G0 F15000 X113.79 Y171.201
G1 F7500 X112.698 Y172.293 E1801.15282
G0 F15000 X112.613 Y171.756
G1 F7500 X113.79 Y170.579 E1801.21372
G0 F15000 X113.79 Y169.957
G1 F7500 X112.463 Y171.284 E1801.28238
G0 F15000 X112.252 Y170.873
G1 F7500 X113.79 Y169.335 E1801.36195
G0 F15000 X113.79 Y168.712
G1 F7500 X112.007 Y170.495 E1801.45421
G0 F15000 X111.696 Y170.184
G1 F7500 X113.79 Y168.09 E1801.56255
G0 F15000 X113.79 Y167.468
G1 F7500 X111.38 Y169.878 E1801.68725
G0 F15000 X110.969 Y169.667
G1 F7500 X113.79 Y166.846 E1801.83321
G0 F15000 X113.79 Y166.223
G1 F7500 X110.556 Y169.457 E1802.00054
G0 F15000 X110.037 Y169.354
G1 F7500 X113.79 Y165.601 E1802.19472
G0 F15000 X113.79 Y164.979
G1 F7500 X109.5 Y169.269 E1802.41669
G0 F15000 X108.761 Y169.386
G1 F7500 X113.79 Y164.357 E1802.67689
G1 F4800 E1792.67689
G0 F15000 X113.79 Y173.69
G1 F4800 E1802.67689
G1 F7500 X112.188 Y175.293 E1802.75981
G0 F15000 X112.81 Y175.293
G1 F7500 X113.79 Y174.313 E1802.81051
G0 F15000 X113.79 Y174.935
G1 F7500 X113.432 Y175.293 E1802.82903
G1 F4800 E1792.82903
G0 F15000 X139.256 Y174.982
G1 F4800 E1802.82903
G1 F7500 X139.871 Y174.366 E1802.86088
G0 F15000 X140.175 Y174.685
G1 F7500 X139.567 Y175.293 E1802.89234
G0 F15000 X140.189 Y175.293
G1 F7500 X140.486 Y174.996 E1802.90771
G0 F15000 X139.66 Y173.955
G1 F7500 X139.256 Y174.359 E1802.92861
G0 F15000 X139.256 Y173.737
G1 F7500 X139.449 Y173.543 E1802.93862
G0 F15000 X139.256 Y173.115
G1 F7500 X139.351 Y173.019 E1802.94356
G0 F15000 X139.256 Y171.87
G1 F7500 X139.389 Y171.737 E1802.95044
G0 F15000 X139.256 Y171.248
G1 F7500 X139.869 Y170.635 E1802.98216
G0 F15000 X139.256 Y170.626
G1 F7500 X141.093 Y168.788 E1803.07723
G0 F15000 X141.093 Y168.166
G1 F7500 X139.256 Y170.004 E1803.17231
G0 F15000 X139.256 Y169.381
G1 F7500 X141.093 Y167.544 E1803.26735
G0 F15000 X141.093 Y166.921
G1 F7500 X139.256 Y168.759 E1803.36243
G0 F15000 X139.256 Y168.137
G1 F7500 X141.093 Y166.299 E1803.4575
G0 F15000 X141.093 Y165.677
G1 F7500 X139.256 Y167.515 E1803.55258
G0 F15000 X139.256 Y166.892
G1 F7500 X141.093 Y165.054 E1803.64765
G0 F15000 X141.093 Y164.432
G1 F7500 X139.256 Y166.27 E1803.74272
G0 F15000 X139.256 Y165.648
G1 F7500 X141.093 Y163.81 E1803.8378
G0 F15000 X141.093 Y163.188
G1 F7500 X139.256 Y165.025 E1803.93284
G0 F15000 X139.256 Y164.403
G1 F7500 X141.093 Y162.565 E1804.02792
G0 F15000 X141.093 Y161.943
G1 F7500 X139.256 Y163.781 E1804.12299
G0 F15000 X139.256 Y163.159
G1 F7500 X141.093 Y161.321 E1804.21806
G0 F15000 X141.093 Y160.699
G1 F7500 X139.256 Y162.536 E1804.31311
G0 F15000 X139.256 Y161.914
G1 F7500 X141.093 Y160.076 E1804.40818
G0 F15000 X141.093 Y159.454
G1 F7500 X139.256 Y161.292 E1804.50326
G0 F15000 X139.256 Y160.67
G1 F7500 X141.093 Y158.832 E1804.59833
G0 F15000 X141.093 Y158.21
G1 F7500 X139.256 Y160.047 E1804.69338
G0 F15000 X139.256 Y159.425
G1 F7500 X141.093 Y157.587 E1804.78845
G0 F15000 X141.093 Y156.965
G1 F7500 X139.256 Y158.803 E1804.88353
G0 F15000 X139.256 Y158.181
G1 F7500 X141.093 Y156.343 E1804.9786
G0 F15000 X141.093 Y155.721
G1 F7500 X139.256 Y157.558 E1805.07365
G0 F15000 X139.256 Y156.936
G1 F7500 X141.093 Y155.098 E1805.16872
G0 F15000 X141.093 Y154.476
G1 F7500 X139.256 Y156.314 E1805.26379
G0 F15000 X139.256 Y155.692
G1 F7500 X141.093 Y153.854 E1805.35887
G0 F15000 X141.093 Y153.232
G1 F7500 X139.256 Y155.069 E1805.45391
G0 F15000 X139.256 Y154.447
G1 F7500 X141.093 Y152.609 E1805.54899
G0 F15000 X141.093 Y151.987
G1 F7500 X139.256 Y153.825 E1805.64406
G0 F15000 X139.256 Y153.203
G1 F7500 X141.093 Y151.365 E1805.73913
G0 F15000 X141.093 Y150.743
G1 F7500 X139.256 Y152.58 E1805.83418
G0 F15000 X139.256 Y151.958
G1 F7500 X140.509 Y150.704 E1805.89904
G0 F15000 X139.887 Y150.704
G1 F7500 X139.256 Y151.336 E1805.93171
G1 F4800 E1795.93171
G0 F15000 X141.093 Y169.41
G1 F4800 E1805.93171
G1 F7500 X140.634 Y169.87 E1805.95549
G1 F4800 E1795.95549
;MESH:NONMESH
G0 F300 X140.634 Y169.87 Z1.4
G0 F15000 X112.007 Y80.272
;TIME_ELAPSED:1416.050948
;LAYER:6
;TYPE:WALL-INNER
;MESH:Top Carcaza.stl
G1 F4800 E1805.95549
G1 X112.089 Y79.322 E1805.99037
G1 X111.989 Y78.691 E1806.01375
G1 X111.616 Y77.962 E1806.04371
G1 X111.038 Y77.384 E1806.07361
G1 X110.309 Y77.011 E1806.10357
G1 X109.5 Y76.882 E1806.13355
G1 X108.691 Y77.011 E1806.16352
G1 X107.962 Y77.384 E1806.19348
G1 X107.384 Y77.962 E1806.22338
G1 X107.011 Y78.691 E1806.25334
G1 X106.882 Y79.5 E1806.28332
G1 X107.011 Y80.309 E1806.31329
G1 X107.384 Y81.038 E1806.34325
G1 X107.962 Y81.616 E1806.37315
G1 X108.693 Y81.989 E1806.40318
G1 X109.5 Y82.115 E1806.43306
G1 X110.307 Y81.989 E1806.46294
G1 X111.038 Y81.616 E1806.49297
G1 X111.616 Y81.038 E1806.52287
G1 X112.007 Y80.272 E1806.55434
G0 F15000 X111.576 Y80.149
G1 F1440 X111.646 Y79.338 E1806.58412
G1 X111.565 Y78.829 E1806.60298
G1 X111.256 Y78.224 E1806.62783
G1 X110.776 Y77.744 E1806.65267
G1 X110.171 Y77.435 E1806.67752
G1 X109.5 Y77.328 E1806.70238
G1 X108.829 Y77.435 E1806.72724
G1 X108.224 Y77.744 E1806.7521
G1 X107.744 Y78.224 E1806.77693
G1 X107.435 Y78.829 E1806.80179
G1 X107.328 Y79.5 E1806.82665
G1 X107.435 Y80.171 E1806.8515
G1 X107.744 Y80.776 E1806.87636
G1 X108.224 Y81.256 E1806.90119
G1 X108.83 Y81.565 E1806.92608
G1 X109.5 Y81.67 E1806.95089
G1 X110.17 Y81.565 E1806.97571
G1 X110.776 Y81.256 E1807.00059
G1 X111.256 Y80.776 E1807.02543
G1 X111.576 Y80.149 E1807.05118
G0 F15000 X111.145 Y80.026
;TYPE:WALL-OUTER
G1 F1080 X111.203 Y79.354 E1807.07586
G1 X111.141 Y78.967 E1807.0902
G1 X110.896 Y78.486 E1807.10995
G1 X110.514 Y78.104 E1807.12971
G1 X110.033 Y77.859 E1807.14946
G1 X109.5 Y77.774 E1807.16921
G1 X108.967 Y77.859 E1807.18896
G1 X108.486 Y78.104 E1807.20871
G1 X108.104 Y78.486 E1807.22847
G1 X107.859 Y78.967 E1807.24822
G1 X107.774 Y79.5 E1807.26797
G1 X107.859 Y80.033 E1807.28771
G1 X108.104 Y80.514 E1807.30746
G1 X108.486 Y80.896 E1807.32723
G1 X108.967 Y81.141 E1807.34698
G1 X109.5 Y81.225 E1807.36672
G1 X110.033 Y81.141 E1807.38646
G1 X110.514 Y80.896 E1807.40621
G1 X110.896 Y80.514 E1807.42597
G1 X111.145 Y80.026 E1807.44602
G0 F15000 X111.61 Y80.159
G1 F4800 E1797.44602
G0 F15000 X143.463 Y127.597
;TYPE:WALL-INNER
G1 F4800 E1807.44602
G1 X143.463 Y127.378 E1807.45403
G1 X143.244 Y127.378 E1807.45922
G1 X117.412 Y127.378 E1808.40431
G1 X117.412 Y127.338 E1808.40577
G1 X114.837 Y127.338 E1808.49998
G1 X114.837 Y176.34 E1810.29278
G1 X104.34 Y176.34 E1810.67682
G1 X104.34 Y177.66 E1810.72512
G1 X147.663 Y177.663 E1812.31014
G1 X147.663 Y74.337 E1816.09044
G1 X104.34 Y74.34 E1817.67546
G1 X104.34 Y75.66 E1817.72375
G1 X146.34 Y75.66 E1819.26037
G1 X146.34 Y176.34 E1822.94386
G1 X138.21 Y176.34 E1823.24131
G1 X138.21 Y149.66 E1824.21743
G1 X142.14 Y149.66 E1824.36121
G1 X142.14 Y170.396 E1825.11986
G1 X141.838 Y170.431 E1825.13099
G1 X141.224 Y170.744 E1825.1562
G1 X140.744 Y171.224 E1825.18104
G1 X140.435 Y171.83 E1825.20592
G1 X140.33 Y172.5 E1825.23073
G1 X140.435 Y173.17 E1825.25555
G1 X140.744 Y173.776 E1825.28043
G1 X141.224 Y174.257 E1825.30529
G1 X141.844 Y174.572 E1825.33074
G1 X142.624 Y174.657 E1825.35944
G1 X143.326 Y174.486 E1825.38588
G1 X143.776 Y174.256 E1825.40437
G1 X144.256 Y173.776 E1825.4292
G1 X144.565 Y173.171 E1825.45406
G1 X144.672 Y172.5 E1825.47892
G1 X144.565 Y171.829 E1825.50378
G1 X144.256 Y171.224 E1825.52863
G1 X143.768 Y170.736 E1825.55388
G1 X143.46 Y170.591 E1825.56634
G1 X143.463 Y127.597 E1827.13932
G0 F15000 X143.023 Y127.818
;TYPE:WALL-OUTER
G1 F3600 X116.972 Y127.818 E1828.09243
G1 X116.972 Y127.778 E1828.09389
G1 X115.277 Y127.778 E1828.1559
G1 X115.277 Y176.78 E1829.9487
G1 X104.78 Y176.78 E1830.33274
G1 X104.78 Y177.22 E1830.34884
G1 X147.223 Y177.223 E1831.90167
G1 X147.223 Y74.777 E1835.64977
G1 X104.78 Y74.78 E1837.2026
G1 X104.78 Y75.22 E1837.21869
G1 X146.78 Y75.22 E1838.75531
G1 X146.78 Y176.78 E1842.471
G1 X137.77 Y176.78 E1842.80064
G1 X137.77 Y149.22 E1843.80896
G1 X142.58 Y149.22 E1843.98494
G1 X142.58 Y170.788 E1844.77403
G1 X141.967 Y170.859 E1844.7966
G1 X141.486 Y171.104 E1844.81635
G1 X141.104 Y171.486 E1844.83612
G1 X140.859 Y171.967 E1844.85587
G1 X140.775 Y172.5 E1844.87561
G1 X140.859 Y173.033 E1844.89535
G1 X141.104 Y173.514 E1844.9151
G1 X141.486 Y173.896 E1844.93486
G1 X141.972 Y174.143 E1844.95481
G1 X142.595 Y174.211 E1844.97774
G1 X143.172 Y174.071 E1844.99946
G1 X143.514 Y173.896 E1845.01352
G1 X143.896 Y173.514 E1845.03328
G1 X144.141 Y173.033 E1845.05303
G1 X144.226 Y172.5 E1845.07278
G1 X144.141 Y171.967 E1845.09252
G1 X143.896 Y171.486 E1845.11227
G1 X143.511 Y171.101 E1845.13219
G1 X143.02 Y170.87 E1845.15205
G1 X143.023 Y127.818 E1846.72715
G1 F4800 E1836.72715
G0 F15000 X106.882 Y172.5
;TYPE:WALL-INNER
G1 F4800 E1846.72715
G1 X107.011 Y173.309 E1846.75713
G1 X107.384 Y174.038 E1846.78708
G1 X107.962 Y174.616 E1846.81699
G1 X108.691 Y174.989 E1846.84695
G1 X109.5 Y175.118 E1846.87692
G1 X110.309 Y174.989 E1846.90689
G1 X111.038 Y174.616 E1846.93685
G1 X111.616 Y174.038 E1846.96676
G1 X111.989 Y173.307 E1846.99679
G1 X112.115 Y172.5 E1847.02667
G1 X111.989 Y171.693 E1847.05655
G1 X111.616 Y170.962 E1847.08658
G1 X111.038 Y170.384 E1847.11648
G1 X110.307 Y170.011 E1847.14651
G1 X109.5 Y169.885 E1847.17639
G1 X108.693 Y170.011 E1847.20627
G1 X107.962 Y170.384 E1847.2363
G1 X107.384 Y170.962 E1847.2662
G1 X107.011 Y171.691 E1847.29616
G1 X106.882 Y172.5 E1847.32614
G0 F15000 X107.328 Y172.5
G1 F1440 X107.435 Y173.171 E1847.351
G1 X107.744 Y173.776 E1847.37585
G1 X108.224 Y174.256 E1847.40069
G1 X108.829 Y174.565 E1847.42554
G1 X109.5 Y174.672 E1847.4504
G1 X110.171 Y174.565 E1847.47526
G1 X110.776 Y174.256 E1847.50011
G1 X111.256 Y173.776 E1847.52495
G1 X111.565 Y173.17 E1847.54984
G1 X111.67 Y172.5 E1847.57465
G1 X111.565 Y171.83 E1847.59946
G1 X111.256 Y171.224 E1847.62435
G1 X110.776 Y170.744 E1847.64918
G1 X110.17 Y170.435 E1847.67407
G1 X109.5 Y170.33 E1847.69888
G1 X108.83 Y170.435 E1847.72369
G1 X108.224 Y170.744 E1847.74858
G1 X107.744 Y171.224 E1847.77342
G1 X107.435 Y171.829 E1847.79827
G1 X107.328 Y172.5 E1847.82313
G0 F15000 X107.774 Y172.5
;TYPE:WALL-OUTER
G1 F1080 X107.859 Y173.033 E1847.84288
G1 X108.104 Y173.514 E1847.86263
G1 X108.486 Y173.896 E1847.88239
G1 X108.967 Y174.141 E1847.90214
G1 X109.5 Y174.226 E1847.92189
G1 X110.033 Y174.141 E1847.94163
G1 X110.514 Y173.896 E1847.96138
G1 X110.896 Y173.514 E1847.98115
G1 X111.141 Y173.033 E1848.0009
G1 X111.225 Y172.5 E1848.02064
G1 X111.141 Y171.967 E1848.04038
G1 X110.896 Y171.486 E1848.06013
G1 X110.514 Y171.104 E1848.07989
G1 X110.033 Y170.859 E1848.09964
G1 X109.5 Y170.775 E1848.11938
G1 X108.967 Y170.859 E1848.13912
G1 X108.486 Y171.104 E1848.15887
G1 X108.104 Y171.486 E1848.17864
G1 X107.859 Y171.967 E1848.19839
G1 X107.774 Y172.5 E1848.21814
G0 F15000 X107.29 Y172.5
G1 F4800 E1838.21814
G0 F15000 X145.9 Y175.9
;TYPE:WALL-INNER
G1 F4800 E1848.21814
G1 X138.65 Y175.9 E1848.48338
G1 X138.65 Y150.1 E1849.42731
G1 X141.7 Y150.1 E1849.5389
G1 X141.7 Y170.008 E1850.26725
G1 X140.962 Y170.384 E1850.29756
G1 X140.384 Y170.962 E1850.32746
G1 X140.011 Y171.693 E1850.35749
G1 X139.885 Y172.5 E1850.38737
G1 X140.011 Y173.307 E1850.41725
G1 X140.384 Y174.038 E1850.44728
G1 X140.962 Y174.617 E1850.47721
G1 X141.716 Y175.001 E1850.50817
G1 X142.653 Y175.103 E1850.54265
G1 X143.48 Y174.901 E1850.5738
G1 X144.038 Y174.616 E1850.59672
G1 X144.616 Y174.038 E1850.62663
G1 X144.989 Y173.309 E1850.65659
G1 X145.118 Y172.5 E1850.68656
G1 X144.989 Y171.691 E1850.71653
G1 X144.616 Y170.962 E1850.74649
G1 X144.025 Y170.371 E1850.77707
G1 X143.9 Y170.312 E1850.78213
G1 X143.903 Y127.157 E1852.361
G1 X143.903 Y126.938 E1852.36901
G1 X143.684 Y126.938 E1852.3742
G1 X117.852 Y126.938 E1853.31929
G1 X117.852 Y126.898 E1853.32076
G1 X114.397 Y126.898 E1853.44716
G1 X114.397 Y175.9 E1855.23996
G1 X104.6 Y175.9 E1855.59839
G1 X104.6 Y76.1 E1859.24969
G1 X145.9 Y76.1 E1860.7607
G1 X145.9 Y175.9 E1864.41199
G1 F4800 E1854.41199
G0 F15000 X147.84 Y177.84
G1 F4800 E1864.41199
G1 X147.663 Y177.84 E1864.41681
G1 X104.34 Y177.84 E1865.06129
G1 X104.16 Y177.84 E1865.06621
G1 X104.16 Y177.66 E1865.07113
G1 X104.16 Y176.34 E1865.09093
G1 X104.16 Y75.66 E1868.77442
G1 X104.16 Y74.34 E1868.79422
G1 X104.16 Y74.16 E1868.79914
G1 X104.34 Y74.16 E1868.80406
G1 X147.663 Y74.16 E1869.44854
G1 X147.84 Y74.16 E1869.45336
G1 X147.84 Y74.337 E1869.45817
G1 X147.84 Y177.663 E1870.98234
G1 X147.84 Y177.84 E1870.98716
G0 F15000 X148.28 Y178.28
;TYPE:WALL-OUTER
G1 F3600 X103.72 Y178.28 E1872.61743
G1 X103.72 Y73.72 E1876.44288
G1 X148.28 Y73.72 E1878.07316
G1 X148.28 Y178.28 E1881.89861
G1 F4800 E1871.89861
G0 F15000 X145.47 Y175.47
;TYPE:SKIN
G1 F4800 E1881.89861
G1 F2250 X142.964 Y175.47 E1881.99029
G1 X143.631 Y175.307 E1882.01541
G1 X144.294 Y174.968 E1882.04266
G1 X144.968 Y174.294 E1882.07753
G1 X145.403 Y173.444 E1882.11247
G1 X145.47 Y173.025 E1882.12799
G1 X145.47 Y175.47 E1882.21744
G1 F4800 E1872.21744
G0 F15000 X142.049 Y175.47
G1 F4800 E1882.21744
G1 F7500 X139.08 Y175.47 E1882.32607
G1 X139.08 Y150.53 E1883.23853
G1 X141.27 Y150.53 E1883.31865
G1 X141.27 Y169.745 E1884.02165
G1 X140.706 Y170.032 E1884.04481
G1 X140.032 Y170.706 E1884.07968
G1 X139.597 Y171.558 E1884.11468
G1 X139.449 Y172.5 E1884.14956
G1 X139.597 Y173.442 E1884.18445
G1 X140.032 Y174.294 E1884.21945
G1 X140.706 Y174.969 E1884.25435
G1 X141.591 Y175.42 E1884.29069
G1 X142.049 Y175.47 E1884.30755
G1 F4800 E1874.30755
G0 F15000 X145.47 Y171.975
G1 F4800 E1884.30755
G1 F7500 X145.403 Y171.556 E1884.32307
G1 X144.968 Y170.706 E1884.358
G1 X144.33 Y170.067 E1884.39104
G1 X144.333 Y126.508 E1885.9847
G1 X118.282 Y126.508 E1886.9378
G1 X118.282 Y126.468 E1886.93927
G1 X113.967 Y126.468 E1887.09714
G1 X113.967 Y175.47 E1888.88993
G1 X110.025 Y175.47 E1889.03415
G1 X110.444 Y175.403 E1889.04968
G1 X111.294 Y174.968 E1889.08461
G1 X111.968 Y174.294 E1889.11948
G1 X112.403 Y173.442 E1889.15448
G1 X112.551 Y172.5 E1889.18937
G1 X112.403 Y171.558 E1889.22426
G1 X111.968 Y170.706 E1889.25926
G1 X111.294 Y170.032 E1889.29413
G1 X110.442 Y169.597 E1889.32913
G1 X109.5 Y169.449 E1889.36402
G1 X108.558 Y169.597 E1889.3989
G1 X107.706 Y170.032 E1889.4339
G1 X107.032 Y170.706 E1889.46877
G1 X106.597 Y171.556 E1889.50371
G1 X106.446 Y172.5 E1889.53869
G1 X106.597 Y173.444 E1889.57366
G1 X107.032 Y174.294 E1889.6086
G1 X107.706 Y174.968 E1889.64347
G1 X108.556 Y175.403 E1889.6784
G1 X108.975 Y175.47 E1889.69393
G1 X105.03 Y175.47 E1889.83826
G1 X105.03 Y76.53 E1893.45809
G1 X108.975 Y76.53 E1893.60243
G1 X108.556 Y76.597 E1893.61795
G1 X107.706 Y77.032 E1893.65288
G1 X107.032 Y77.706 E1893.68776
G1 X106.597 Y78.556 E1893.72269
G1 X106.446 Y79.5 E1893.75767
G1 X106.597 Y80.444 E1893.79264
G1 X107.032 Y81.294 E1893.82758
G1 X107.706 Y81.968 E1893.86245
G1 X108.558 Y82.403 E1893.89745
G1 X109.5 Y82.551 E1893.93234
G1 X110.442 Y82.403 E1893.96722
G1 X111.294 Y81.968 E1894.00222
G1 X111.968 Y81.294 E1894.0371
G1 X112.428 Y80.393 E1894.07411
G1 X112.521 Y79.307 E1894.11399
G1 X112.403 Y78.556 E1894.1418
G1 X111.968 Y77.706 E1894.17673
G1 X111.294 Y77.032 E1894.21161
G1 X110.444 Y76.597 E1894.24654
G1 X110.025 Y76.53 E1894.26206
G1 X145.47 Y76.53 E1895.55886
G1 X145.47 Y171.975 E1899.05083
G1 F4800 E1889.05083
G0 F15000 X105.6 Y175.293
G1 F4800 E1899.05083
G1 F7500 X105.205 Y174.897 E1899.07129
G0 F15000 X105.205 Y174.275
G1 F7500 X106.222 Y175.293 E1899.12394
G0 F15000 X106.845 Y175.293
G1 F7500 X105.205 Y173.653 E1899.20879
G0 F15000 X105.205 Y173.031
G1 F7500 X107.467 Y175.293 E1899.32583
G1 F4800 E1889.32583
G0 F15000 X106.566 Y173.77
G1 F4800 E1899.32583
G1 F7500 X105.205 Y172.408 E1899.39627
G0 F15000 X105.205 Y171.786
G1 F7500 X106.334 Y172.915 E1899.45469
G0 F15000 X106.305 Y172.264
G1 F7500 X105.205 Y171.164 E1899.5116
G0 F15000 X105.205 Y170.542
G1 F7500 X106.391 Y171.727 E1899.57294
G0 F15000 X106.548 Y171.263
G1 F7500 X105.205 Y169.919 E1899.64245
G0 F15000 X105.205 Y169.297
G1 F7500 X106.759 Y170.851 E1899.72286
G0 F15000 X107.009 Y170.479
G1 F7500 X105.205 Y168.675 E1899.8162
G0 F15000 X105.205 Y168.053
G1 F7500 X107.32 Y170.168 E1899.92563
G0 F15000 X107.64 Y169.866
G1 F7500 X105.205 Y167.43 E1900.05164
G0 F15000 X105.205 Y166.808
G1 F7500 X108.052 Y169.656 E1900.19898
G0 F15000 X108.464 Y169.445
G1 F7500 X105.205 Y166.186 E1900.3676
G0 F15000 X105.205 Y165.564
G1 F7500 X108.99 Y169.349 E1900.56344
G0 F15000 X109.538 Y169.274
G1 F7500 X105.205 Y164.941 E1900.78763
G0 F15000 X105.205 Y164.319
G1 F7500 X110.277 Y169.391 E1901.05006
G0 F15000 X111.389 Y169.881
G1 F7500 X105.205 Y163.697 E1901.37002
G0 F15000 X105.205 Y163.075
G1 F7500 X113.791 Y171.66 E1901.81424
G0 F15000 X113.791 Y171.038
G1 F7500 X105.205 Y162.452 E1902.25849
G0 F15000 X105.205 Y161.83
G1 F7500 X113.791 Y170.416 E1902.70273
G0 F15000 X113.791 Y169.794
G1 F7500 X105.205 Y161.208 E1903.14698
G0 F15000 X105.205 Y160.586
G1 F7500 X113.791 Y169.171 E1903.5912
G0 F15000 X113.791 Y168.549
G1 F7500 X105.205 Y159.963 E1904.03544
G0 F15000 X105.205 Y159.341
G1 F7500 X113.791 Y167.927 E1904.47969
G0 F15000 X113.791 Y167.304
G1 F7500 X105.205 Y158.719 E1904.9239
G0 F15000 X105.205 Y158.097
G1 F7500 X113.791 Y166.682 E1905.36812
G0 F15000 X113.791 Y166.06
G1 F7500 X105.205 Y157.474 E1905.81237
G0 F15000 X105.205 Y156.852
G1 F7500 X113.791 Y165.438 E1906.25661
G0 F15000 X113.791 Y164.815
G1 F7500 X105.205 Y156.23 E1906.70083
G0 F15000 X105.205 Y155.608
G1 F7500 X113.791 Y164.193 E1907.14505
G0 F15000 X113.791 Y163.571
G1 F7500 X105.205 Y154.985 E1907.5893
G0 F15000 X105.205 Y154.363
G1 F7500 X113.791 Y162.949 E1908.03354
G0 F15000 X113.791 Y162.326
G1 F7500 X105.205 Y153.741 E1908.47776
G0 F15000 X105.205 Y153.119
G1 F7500 X113.791 Y161.704 E1908.92198
G0 F15000 X113.791 Y161.082
G1 F7500 X105.205 Y152.496 E1909.36623
G0 F15000 X105.205 Y151.874
G1 F7500 X113.791 Y160.46 E1909.81047
G0 F15000 X113.791 Y159.837
G1 F7500 X105.205 Y151.252 E1910.25469
G0 F15000 X105.205 Y150.63
G1 F7500 X113.791 Y159.215 E1910.69891
G0 F15000 X113.791 Y158.593
G1 F7500 X105.205 Y150.007 E1911.14315
G0 F15000 X105.205 Y149.385
G1 F7500 X113.791 Y157.971 E1911.5874
G0 F15000 X113.791 Y157.348
G1 F7500 X105.205 Y148.763 E1912.03162
G0 F15000 X105.205 Y148.14
G1 F7500 X113.791 Y156.726 E1912.47586
G0 F15000 X113.791 Y156.104
G1 F7500 X105.205 Y147.518 E1912.92011
G0 F15000 X105.205 Y146.896
G1 F7500 X113.791 Y155.482 E1913.36435
G0 F15000 X113.791 Y154.859
G1 F7500 X105.205 Y146.274 E1913.80857
G0 F15000 X105.205 Y145.651
G1 F7500 X113.791 Y154.237 E1914.25282
G0 F15000 X113.791 Y153.615
G1 F7500 X105.205 Y145.029 E1914.69706
G0 F15000 X105.205 Y144.407
G1 F7500 X113.791 Y152.993 E1915.14131
G0 F15000 X113.791 Y152.37
G1 F7500 X105.205 Y143.785 E1915.58553
G0 F15000 X105.205 Y143.162
G1 F7500 X113.791 Y151.748 E1916.02977
G0 F15000 X113.791 Y151.126
G1 F7500 X105.205 Y142.54 E1916.47402
G0 F15000 X105.205 Y141.918
G1 F7500 X113.791 Y150.504 E1916.91826
G0 F15000 X113.791 Y149.881
G1 F7500 X105.205 Y141.296 E1917.36248
G0 F15000 X105.205 Y140.673
G1 F7500 X113.791 Y149.259 E1917.80673
G0 F15000 X113.791 Y148.637
G1 F7500 X105.205 Y140.051 E1918.25097
G0 F15000 X105.205 Y139.429
G1 F7500 X113.791 Y148.015 E1918.69522
G0 F15000 X113.791 Y147.392
G1 F7500 X105.205 Y138.807 E1919.13944
G0 F15000 X105.205 Y138.184
G1 F7500 X113.791 Y146.77 E1919.58368
G0 F15000 X113.791 Y146.148
G1 F7500 X105.205 Y137.562 E1920.02793
G0 F15000 X105.205 Y136.94
G1 F7500 X113.791 Y145.526 E1920.47217
G0 F15000 X113.791 Y144.903
G1 F7500 X105.205 Y136.318 E1920.91639
G0 F15000 X105.205 Y135.695
G1 F7500 X113.791 Y144.281 E1921.36063
G0 F15000 X113.791 Y143.659
G1 F7500 X105.205 Y135.073 E1921.80488
G0 F15000 X105.205 Y134.451
G1 F7500 X113.791 Y143.037 E1922.24912
G0 F15000 X113.791 Y142.414
G1 F7500 X105.205 Y133.829 E1922.69334
G0 F15000 X105.205 Y133.206
G1 F7500 X113.791 Y141.792 E1923.13759
G0 F15000 X113.791 Y141.17
G1 F7500 X105.205 Y132.584 E1923.58183
G0 F15000 X105.205 Y131.962
G1 F7500 X113.791 Y140.548 E1924.02608
G0 F15000 X113.791 Y139.925
G1 F7500 X105.205 Y131.34 E1924.4703
G0 F15000 X105.205 Y130.717
G1 F7500 X113.791 Y139.303 E1924.91454
G0 F15000 X113.791 Y138.681
G1 F7500 X105.205 Y130.095 E1925.35879
G0 F15000 X105.205 Y129.473
G1 F7500 X113.791 Y138.059 E1925.80303
G0 F15000 X113.791 Y137.436
G1 F7500 X105.205 Y128.851 E1926.24725
G0 F15000 X105.205 Y128.228
G1 F7500 X113.791 Y136.814 E1926.6915
G0 F15000 X113.791 Y136.192
G1 F7500 X105.205 Y127.606 E1927.13574
G0 F15000 X105.205 Y126.984
G1 F7500 X113.791 Y135.57 E1927.57999
G0 F15000 X113.791 Y134.947
G1 F7500 X105.205 Y126.362 E1928.02421
G0 F15000 X105.205 Y125.739
G1 F7500 X113.791 Y134.325 E1928.46845
G0 F15000 X113.791 Y133.703
G1 F7500 X105.205 Y125.117 E1928.9127
G0 F15000 X105.205 Y124.495
G1 F7500 X113.791 Y133.081 E1929.35694
G0 F15000 X113.791 Y132.458
G1 F7500 X105.205 Y123.873 E1929.80116
G0 F15000 X105.205 Y123.25
G1 F7500 X113.791 Y131.836 E1930.24541
G0 F15000 X113.791 Y131.214
G1 F7500 X105.205 Y122.628 E1930.68965
G0 F15000 X105.205 Y122.006
G1 F7500 X113.791 Y130.592 E1931.1339
G0 F15000 X113.791 Y129.969
G1 F7500 X105.205 Y121.384 E1931.57811
G0 F15000 X105.205 Y120.761
G1 F7500 X113.791 Y129.347 E1932.02236
G0 F15000 X113.791 Y128.725
G1 F7500 X105.205 Y120.139 E1932.4666
G0 F15000 X105.205 Y119.517
G1 F7500 X113.791 Y128.103 E1932.91085
G0 F15000 X113.791 Y127.48
G1 F7500 X105.205 Y118.895 E1933.35507
G0 F15000 X105.205 Y118.272
G1 F7500 X113.791 Y126.858 E1933.79931
G0 F15000 X113.846 Y126.291
G1 F7500 X105.205 Y117.65 E1934.2464
G0 F15000 X105.205 Y117.028
G1 F7500 X114.468 Y126.291 E1934.72568
G0 F15000 X115.09 Y126.291
G1 F7500 X105.205 Y116.406 E1935.23713
G0 F15000 X105.205 Y115.783
G1 F7500 X115.713 Y126.291 E1935.78082
G0 F15000 X116.335 Y126.291
G1 F7500 X105.205 Y115.161 E1936.3567
G0 F15000 X105.205 Y114.539
G1 F7500 X116.957 Y126.291 E1936.96475
G0 F15000 X117.579 Y126.291
G1 F7500 X105.205 Y113.917 E1937.60499
G0 F15000 X105.205 Y113.294
G1 F7500 X118.202 Y126.291 E1938.27747
G0 F15000 X118.863 Y126.33
G1 F7500 X105.205 Y112.672 E1938.98414
G0 F15000 X105.205 Y112.05
G1 F7500 X119.486 Y126.33 E1939.72302
G0 F15000 X120.108 Y126.33
G1 F7500 X105.205 Y111.428 E1940.49409
G0 F15000 X105.205 Y110.805
G1 F7500 X120.73 Y126.33 E1941.29736
G0 F15000 X121.352 Y126.33
G1 F7500 X105.205 Y110.183 E1942.13281
G0 F15000 X105.205 Y109.561
G1 F7500 X121.975 Y126.33 E1943.00048
G0 F15000 X122.597 Y126.33
G1 F7500 X105.205 Y108.938 E1943.90035
G0 F15000 X105.205 Y108.316
G1 F7500 X123.219 Y126.33 E1944.83241
G0 F15000 X123.841 Y126.33
G1 F7500 X105.205 Y107.694 E1945.79665
G0 F15000 X105.205 Y107.072
G1 F7500 X124.464 Y126.33 E1946.79309
G0 F15000 X125.086 Y126.33
G1 F7500 X105.205 Y106.449 E1947.82175
G0 F15000 X105.205 Y105.827
G1 F7500 X125.708 Y126.33 E1948.88259
G0 F15000 X126.33 Y126.33
G1 F7500 X105.205 Y105.205 E1949.97561
G0 F15000 X105.205 Y104.583
G1 F7500 X126.953 Y126.33 E1951.10084
G0 F15000 X127.575 Y126.33
G1 F7500 X105.205 Y103.96 E1952.25827
G0 F15000 X105.205 Y103.338
G1 F7500 X128.197 Y126.33 E1953.44789
G0 F15000 X128.82 Y126.33
G1 F7500 X105.205 Y102.716 E1954.66972
G0 F15000 X105.205 Y102.094
G1 F7500 X129.442 Y126.33 E1955.92374
G0 F15000 X130.064 Y126.33
G1 F7500 X105.205 Y101.471 E1957.20996
G0 F15000 X105.205 Y100.849
G1 F7500 X130.686 Y126.33 E1958.52836
G0 F15000 X131.309 Y126.33
G1 F7500 X105.205 Y100.227 E1959.87897
G0 F15000 X105.205 Y99.605
G1 F7500 X131.931 Y126.33 E1961.26176
G0 F15000 X132.553 Y126.33
G1 F7500 X105.205 Y98.982 E1962.67677
G0 F15000 X105.205 Y98.36
G1 F7500 X133.175 Y126.33 E1964.12395
G0 F15000 X133.798 Y126.33
G1 F7500 X105.205 Y97.738 E1965.60335
G0 F15000 X105.205 Y97.116
G1 F7500 X134.42 Y126.33 E1967.11492
G0 F15000 X135.042 Y126.33
G1 F7500 X105.205 Y96.493 E1968.65871
G0 F15000 X105.205 Y95.871
G1 F7500 X135.664 Y126.33 E1970.23468
G0 F15000 X136.287 Y126.33
G1 F7500 X105.205 Y95.249 E1971.84285
G0 F15000 X105.205 Y94.627
G1 F7500 X136.909 Y126.33 E1973.48321
G0 F15000 X137.531 Y126.33
G1 F7500 X105.205 Y94.004 E1975.15578
G0 F15000 X105.205 Y93.382
G1 F7500 X138.153 Y126.33 E1976.86053
G0 F15000 X138.776 Y126.33
G1 F7500 X105.205 Y92.76 E1978.59749
G0 F15000 X105.205 Y92.138
G1 F7500 X139.398 Y126.33 E1980.36663
G0 F15000 X140.02 Y126.33
G1 F7500 X105.205 Y91.515 E1982.16798
G0 F15000 X105.205 Y90.893
G1 F7500 X140.642 Y126.33 E1984.00151
G0 F15000 X141.265 Y126.33
G1 F7500 X105.205 Y90.271 E1985.86725
G0 F15000 X105.205 Y89.649
G1 F7500 X141.887 Y126.33 E1987.76518
G0 F15000 X142.509 Y126.33
G1 F7500 X105.205 Y89.026 E1989.69531
G0 F15000 X105.205 Y88.404
G1 F7500 X143.131 Y126.33 E1991.65762
G0 F15000 X143.754 Y126.33
G1 F7500 X105.205 Y87.782 E1993.65215
G0 F15000 X105.205 Y87.16
G1 F7500 X144.376 Y126.33 E1995.67885
G0 F15000 X144.507 Y126.462
G1 F7500 X145.294 Y127.248 E1995.71955
G0 F15000 X145.294 Y126.626
G1 F7500 X105.205 Y86.537 E1997.79378
G0 F15000 X105.205 Y85.915
G1 F7500 X145.294 Y126.004 E1999.86801
G0 F15000 X145.294 Y125.382
G1 F7500 X105.205 Y85.293 E2001.94224
G0 F15000 X105.205 Y84.671
G1 F7500 X145.294 Y124.759 E2004.01644
G0 F15000 X145.294 Y124.137
G1 F7500 X105.205 Y84.048 E2006.09067
G0 F15000 X105.205 Y83.426
G1 F7500 X145.294 Y123.515 E2008.1649
G0 F15000 X145.294 Y122.893
G1 F7500 X105.205 Y82.804 E2010.23913
G0 F15000 X105.205 Y82.182
G1 F7500 X145.294 Y122.27 E2012.31334
G0 F15000 X145.294 Y121.648
G1 F7500 X105.205 Y81.559 E2014.38757
G0 F15000 X105.205 Y80.937
G1 F7500 X145.294 Y121.026 E2016.4618
G0 F15000 X145.294 Y120.404
G1 F7500 X105.205 Y80.315 E2018.53603
G0 F15000 X105.205 Y79.693
G1 F7500 X106.862 Y81.35 E2018.62176
G0 F15000 X107.649 Y82.137
G1 F7500 X145.294 Y119.781 E2020.56951
G0 F15000 X145.294 Y119.159
G1 F7500 X108.746 Y82.611 E2022.46053
G0 F15000 X109.484 Y82.727
G1 F7500 X145.294 Y118.537 E2024.31336
G0 F15000 X145.294 Y117.915
G1 F7500 X110.026 Y82.647 E2026.13815
G0 F15000 X110.548 Y82.546
G1 F7500 X145.294 Y117.292 E2027.93593
G0 F15000 X145.294 Y116.67
G1 F7500 X110.959 Y82.336 E2029.71242
G0 F15000 X111.371 Y82.125
G1 F7500 X145.294 Y116.048 E2031.46761
G0 F15000 X145.294 Y115.425
G1 F7500 X111.688 Y81.82 E2033.20638
G0 F15000 X112 Y81.509
G1 F7500 X145.294 Y114.803 E2034.92904
G0 F15000 X145.294 Y114.181
G1 F7500 X112.246 Y81.133 E2036.63896
G0 F15000 X112.457 Y80.722
G1 F7500 X145.294 Y113.559 E2038.33797
G0 F15000 X145.294 Y112.936
G1 F7500 X112.615 Y80.258 E2040.02877
G0 F15000 X112.664 Y79.684
G1 F7500 X145.294 Y112.314 E2041.71707
G0 F15000 X145.294 Y111.692
G1 F7500 X112.659 Y79.057 E2043.40562
G0 F15000 X112.41 Y78.186
G1 F7500 X145.294 Y111.07 E2045.10706
G0 F15000 X145.294 Y110.447
G1 F7500 X111.552 Y76.706 E2046.85287
G0 F15000 X112.174 Y76.706
G1 F7500 X145.294 Y109.825 E2048.56649
G0 F15000 X145.294 Y109.203
G1 F7500 X112.796 Y76.706 E2050.24793
G0 F15000 X113.419 Y76.706
G1 F7500 X145.294 Y108.581 E2051.89717
G0 F15000 X145.294 Y107.958
G1 F7500 X114.041 Y76.706 E2053.51419
G0 F15000 X114.663 Y76.706
G1 F7500 X145.294 Y107.336 E2055.09903
G0 F15000 X145.294 Y106.714
G1 F7500 X115.285 Y76.706 E2056.65169
G0 F15000 X115.908 Y76.706
G1 F7500 X145.294 Y106.092 E2058.17214
G0 F15000 X145.294 Y105.469
G1 F7500 X116.53 Y76.706 E2059.66038
G0 F15000 X117.152 Y76.706
G1 F7500 X145.294 Y104.847 E2061.11644
G0 F15000 X145.294 Y104.225
G1 F7500 X117.774 Y76.706 E2062.54032
G0 F15000 X118.397 Y76.706
G1 F7500 X145.294 Y103.603 E2063.93199
G0 F15000 X145.294 Y102.98
G1 F7500 X119.019 Y76.706 E2065.29144
G0 F15000 X119.641 Y76.706
G1 F7500 X145.294 Y102.358 E2066.61872
G0 F15000 X145.294 Y101.736
G1 F7500 X120.264 Y76.706 E2067.91379
G0 F15000 X120.886 Y76.706
G1 F7500 X145.294 Y101.114 E2069.17667
G0 F15000 X145.294 Y100.491
G1 F7500 X121.508 Y76.706 E2070.40735
G0 F15000 X122.13 Y76.706
G1 F7500 X145.294 Y99.869 E2071.60584
G0 F15000 X145.294 Y99.247
G1 F7500 X122.753 Y76.706 E2072.77213
G0 F15000 X123.375 Y76.706
G1 F7500 X145.294 Y98.625 E2073.90623
G0 F15000 X145.294 Y98.002
G1 F7500 X123.997 Y76.706 E2075.00813
G0 F15000 X124.619 Y76.706
G1 F7500 X145.294 Y97.38 E2076.07784
G0 F15000 X145.294 Y96.758
G1 F7500 X125.242 Y76.706 E2077.11534
G0 F15000 X125.864 Y76.706
G1 F7500 X145.294 Y96.136 E2078.12066
G0 F15000 X145.294 Y95.513
G1 F7500 X126.486 Y76.706 E2079.09377
G0 F15000 X127.108 Y76.706
G1 F7500 X145.294 Y94.891 E2080.0347
G0 F15000 X145.294 Y94.269
G1 F7500 X127.731 Y76.706 E2080.94342
G0 F15000 X128.353 Y76.706
G1 F7500 X145.294 Y93.647 E2081.81996
G0 F15000 X145.294 Y93.024
G1 F7500 X128.975 Y76.706 E2082.66429
G0 F15000 X129.597 Y76.706
G1 F7500 X145.294 Y92.402 E2083.47644
G0 F15000 X145.294 Y91.78
G1 F7500 X130.22 Y76.706 E2084.25638
G0 F15000 X130.842 Y76.706
G1 F7500 X145.294 Y91.158 E2085.00413
G0 F15000 X145.294 Y90.535
G1 F7500 X131.464 Y76.706 E2085.71968
G0 F15000 X132.086 Y76.706
G1 F7500 X145.294 Y89.913 E2086.40304
G0 F15000 X145.294 Y89.291
G1 F7500 X132.709 Y76.706 E2087.0542
G0 F15000 X133.331 Y76.706
G1 F7500 X145.294 Y88.669 E2087.67317
G0 F15000 X145.294 Y88.046
G1 F7500 X133.953 Y76.706 E2088.25994
G0 F15000 X134.575 Y76.706
G1 F7500 X145.294 Y87.424 E2088.81452
G0 F15000 X145.294 Y86.802
G1 F7500 X135.198 Y76.706 E2089.33689
G0 F15000 X135.82 Y76.706
G1 F7500 X145.294 Y86.18 E2089.82708
G0 F15000 X145.294 Y85.557
G1 F7500 X136.442 Y76.706 E2090.28506
G0 F15000 X137.064 Y76.706
G1 F7500 X145.294 Y84.935 E2090.71086
G0 F15000 X145.294 Y84.313
G1 F7500 X137.687 Y76.706 E2091.10446
G0 F15000 X138.309 Y76.706
G1 F7500 X145.294 Y83.691 E2091.46586
G0 F15000 X145.294 Y83.068
G1 F7500 X138.931 Y76.706 E2091.79506
G0 F15000 X139.553 Y76.706
G1 F7500 X145.294 Y82.446 E2092.09208
G0 F15000 X145.294 Y81.824
G1 F7500 X140.176 Y76.706 E2092.35689
G0 F15000 X140.798 Y76.706
G1 F7500 X145.294 Y81.202 E2092.58951
G0 F15000 X145.294 Y80.579
G1 F7500 X141.42 Y76.706 E2092.78993
G0 F15000 X142.042 Y76.706
G1 F7500 X145.294 Y79.957 E2092.95817
G0 F15000 X145.294 Y79.335
G1 F7500 X142.665 Y76.706 E2093.09419
G0 F15000 X143.287 Y76.706
G1 F7500 X145.294 Y78.713 E2093.19804
G0 F15000 X145.294 Y78.09
G1 F7500 X143.909 Y76.706 E2093.26967
G0 F15000 X144.531 Y76.706
G1 F7500 X145.294 Y77.468 E2093.30912
G0 F15000 X145.294 Y76.846
G1 F7500 X145.154 Y76.706 E2093.31637
G1 F4800 E2083.31637
G0 F15000 X107.489 Y76.998
G1 F4800 E2093.31637
G1 F7500 X107.196 Y76.706 E2093.3315
G0 F15000 X107.178 Y77.31
G1 F7500 X106.574 Y76.706 E2093.36275
G0 F15000 X105.952 Y76.706
G1 F7500 X106.874 Y77.628 E2093.41046
G0 F15000 X106.663 Y78.039
G1 F7500 X105.329 Y76.706 E2093.47945
G0 F15000 X105.205 Y77.204
G1 F7500 X106.452 Y78.451 E2093.54397
G0 F15000 X106.351 Y78.972
G1 F7500 X105.205 Y77.826 E2093.60327
G0 F15000 X105.205 Y78.448
G1 F7500 X106.268 Y79.512 E2093.6583
G0 F15000 X106.387 Y80.252
G1 F7500 X105.205 Y79.07 E2093.71945
G1 F4800 E2083.71945
G0 F15000 X144.507 Y127.084
G1 F4800 E2093.71945
G1 F7500 X145.294 Y127.871 E2093.76017
G0 F15000 X145.294 Y128.493
G1 F7500 X144.507 Y127.707 E2093.80087
G0 F15000 X144.507 Y128.329
G1 F7500 X145.294 Y129.115 E2093.84156
G0 F15000 X145.294 Y129.737
G1 F7500 X144.507 Y128.951 E2093.88225
G0 F15000 X144.507 Y129.573
G1 F7500 X145.294 Y130.36 E2093.92297
G0 F15000 X145.294 Y130.982
G1 F7500 X144.507 Y130.196 E2093.96367
G0 F15000 X144.507 Y130.818
G1 F7500 X145.294 Y131.604 E2094.00436
G0 F15000 X145.294 Y132.226
G1 F7500 X144.507 Y131.44 E2094.04506
G0 F15000 X144.507 Y132.062
G1 F7500 X145.294 Y132.849 E2094.08578
G0 F15000 X145.294 Y133.471
G1 F7500 X144.507 Y132.685 E2094.12647
G0 F15000 X144.507 Y133.307
G1 F7500 X145.294 Y134.093 E2094.16716
G0 F15000 X145.294 Y134.715
G1 F7500 X144.507 Y133.929 E2094.20786
G0 F15000 X144.507 Y134.551
G1 F7500 X145.294 Y135.338 E2094.24858
G0 F15000 X145.294 Y135.96
G1 F7500 X144.507 Y135.174 E2094.28927
G0 F15000 X144.507 Y135.796
G1 F7500 X145.294 Y136.582 E2094.32997
G0 F15000 X145.294 Y137.204
G1 F7500 X144.507 Y136.418 E2094.37066
G0 F15000 X144.507 Y137.04
G1 F7500 X145.294 Y137.827 E2094.41138
G0 F15000 X145.294 Y138.449
G1 F7500 X144.507 Y137.663 E2094.45207
G0 F15000 X144.507 Y138.285
G1 F7500 X145.294 Y139.071 E2094.49277
G0 F15000 X145.294 Y139.693
G1 F7500 X144.507 Y138.907 E2094.53346
G0 F15000 X144.507 Y139.529
G1 F7500 X145.294 Y140.316 E2094.57418
G0 F15000 X145.294 Y140.938
G1 F7500 X144.507 Y140.152 E2094.61488
G0 F15000 X144.507 Y140.774
G1 F7500 X145.294 Y141.56 E2094.65557
G0 F15000 X145.294 Y142.182
G1 F7500 X144.507 Y141.395 E2094.69629
G0 F15000 X144.507 Y142.018
G1 F7500 X145.294 Y142.805 E2094.73701
G0 F15000 X145.294 Y143.427
G1 F7500 X144.507 Y142.64 E2094.77773
G0 F15000 X144.507 Y143.262
G1 F7500 X145.294 Y144.049 E2094.81845
G0 F15000 X145.294 Y144.671
G1 F7500 X144.507 Y143.884 E2094.85917
G0 F15000 X144.507 Y144.507
G1 F7500 X145.294 Y145.294 E2094.89989
G0 F15000 X145.294 Y145.916
G1 F7500 X144.507 Y145.129 E2094.94061
G0 F15000 X144.507 Y145.751
G1 F7500 X145.294 Y146.538 E2094.98133
G0 F15000 X145.294 Y147.16
G1 F7500 X144.507 Y146.373 E2095.02205
G0 F15000 X144.507 Y146.996
G1 F7500 X145.294 Y147.783 E2095.06277
G0 F15000 X145.294 Y148.405
G1 F7500 X144.507 Y147.618 E2095.10349
G0 F15000 X144.507 Y148.24
G1 F7500 X145.294 Y149.027 E2095.14421
G0 F15000 X145.294 Y149.649
G1 F7500 X144.507 Y148.862 E2095.18493
G0 F15000 X144.507 Y149.485
G1 F7500 X145.294 Y150.272 E2095.22565
G0 F15000 X145.294 Y150.894
G1 F7500 X144.507 Y150.107 E2095.26637
G0 F15000 X144.507 Y150.729
G1 F7500 X145.294 Y151.516 E2095.30709
G0 F15000 X145.294 Y152.138
G1 F7500 X144.507 Y151.351 E2095.34781
G0 F15000 X144.507 Y151.974
G1 F7500 X145.294 Y152.761 E2095.38853
G0 F15000 X145.294 Y153.383
G1 F7500 X144.507 Y152.596 E2095.42925
G0 F15000 X144.507 Y153.218
G1 F7500 X145.294 Y154.005 E2095.46997
G0 F15000 X145.294 Y154.627
G1 F7500 X144.507 Y153.84 E2095.51069
G0 F15000 X144.507 Y154.463
G1 F7500 X145.294 Y155.25 E2095.55141
G0 F15000 X145.294 Y155.872
G1 F7500 X144.507 Y155.085 E2095.59213
G0 F15000 X144.506 Y155.707
G1 F7500 X145.294 Y156.494 E2095.63287
G0 F15000 X145.294 Y157.117
G1 F7500 X144.506 Y156.329 E2095.67364
G0 F15000 X144.506 Y156.951
G1 F7500 X145.294 Y157.739 E2095.71442
G0 F15000 X145.294 Y158.361
G1 F7500 X144.506 Y157.573 E2095.75519
G0 F15000 X144.506 Y158.196
G1 F7500 X145.294 Y158.983 E2095.79593
G0 F15000 X145.294 Y159.606
G1 F7500 X144.506 Y158.818 E2095.8367
G0 F15000 X144.506 Y159.44
G1 F7500 X145.294 Y160.228 E2095.87748
G0 F15000 X145.294 Y160.85
G1 F7500 X144.506 Y160.062 E2095.91825
G0 F15000 X144.506 Y160.685
G1 F7500 X145.294 Y161.472 E2095.95899
G0 F15000 X145.294 Y162.095
G1 F7500 X144.506 Y161.307 E2095.99977
G0 F15000 X144.506 Y161.929
G1 F7500 X145.294 Y162.717 E2096.04054
G0 F15000 X145.294 Y163.339
G1 F7500 X144.506 Y162.551 E2096.08131
G0 F15000 X144.506 Y163.174
G1 F7500 X145.294 Y163.961 E2096.12205
G0 F15000 X145.294 Y164.584
G1 F7500 X144.506 Y163.796 E2096.16283
G0 F15000 X144.506 Y164.418
G1 F7500 X145.294 Y165.206 E2096.2036
G0 F15000 X145.294 Y165.828
G1 F7500 X144.506 Y165.04 E2096.24437
G0 F15000 X144.506 Y165.663
G1 F7500 X145.294 Y166.45 E2096.28512
G0 F15000 X145.294 Y167.073
G1 F7500 X144.506 Y166.285 E2096.32589
G0 F15000 X144.506 Y166.907
G1 F7500 X145.294 Y167.695 E2096.36666
G0 F15000 X145.294 Y168.317
G1 F7500 X144.506 Y167.529 E2096.40743
G0 F15000 X144.506 Y168.152
G1 F7500 X145.294 Y168.939 E2096.44818
G0 F15000 X145.294 Y169.562
G1 F7500 X144.506 Y168.774 E2096.48895
G0 F15000 X144.506 Y169.396
G1 F7500 X145.294 Y170.184 E2096.52972
G0 F15000 X145.136 Y170.648
G1 F7500 X145.294 Y170.806 E2096.53789
G1 F4800 E2086.53789
G0 F15000 X145.125 Y174.371
G1 F4800 E2096.53789
G1 F7500 X145.294 Y174.54 E2096.54664
G0 F15000 X144.821 Y174.689
G1 F7500 X145.294 Y175.162 E2096.57111
G0 F15000 X144.802 Y175.293
G1 F7500 X144.509 Y175 E2096.58627
G1 F4800 E2086.58627
G0 F15000 X140.446 Y175.293
G1 F4800 E2096.58627
G1 F7500 X139.255 Y174.101 E2096.64792
G0 F15000 X139.588 Y173.812
G1 F7500 X139.255 Y173.479 E2096.66515
G0 F15000 X139.255 Y174.723
G1 F7500 X139.824 Y175.293 E2096.69462
G1 F4800 E2086.69462
G0 F15000 X139.389 Y171.746
G1 F4800 E2096.69462
G1 F7500 X139.255 Y171.612 E2096.70155
G0 F15000 X139.541 Y171.276
G1 F7500 X139.255 Y170.99 E2096.71635
G0 F15000 X139.752 Y170.865
G1 F7500 X139.255 Y170.368 E2096.74206
G0 F15000 X139.255 Y169.745
G1 F7500 X139.998 Y170.489 E2096.78053
G0 F15000 X140.309 Y170.177
G1 F7500 X139.255 Y169.123 E2096.83507
G0 F15000 X139.255 Y168.501
G1 F7500 X140.627 Y169.873 E2096.90605
G0 F15000 X141.039 Y169.663
G1 F7500 X139.255 Y167.879 E2096.99836
G0 F15000 X139.255 Y167.256
G1 F7500 X141.093 Y169.095 E2097.09348
G0 F15000 X141.093 Y168.473
G1 F7500 X139.255 Y166.634 E2097.18861
G0 F15000 X139.255 Y166.012
G1 F7500 X141.093 Y167.85 E2097.28371
G0 F15000 X141.093 Y167.228
G1 F7500 X139.255 Y165.39 E2097.37881
G0 F15000 X139.255 Y164.767
G1 F7500 X141.093 Y166.606 E2097.47393
G0 F15000 X141.093 Y165.984
G1 F7500 X139.255 Y164.145 E2097.56906
G0 F15000 X139.255 Y163.523
G1 F7500 X141.093 Y165.361 E2097.66416
G0 F15000 X141.093 Y164.739
G1 F7500 X139.255 Y162.901 E2097.75926
G0 F15000 X139.255 Y162.278
G1 F7500 X141.093 Y164.117 E2097.85438
G0 F15000 X141.093 Y163.495
G1 F7500 X139.255 Y161.656 E2097.94951
G0 F15000 X139.255 Y161.034
G1 F7500 X141.093 Y162.872 E2098.04461
G0 F15000 X141.093 Y162.25
G1 F7500 X139.255 Y160.412 E2098.13971
G0 F15000 X139.255 Y159.789
G1 F7500 X141.093 Y161.628 E2098.23483
G0 F15000 X141.093 Y161.006
G1 F7500 X139.255 Y159.167 E2098.32996
G0 F15000 X139.255 Y158.545
G1 F7500 X141.093 Y160.383 E2098.42506
G0 F15000 X141.093 Y159.761
G1 F7500 X139.255 Y157.923 E2098.52016
G0 F15000 X139.255 Y157.3
G1 F7500 X141.093 Y159.139 E2098.61528
G0 F15000 X141.093 Y158.517
G1 F7500 X139.255 Y156.678 E2098.71041
G0 F15000 X139.255 Y156.056
G1 F7500 X141.093 Y157.894 E2098.8055
G0 F15000 X141.093 Y157.272
G1 F7500 X139.255 Y155.434 E2098.9006
G0 F15000 X139.255 Y154.811
G1 F7500 X141.093 Y156.65 E2098.99573
G0 F15000 X141.093 Y156.028
G1 F7500 X139.255 Y154.189 E2099.09085
G0 F15000 X139.255 Y153.567
G1 F7500 X141.093 Y155.405 E2099.18595
G0 F15000 X141.093 Y154.783
G1 F7500 X139.255 Y152.945 E2099.28105
G0 F15000 X139.255 Y152.322
G1 F7500 X141.093 Y154.161 E2099.37618
G0 F15000 X141.093 Y153.539
G1 F7500 X139.255 Y151.7 E2099.4713
G0 F15000 X139.255 Y151.078
G1 F7500 X141.093 Y152.916 E2099.5664
G0 F15000 X141.093 Y152.294
G1 F7500 X139.505 Y150.705 E2099.64859
G0 F15000 X140.127 Y150.705
G1 F7500 X141.093 Y151.672 E2099.6986
G0 F15000 X141.093 Y151.05
G1 F7500 X140.749 Y150.705 E2099.71642
G1 F4800 E2089.71642
G0 F15000 X113.791 Y172.283
G1 F4800 E2099.71642
G1 F7500 X112.116 Y170.608 E2099.80309
G0 F15000 X112.607 Y171.721
G1 F7500 X113.791 Y172.905 E2099.86435
G0 F15000 X113.791 Y173.527
G1 F7500 X112.724 Y172.46 E2099.91956
G0 F15000 X112.649 Y173.008
G1 F7500 X113.791 Y174.149 E2099.97862
G0 F15000 X113.791 Y174.772
G1 F7500 X112.553 Y173.534 E2100.04267
G0 F15000 X112.343 Y173.946
G1 F7500 X113.69 Y175.293 E2100.11237
G0 F15000 X113.067 Y175.293
G1 F7500 X112.132 Y174.357 E2100.16077
G0 F15000 X111.831 Y174.678
G1 F7500 X112.445 Y175.293 E2100.19257
G0 F15000 X111.823 Y175.293
G1 F7500 X111.519 Y174.989 E2100.2083
G1 F4800 E2090.2083
;MESH:NONMESH
G0 F300 X111.519 Y174.989 Z1.6
G0 F15000 X106.879 Y79.527
;TIME_ELAPSED:1590.655419
;LAYER:7
;TYPE:WALL-INNER
;MESH:Top Carcaza.stl
G1 F4800 E2100.2083
G1 X107.073 Y80.452 E2100.24288
G1 X107.492 Y81.159 E2100.27294
G1 X108.103 Y81.698 E2100.30275
G1 X108.85 Y82.021 E2100.33253
G1 X109.66 Y82.1 E2100.3623
G1 X110.455 Y81.922 E2100.39211
G1 X111.159 Y81.51 E2100.42195
G1 X111.675 Y80.923 E2100.45055
G1 X112.001 Y80.282 E2100.47686
G1 X112.101 Y79.345 E2100.51133
G1 X111.922 Y78.544 E2100.54136
G1 X111.51 Y77.841 E2100.57117
G1 X110.897 Y77.302 E2100.60104
G1 X110.152 Y76.979 E2100.63074
G1 X109.34 Y76.899 E2100.6606
G1 X108.543 Y77.078 E2100.69048
G1 X107.841 Y77.49 E2100.72026
G1 X107.302 Y78.103 E2100.75013
G1 X106.992 Y78.818 E2100.77864
G1 X106.879 Y79.527 E2100.8049
G0 F15000 X107.326 Y79.516
G1 F1440 X107.489 Y80.29 E2100.83384
G1 X107.835 Y80.875 E2100.85871
G1 X108.342 Y81.322 E2100.88344
G1 X108.961 Y81.59 E2100.90812
G1 X109.633 Y81.655 E2100.93282
G1 X110.292 Y81.508 E2100.95752
G1 X110.875 Y81.166 E2100.98225
G1 X111.308 Y80.674 E2101.00623
G1 X111.572 Y80.155 E2101.02753
G1 X111.656 Y79.37 E2101.05642
G1 X111.508 Y78.707 E2101.08127
G1 X111.166 Y78.125 E2101.10597
G1 X110.658 Y77.678 E2101.13072
G1 X110.04 Y77.41 E2101.15537
G1 X109.367 Y77.344 E2101.18011
G1 X108.707 Y77.492 E2101.20486
G1 X108.125 Y77.834 E2101.22955
G1 X107.678 Y78.342 E2101.25431
G1 X107.418 Y78.942 E2101.27823
G1 X107.326 Y79.516 E2101.2995
G0 F15000 X107.773 Y79.505
;TYPE:WALL-OUTER
G1 F1080 X107.905 Y80.128 E2101.3228
G1 X108.178 Y80.591 E2101.34247
G1 X108.581 Y80.946 E2101.36211
G1 X109.072 Y81.159 E2101.3817
G1 X109.606 Y81.21 E2101.40132
G1 X110.129 Y81.094 E2101.42092
G1 X110.591 Y80.822 E2101.44054
G1 X110.941 Y80.425 E2101.4599
G1 X111.143 Y80.028 E2101.4762
G1 X111.211 Y79.395 E2101.49949
G1 X111.094 Y78.871 E2101.51913
G1 X110.822 Y78.409 E2101.53875
G1 X110.419 Y78.054 E2101.5584
G1 X109.928 Y77.841 E2101.57798
G1 X109.394 Y77.789 E2101.59761
G1 X108.871 Y77.906 E2101.61721
G1 X108.409 Y78.178 E2101.63683
G1 X108.054 Y78.581 E2101.65648
G1 X107.844 Y79.066 E2101.67581
G1 X107.773 Y79.505 E2101.69208
G0 F15000 X107.29 Y79.516
G1 F4800 E2091.69208
G0 F15000 X143.463 Y127.597
;TYPE:WALL-INNER
G1 F4800 E2101.69208
G1 X143.463 Y127.378 E2101.7001
G1 X143.244 Y127.378 E2101.70528
G1 X117.412 Y127.378 E2102.65038
G1 X117.412 Y127.338 E2102.65184
G1 X114.837 Y127.338 E2102.74605
G1 X114.837 Y176.34 E2104.53884
G1 X104.34 Y176.34 E2104.92289
G1 X104.34 Y177.66 E2104.97118
G1 X147.663 Y177.663 E2106.5562
G1 X147.663 Y74.337 E2110.3365
G1 X104.34 Y74.34 E2111.92152
G1 X104.34 Y75.66 E2111.96982
G1 X146.34 Y75.66 E2113.50644
G1 X146.34 Y176.34 E2117.18993
G1 X138.21 Y176.34 E2117.48738
G1 X138.21 Y149.66 E2118.46349
G1 X142.14 Y149.66 E2118.60728
G1 X142.14 Y170.396 E2119.36593
G1 X141.707 Y170.492 E2119.38215
G1 X141.143 Y170.824 E2119.4061
G1 X140.731 Y171.236 E2119.42742
G1 X140.41 Y171.958 E2119.45632
G1 X140.345 Y172.633 E2119.48113
G1 X140.492 Y173.292 E2119.50584
G1 X140.834 Y173.875 E2119.53057
G1 X141.342 Y174.322 E2119.55532
G1 X141.954 Y174.587 E2119.57972
G1 X142.586 Y174.662 E2119.60301
G1 X143.297 Y174.506 E2119.62964
G1 X143.875 Y174.166 E2119.65417
G1 X144.322 Y173.658 E2119.67893
G1 X144.59 Y173.04 E2119.70357
G1 X144.656 Y172.367 E2119.72831
G1 X144.508 Y171.707 E2119.75306
G1 X144.165 Y171.125 E2119.77778
G1 X143.667 Y170.686 E2119.80206
G1 X143.46 Y170.587 E2119.81046
G1 X143.463 Y127.597 E2121.3833
G0 F15000 X143.023 Y127.818
;TYPE:WALL-OUTER
G1 F3600 X116.972 Y127.818 E2122.3364
G1 X116.972 Y127.778 E2122.33787
G1 X115.277 Y127.778 E2122.39988
G1 X115.277 Y176.78 E2124.19268
G1 X104.78 Y176.78 E2124.57672
G1 X104.78 Y177.22 E2124.59282
G1 X147.223 Y177.223 E2126.14564
G1 X147.223 Y74.777 E2129.89375
G1 X104.78 Y74.78 E2131.44657
G1 X104.78 Y75.22 E2131.46267
G1 X146.78 Y75.22 E2132.99929
G1 X146.78 Y176.78 E2136.71498
G1 X137.77 Y176.78 E2137.04462
G1 X137.77 Y149.22 E2138.05294
G1 X142.58 Y149.22 E2138.22891
G1 X142.58 Y170.806 E2139.01866
G1 X142.393 Y170.79 E2139.02553
G1 X141.871 Y170.906 E2139.04509
G1 X141.415 Y171.175 E2139.06446
G1 X141.1 Y171.49 E2139.08076
G1 X140.841 Y172.071 E2139.10404
G1 X140.79 Y172.606 E2139.1237
G1 X140.906 Y173.129 E2139.1433
G1 X141.178 Y173.591 E2139.16291
G1 X141.581 Y173.946 E2139.18256
G1 X142.07 Y174.158 E2139.20206
G1 X142.564 Y174.216 E2139.22026
G1 X143.134 Y174.091 E2139.24161
G1 X143.591 Y173.822 E2139.26101
G1 X143.946 Y173.419 E2139.28066
G1 X144.159 Y172.928 E2139.30024
G1 X144.211 Y172.394 E2139.31987
G1 X144.094 Y171.871 E2139.33948
G1 X143.822 Y171.409 E2139.35909
G1 X143.422 Y171.057 E2139.37858
G1 X143.02 Y170.865 E2139.39488
G1 X143.023 Y127.818 E2140.96981
G1 F4800 E2130.96981
G0 F15000 X107.362 Y170.984
;TYPE:WALL-INNER
G1 F4800 E2140.96981
G1 X106.98 Y171.843 E2141.0042
G1 X106.899 Y172.66 E2141.03424
G1 X107.078 Y173.457 E2141.06413
G1 X107.49 Y174.159 E2141.09391
G1 X108.103 Y174.698 E2141.12377
G1 X108.848 Y175.021 E2141.15348
G1 X109.66 Y175.101 E2141.18333
G1 X110.457 Y174.922 E2141.21322
G1 X111.159 Y174.51 E2141.243
G1 X111.698 Y173.897 E2141.27286
G1 X112.021 Y173.15 E2141.30263
G1 X112.096 Y172.374 E2141.33116
G1 X111.984 Y171.663 E2141.35749
G1 X111.513 Y170.846 E2141.39199
G1 X110.897 Y170.302 E2141.42206
G1 X110.15 Y169.979 E2141.45184
G1 X109.34 Y169.9 E2141.48161
G1 X108.545 Y170.078 E2141.51142
G1 X107.871 Y170.473 E2141.54
G1 X107.362 Y170.984 E2141.56639
G0 F15000 X107.731 Y171.237
G1 F1440 X107.411 Y171.957 E2141.59521
G1 X107.344 Y172.633 E2141.62007
G1 X107.492 Y173.293 E2141.64481
G1 X107.834 Y173.875 E2141.66951
G1 X108.342 Y174.322 E2141.69427
G1 X108.96 Y174.59 E2141.71891
G1 X109.633 Y174.656 E2141.74365
G1 X110.293 Y174.508 E2141.7684
G1 X110.875 Y174.166 E2141.7931
G1 X111.322 Y173.658 E2141.81785
G1 X111.59 Y173.039 E2141.84253
G1 X111.653 Y172.387 E2141.8665
G1 X111.562 Y171.812 E2141.8878
G1 X111.168 Y171.128 E2141.91668
G1 X110.658 Y170.678 E2141.94156
G1 X110.039 Y170.41 E2141.96624
G1 X109.367 Y170.345 E2141.99094
G1 X108.708 Y170.492 E2142.01564
G1 X108.143 Y170.824 E2142.03962
G1 X107.731 Y171.237 E2142.06096
G0 F15000 X108.1 Y171.49
;TYPE:WALL-OUTER
G1 F1080 X107.842 Y172.071 E2142.08422
G1 X107.789 Y172.606 E2142.10389
G1 X107.906 Y173.129 E2142.1235
G1 X108.178 Y173.591 E2142.14311
G1 X108.581 Y173.946 E2142.16276
G1 X109.072 Y174.159 E2142.18234
G1 X109.606 Y174.211 E2142.20197
G1 X110.129 Y174.094 E2142.22158
G1 X110.591 Y173.822 E2142.24119
G1 X110.946 Y173.419 E2142.26084
G1 X111.159 Y172.928 E2142.28042
G1 X111.21 Y172.401 E2142.29979
G1 X111.14 Y171.961 E2142.31609
G1 X110.823 Y171.41 E2142.33935
G1 X110.419 Y171.054 E2142.35905
G1 X109.928 Y170.841 E2142.37863
G1 X109.394 Y170.79 E2142.39826
G1 X108.871 Y170.906 E2142.41786
G1 X108.415 Y171.175 E2142.43723
G1 X108.1 Y171.49 E2142.45353
G0 F15000 X107.701 Y171.217
G1 F4800 E2132.45353
G0 F15000 X145.9 Y175.9
;TYPE:WALL-INNER
G1 F4800 E2142.45353
G1 X138.65 Y175.9 E2142.71878
G1 X138.65 Y150.1 E2143.6627
G1 X141.7 Y150.1 E2143.77429
G1 X141.7 Y170.043 E2144.50392
G1 X141.544 Y170.078 E2144.50977
G1 X140.871 Y170.473 E2144.53832
G1 X140.362 Y170.983 E2144.56468
G1 X139.979 Y171.845 E2144.59919
G1 X139.9 Y172.66 E2144.62915
G1 X140.078 Y173.455 E2144.65896
G1 X140.49 Y174.159 E2144.6888
G1 X141.103 Y174.698 E2144.71867
G1 X141.838 Y175.016 E2144.74797
G1 X142.608 Y175.108 E2144.77634
G1 X143.46 Y174.921 E2144.80825
G1 X144.159 Y174.51 E2144.83792
G1 X144.698 Y173.897 E2144.86778
G1 X145.021 Y173.152 E2144.89749
G1 X145.101 Y172.34 E2144.92734
G1 X144.922 Y171.543 E2144.95723
G1 X144.509 Y170.841 E2144.98703
G1 X143.912 Y170.315 E2145.01614
G1 X143.9 Y170.309 E2145.01663
G1 X143.903 Y127.157 E2146.59539
G1 X143.903 Y126.938 E2146.6034
G1 X143.684 Y126.938 E2146.60859
G1 X117.852 Y126.938 E2147.55368
G1 X117.852 Y126.898 E2147.55515
G1 X114.397 Y126.898 E2147.68155
G1 X114.397 Y175.9 E2149.47435
G1 X104.6 Y175.9 E2149.83278
G1 X104.6 Y76.1 E2153.48408
G1 X145.9 Y76.1 E2154.99509
G1 X145.9 Y175.9 E2158.64638
G1 F4800 E2148.64638
G0 F15000 X147.84 Y177.84
G1 F4800 E2158.64638
G1 X147.663 Y177.84 E2158.6512
G1 X104.34 Y177.84 E2159.29568
G1 X104.16 Y177.84 E2159.3006
G1 X104.16 Y177.66 E2159.30552
G1 X104.16 Y176.34 E2159.32532
G1 X104.16 Y75.66 E2163.00881
G1 X104.16 Y74.34 E2163.02861
G1 X104.16 Y74.16 E2163.03353
G1 X104.34 Y74.16 E2163.03845
G1 X147.663 Y74.16 E2163.68293
G1 X147.84 Y74.16 E2163.68775
G1 X147.84 Y74.337 E2163.69256
G1 X147.84 Y177.663 E2165.21673
G1 X147.84 Y177.84 E2165.22155
G0 F15000 X148.28 Y178.28
;TYPE:WALL-OUTER
G1 F3600 X103.72 Y178.28 E2166.85183
G1 X103.72 Y73.72 E2170.67727
G1 X148.28 Y73.72 E2172.30755
G1 X148.28 Y178.28 E2176.133
G1 F4800 E2166.133
G0 F15000 X145.47 Y175.47
;TYPE:SKIN
G1 F4800 E2176.133
G1 F2250 X142.965 Y175.47 E2176.22465
G1 X143.619 Y175.326 E2176.24915
G1 X144.436 Y174.846 E2176.28382
G1 X145.065 Y174.13 E2176.31869
G1 X145.443 Y173.261 E2176.35336
G1 X145.47 Y172.983 E2176.36358
G1 X145.47 Y175.47 E2176.45457
G1 F4800 E2166.45457
G0 F15000 X145.47 Y172.022
G1 F4800 E2176.45457
G1 F7500 X145.327 Y171.383 E2176.47852
G1 X144.845 Y170.564 E2176.51329
G1 X144.33 Y170.11 E2176.53841
G1 X144.333 Y126.508 E2178.13364
G1 X118.282 Y126.508 E2179.08674
G1 X118.282 Y126.468 E2179.08821
G1 X113.967 Y126.468 E2179.24608
G1 X113.967 Y175.47 E2181.03887
G1 X109.978 Y175.47 E2181.18481
G1 X110.617 Y175.327 E2181.20877
G1 X111.436 Y174.846 E2181.24352
G1 X112.066 Y174.13 E2181.27841
G1 X112.443 Y173.259 E2181.31313
G1 X112.53 Y172.361 E2181.34614
G1 X112.396 Y171.517 E2181.37741
G1 X111.851 Y170.57 E2181.41738
G1 X111.13 Y169.935 E2181.45253
G1 X110.259 Y169.557 E2181.48727
G1 X109.313 Y169.466 E2181.52204
G1 X108.385 Y169.673 E2181.55683
G1 X107.605 Y170.131 E2181.58992
G1 X107.001 Y170.737 E2181.62122
G1 X106.559 Y171.732 E2181.66106
G1 X106.465 Y172.687 E2181.69617
G1 X106.673 Y173.617 E2181.73103
G1 X107.154 Y174.436 E2181.76578
G1 X107.87 Y175.065 E2181.80065
G1 X108.739 Y175.443 E2181.83532
G1 X109.017 Y175.47 E2181.84554
G1 X105.03 Y175.47 E2181.99141
G1 X105.03 Y76.53 E2185.61124
G1 X109.022 Y76.53 E2185.75729
G1 X108.383 Y76.673 E2185.78125
G1 X107.564 Y77.154 E2185.816
G1 X106.934 Y77.87 E2185.85089
G1 X106.576 Y78.697 E2185.88386
G1 X106.442 Y79.537 E2185.91498
G1 X106.667 Y80.61 E2185.95509
G1 X107.156 Y81.437 E2185.99025
G1 X107.87 Y82.065 E2186.02503
G1 X108.741 Y82.443 E2186.05977
G1 X109.687 Y82.534 E2186.09454
G1 X110.615 Y82.327 E2186.12933
G1 X111.436 Y81.846 E2186.16414
G1 X112.034 Y81.166 E2186.19727
G1 X112.42 Y80.407 E2186.22843
G1 X112.537 Y79.32 E2186.26842
G1 X112.327 Y78.384 E2186.30352
G1 X111.846 Y77.564 E2186.3383
G1 X111.13 Y76.935 E2186.37317
G1 X110.261 Y76.557 E2186.40784
G1 X109.983 Y76.53 E2186.41806
G1 X145.47 Y76.53 E2187.71639
G1 X145.47 Y172.022 E2191.21008
G1 F4800 E2181.21008
G0 F15000 X142.01 Y175.47
G1 F4800 E2191.21008
G1 F7500 X139.08 Y175.47 E2191.31727
G1 X139.08 Y150.53 E2192.22973
G1 X141.27 Y150.53 E2192.30986
G1 X141.27 Y169.74 E2193.01268
G1 X140.605 Y170.131 E2193.0409
G1 X140.001 Y170.735 E2193.07215
G1 X139.557 Y171.734 E2193.11215
G1 X139.466 Y172.687 E2193.14717
G1 X139.673 Y173.615 E2193.18196
G1 X140.154 Y174.436 E2193.21677
G1 X140.87 Y175.066 E2193.25166
G1 X141.725 Y175.436 E2193.28575
G1 X142.01 Y175.47 E2193.29625
G1 F4800 E2183.29625
G0 F15000 X145.167 Y175.293
G1 F4800 E2193.29625
G1 F7500 X145.293 Y175.167 E2193.30277
G0 F15000 X145.293 Y174.545
G1 F7500 X144.545 Y175.293 E2193.34147
G1 F4800 E2183.34147
G0 F15000 X140.504 Y174.978
G1 F4800 E2193.34147
G1 F7500 X140.189 Y175.293 E2193.35777
G0 F15000 X140.173 Y174.687
G1 F7500 X139.567 Y175.293 E2193.38912
G0 F15000 X139.256 Y174.982
G1 F7500 X139.894 Y174.343 E2193.42216
G0 F15000 X139.665 Y173.95
G1 F7500 X139.256 Y174.359 E2193.44332
G0 F15000 X139.256 Y173.737
G1 F7500 X139.472 Y173.521 E2193.4545
G0 F15000 X139.256 Y173.115
G1 F7500 X139.358 Y173.013 E2193.45978
G0 F15000 X139.256 Y171.87
G1 F7500 X139.377 Y171.749 E2193.46604
G0 F15000 X139.256 Y171.248
G1 F7500 X139.838 Y170.665 E2193.49618
G0 F15000 X139.256 Y170.626
G1 F7500 X141.093 Y168.788 E2193.59125
G0 F15000 X141.093 Y168.166
G1 F7500 X139.256 Y170.004 E2193.68632
G0 F15000 X139.256 Y169.381
G1 F7500 X141.093 Y167.544 E2193.78137
G0 F15000 X141.093 Y166.921
G1 F7500 X139.256 Y168.759 E2193.87644
G0 F15000 X139.256 Y168.137
G1 F7500 X141.093 Y166.299 E2193.97152
G0 F15000 X141.093 Y165.677
G1 F7500 X139.256 Y167.515 E2194.06659
G0 F15000 X139.256 Y166.892
G1 F7500 X141.093 Y165.054 E2194.16166
G0 F15000 X141.093 Y164.432
G1 F7500 X139.256 Y166.27 E2194.25674
G0 F15000 X139.256 Y165.648
G1 F7500 X141.093 Y163.81 E2194.35181
G0 F15000 X141.093 Y163.188
G1 F7500 X139.256 Y165.025 E2194.44686
G0 F15000 X139.256 Y164.403
G1 F7500 X141.093 Y162.565 E2194.54193
G0 F15000 X141.093 Y161.943
G1 F7500 X139.256 Y163.781 E2194.63701
G0 F15000 X139.256 Y163.159
G1 F7500 X141.093 Y161.321 E2194.73208
G0 F15000 X141.093 Y160.699
G1 F7500 X139.256 Y162.536 E2194.82713
G0 F15000 X139.256 Y161.914
G1 F7500 X141.093 Y160.076 E2194.9222
G0 F15000 X141.093 Y159.454
G1 F7500 X139.256 Y161.292 E2195.01727
G0 F15000 X139.256 Y160.67
G1 F7500 X141.093 Y158.832 E2195.11235
G0 F15000 X141.093 Y158.21
G1 F7500 X139.256 Y160.047 E2195.20739
G0 F15000 X139.256 Y159.425
G1 F7500 X141.093 Y157.587 E2195.30247
G0 F15000 X141.093 Y156.965
G1 F7500 X139.256 Y158.803 E2195.39754
G0 F15000 X139.256 Y158.181
G1 F7500 X141.093 Y156.343 E2195.49261
G0 F15000 X141.093 Y155.721
G1 F7500 X139.256 Y157.558 E2195.58766
G0 F15000 X139.256 Y156.936
G1 F7500 X141.093 Y155.098 E2195.68274
G0 F15000 X141.093 Y154.476
G1 F7500 X139.256 Y156.314 E2195.77781
G0 F15000 X139.256 Y155.692
G1 F7500 X141.093 Y153.854 E2195.87288
G0 F15000 X141.093 Y153.232
G1 F7500 X139.256 Y155.069 E2195.96793
G0 F15000 X139.256 Y154.447
G1 F7500 X141.093 Y152.609 E2196.063
G0 F15000 X141.093 Y151.987
G1 F7500 X139.256 Y153.825 E2196.15808
G0 F15000 X139.256 Y153.203
G1 F7500 X141.093 Y151.365 E2196.25315
G0 F15000 X141.093 Y150.743
G1 F7500 X139.256 Y152.58 E2196.3482
G0 F15000 X139.256 Y151.958
G1 F7500 X140.509 Y150.704 E2196.41305
G0 F15000 X139.887 Y150.704
G1 F7500 X139.256 Y151.336 E2196.44573
G1 F4800 E2186.44573
G0 F15000 X144.507 Y151.062
G1 F4800 E2196.44573
G1 F7500 X145.293 Y150.277 E2196.48637
G0 F15000 X145.293 Y150.899
G1 F7500 X144.507 Y151.685 E2196.52704
G0 F15000 X144.507 Y152.307
G1 F7500 X145.293 Y151.521 E2196.56771
G0 F15000 X145.293 Y152.143
G1 F7500 X144.507 Y152.929 E2196.60838
G0 F15000 X144.507 Y153.551
G1 F7500 X145.293 Y152.766 E2196.64902
G0 F15000 X145.293 Y153.388
G1 F7500 X144.507 Y154.174 E2196.68969
G0 F15000 X144.507 Y154.796
G1 F7500 X145.293 Y154.01 E2196.73035
G0 F15000 X145.293 Y154.632
G1 F7500 X144.507 Y155.418 E2196.77102
G0 F15000 X144.507 Y156.041
G1 F7500 X145.293 Y155.255 E2196.81169
G0 F15000 X145.293 Y155.877
G1 F7500 X144.507 Y156.663 E2196.85236
G0 F15000 X144.507 Y157.286
G1 F7500 X145.293 Y156.499 E2196.89305
G0 F15000 X145.293 Y157.121
G1 F7500 X144.507 Y157.908 E2196.93375
G0 F15000 X144.507 Y158.53
G1 F7500 X145.293 Y157.744 E2196.97441
G0 F15000 X145.293 Y158.366
G1 F7500 X144.507 Y159.152 E2197.01508
G0 F15000 X144.507 Y159.775
G1 F7500 X145.293 Y158.988 E2197.05578
G0 F15000 X145.293 Y159.61
G1 F7500 X144.507 Y160.397 E2197.09647
G0 F15000 X144.507 Y161.019
G1 F7500 X145.293 Y160.233 E2197.13714
G0 F15000 X145.293 Y160.855
G1 F7500 X144.507 Y161.641 E2197.17781
G0 F15000 X144.507 Y162.264
G1 F7500 X145.293 Y161.477 E2197.2185
G0 F15000 X145.293 Y162.099
G1 F7500 X144.507 Y162.886 E2197.25919
G0 F15000 X144.507 Y163.508
G1 F7500 X145.293 Y162.722 E2197.29986
G0 F15000 X145.293 Y163.344
G1 F7500 X144.507 Y164.13 E2197.34053
G0 F15000 X144.507 Y164.753
G1 F7500 X145.293 Y163.966 E2197.38122
G0 F15000 X145.293 Y164.589
G1 F7500 X144.507 Y165.375 E2197.42189
G0 F15000 X144.507 Y165.997
G1 F7500 X145.293 Y165.211 E2197.46256
G0 F15000 X145.293 Y165.833
G1 F7500 X144.507 Y166.619 E2197.50323
G0 F15000 X144.507 Y167.242
G1 F7500 X145.293 Y166.455 E2197.54392
G0 F15000 X145.293 Y167.078
G1 F7500 X144.507 Y167.864 E2197.58459
G0 F15000 X144.507 Y168.486
G1 F7500 X145.293 Y167.7 E2197.62526
G0 F15000 X145.293 Y168.322
G1 F7500 X144.507 Y169.108 E2197.66593
G0 F15000 X144.507 Y169.731
G1 F7500 X145.293 Y168.944 E2197.70662
G0 F15000 X145.293 Y169.567
G1 F7500 X144.678 Y170.182 E2197.73844
G0 F15000 X145.002 Y170.48
G1 F7500 X145.293 Y170.189 E2197.7535
G1 F4800 E2187.7535
G0 F15000 X141.093 Y169.41
G1 F4800 E2197.7535
G1 F7500 X140.54 Y169.964 E2197.78214
G1 F4800 E2187.78214
G0 F15000 X144.507 Y150.44
G1 F4800 E2197.78214
G1 F7500 X145.293 Y149.654 E2197.82281
G0 F15000 X145.293 Y149.032
G1 F7500 X144.507 Y149.818 E2197.86347
G0 F15000 X144.507 Y149.195
G1 F7500 X145.293 Y148.41 E2197.90412
G0 F15000 X145.293 Y147.788
G1 F7500 X144.507 Y148.573 E2197.94476
G0 F15000 X144.507 Y147.951
G1 F7500 X145.293 Y147.165 E2197.98543
G0 F15000 X145.293 Y146.543
G1 F7500 X144.507 Y147.329 E2198.02609
G0 F15000 X144.507 Y146.706
G1 F7500 X145.293 Y145.921 E2198.06674
G0 F15000 X145.293 Y145.299
G1 F7500 X144.507 Y146.084 E2198.10738
G0 F15000 X144.507 Y145.462
G1 F7500 X145.293 Y144.676 E2198.14805
G0 F15000 X145.293 Y144.054
G1 F7500 X144.507 Y144.84 E2198.18872
G0 F15000 X144.507 Y144.217
G1 F7500 X145.293 Y143.432 E2198.22936
G0 F15000 X145.293 Y142.81
G1 F7500 X144.507 Y143.595 E2198.27
G0 F15000 X144.507 Y142.973
G1 F7500 X145.293 Y142.187 E2198.31067
G0 F15000 X145.293 Y141.565
G1 F7500 X144.507 Y142.351 E2198.35134
G0 F15000 X144.507 Y141.728
G1 F7500 X145.293 Y140.943 E2198.39198
G0 F15000 X145.293 Y140.321
G1 F7500 X144.507 Y141.106 E2198.43262
G0 F15000 X144.508 Y140.483
G1 F7500 X145.293 Y139.698 E2198.47324
G0 F15000 X145.293 Y139.076
G1 F7500 X144.508 Y139.861 E2198.51385
G0 F15000 X144.508 Y139.239
G1 F7500 X145.293 Y138.454 E2198.55447
G0 F15000 X145.293 Y137.832
G1 F7500 X144.508 Y138.616 E2198.59506
G0 F15000 X144.508 Y137.994
G1 F7500 X145.293 Y137.209 E2198.63568
G0 F15000 X145.293 Y136.587
G1 F7500 X144.508 Y137.372 E2198.67629
G0 F15000 X144.508 Y136.75
G1 F7500 X145.293 Y135.965 E2198.71691
G0 F15000 X145.293 Y135.343
G1 F7500 X144.508 Y136.127 E2198.7575
G0 F15000 X144.508 Y135.505
G1 F7500 X145.293 Y134.72 E2198.79812
G0 F15000 X145.293 Y134.098
G1 F7500 X144.508 Y134.883 E2198.83873
G0 F15000 X144.508 Y134.261
G1 F7500 X145.293 Y133.476 E2198.87935
G0 F15000 X145.293 Y132.854
G1 F7500 X144.508 Y133.638 E2198.91994
G0 F15000 X144.508 Y133.016
G1 F7500 X145.293 Y132.231 E2198.96056
G0 F15000 X145.293 Y131.609
G1 F7500 X144.508 Y132.394 E2199.00117
G0 F15000 X144.508 Y131.772
G1 F7500 X145.293 Y130.987 E2199.04179
G0 F15000 X145.293 Y130.365
G1 F7500 X144.508 Y131.149 E2199.08238
G0 F15000 X144.508 Y130.527
G1 F7500 X145.293 Y129.742 E2199.123
G0 F15000 X145.293 Y129.12
G1 F7500 X144.508 Y129.905 E2199.16361
G0 F15000 X144.508 Y129.283
G1 F7500 X145.293 Y128.498 E2199.20423
G0 F15000 X145.293 Y127.876
G1 F7500 X144.508 Y128.66 E2199.24482
G0 F15000 X144.508 Y128.038
G1 F7500 X145.293 Y127.253 E2199.28544
G0 F15000 X145.293 Y126.631
G1 F7500 X144.508 Y127.416 E2199.32605
G0 F15000 X144.508 Y126.794
G1 F7500 X145.293 Y126.009 E2199.36667
G0 F15000 X145.293 Y125.387
G1 F7500 X144.348 Y126.331 E2199.41554
G0 F15000 X143.726 Y126.331
G1 F7500 X145.293 Y124.764 E2199.49661
G0 F15000 X145.293 Y124.142
G1 F7500 X143.104 Y126.331 E2199.60987
G0 F15000 X142.482 Y126.331
G1 F7500 X145.293 Y123.52 E2199.75532
G0 F15000 X145.293 Y122.897
G1 F7500 X141.859 Y126.331 E2199.933
G0 F15000 X141.237 Y126.331
G1 F7500 X145.293 Y122.275 E2200.14286
G0 F15000 X145.293 Y121.653
G1 F7500 X140.615 Y126.331 E2200.3849
G0 F15000 X139.993 Y126.331
G1 F7500 X145.293 Y121.031 E2200.65912
G0 F15000 X145.293 Y120.408
G1 F7500 X139.37 Y126.331 E2200.96558
G0 F15000 X138.748 Y126.331
G1 F7500 X145.293 Y119.786 E2201.30423
G0 F15000 X145.293 Y119.164
G1 F7500 X138.126 Y126.331 E2201.67505
G0 F15000 X137.503 Y126.331
G1 F7500 X145.293 Y118.542 E2202.07808
G0 F15000 X145.293 Y117.919
G1 F7500 X136.881 Y126.331 E2202.51333
G0 F15000 X136.259 Y126.331
G1 F7500 X145.293 Y117.297 E2202.98075
G0 F15000 X145.293 Y116.675
G1 F7500 X135.637 Y126.331 E2203.48036
G0 F15000 X135.014 Y126.331
G1 F7500 X145.293 Y116.053 E2204.01217
G0 F15000 X145.293 Y115.43
G1 F7500 X134.392 Y126.331 E2204.5762
G0 F15000 X133.77 Y126.331
G1 F7500 X145.293 Y114.808 E2205.17241
G0 F15000 X145.293 Y114.186
G1 F7500 X133.148 Y126.331 E2205.8008
G0 F15000 X132.525 Y126.331
G1 F7500 X145.293 Y113.564 E2206.46139
G0 F15000 X145.293 Y112.941
G1 F7500 X131.903 Y126.331 E2207.1542
G0 F15000 X131.281 Y126.331
G1 F7500 X145.293 Y112.319 E2207.87919
G0 F15000 X145.293 Y111.697
G1 F7500 X130.659 Y126.331 E2208.63636
G0 F15000 X130.036 Y126.331
G1 F7500 X145.293 Y111.075 E2209.42574
G0 F15000 X145.293 Y110.452
G1 F7500 X129.414 Y126.331 E2210.24733
G0 F15000 X128.792 Y126.331
G1 F7500 X145.293 Y109.83 E2211.10111
G0 F15000 X145.293 Y109.208
G1 F7500 X128.17 Y126.331 E2211.98706
G0 F15000 X127.547 Y126.331
G1 F7500 X145.293 Y108.586 E2212.90522
G0 F15000 X145.293 Y107.963
G1 F7500 X126.925 Y126.331 E2213.8556
G0 F15000 X126.303 Y126.331
G1 F7500 X145.293 Y107.341 E2214.83815
G0 F15000 X145.293 Y106.719
G1 F7500 X125.681 Y126.331 E2215.85289
G0 F15000 X125.058 Y126.331
G1 F7500 X145.293 Y106.097 E2216.89983
G0 F15000 X145.293 Y105.474
G1 F7500 X124.436 Y126.331 E2217.97899
G0 F15000 X123.814 Y126.331
G1 F7500 X145.293 Y104.852 E2219.09032
G0 F15000 X145.293 Y104.23
G1 F7500 X123.192 Y126.331 E2220.23384
G0 F15000 X122.569 Y126.331
G1 F7500 X145.293 Y103.608 E2221.40957
G0 F15000 X145.293 Y102.985
G1 F7500 X121.947 Y126.331 E2222.61751
G0 F15000 X121.325 Y126.331
G1 F7500 X145.293 Y102.363 E2223.85763
G0 F15000 X145.293 Y101.741
G1 F7500 X120.703 Y126.331 E2225.12993
G0 F15000 X120.08 Y126.331
G1 F7500 X145.293 Y101.119 E2226.43444
G0 F15000 X145.293 Y100.496
G1 F7500 X119.458 Y126.331 E2227.77116
G0 F15000 X118.836 Y126.331
G1 F7500 X145.293 Y99.874 E2229.14006
G0 F15000 X145.293 Y99.252
G1 F7500 X118.254 Y126.291 E2230.53908
G0 F15000 X117.632 Y126.291
G1 F7500 X145.293 Y98.63 E2231.97027
G0 F15000 X145.293 Y98.007
G1 F7500 X117.009 Y126.291 E2233.43371
G0 F15000 X116.387 Y126.291
G1 F7500 X145.293 Y97.385 E2234.92932
G0 F15000 X145.293 Y96.763
G1 F7500 X115.765 Y126.291 E2236.45712
G0 F15000 X115.143 Y126.291
G1 F7500 X145.293 Y96.141 E2238.0171
G0 F15000 X145.293 Y95.518
G1 F7500 X114.52 Y126.291 E2239.60931
G0 F15000 X113.898 Y126.291
G1 F7500 X145.293 Y94.896 E2241.23371
G0 F15000 X145.293 Y94.274
G1 F7500 X105.206 Y134.361 E2243.30784
G0 F15000 X105.206 Y133.739
G1 F7500 X145.293 Y93.652 E2245.38196
G0 F15000 X145.293 Y93.029
G1 F7500 X105.206 Y133.117 E2247.45611
G0 F15000 X105.206 Y132.494
G1 F7500 X145.293 Y92.407 E2249.53024
G0 F15000 X145.293 Y91.785
G1 F7500 X105.206 Y131.872 E2251.60437
G0 F15000 X105.206 Y131.25
G1 F7500 X145.293 Y91.163 E2253.67849
G0 F15000 X145.293 Y90.54
G1 F7500 X105.206 Y130.628 E2255.75265
G0 F15000 X105.206 Y130.005
G1 F7500 X145.293 Y89.918 E2257.82677
G0 F15000 X145.293 Y89.296
G1 F7500 X105.206 Y129.383 E2259.9009
G0 F15000 X105.206 Y128.761
G1 F7500 X145.293 Y88.674 E2261.97503
G0 F15000 X145.293 Y88.051
G1 F7500 X105.206 Y128.139 E2264.04918
G0 F15000 X105.206 Y127.516
G1 F7500 X145.293 Y87.429 E2266.12331
G0 F15000 X145.293 Y86.807
G1 F7500 X105.206 Y126.894 E2268.19743
G0 F15000 X105.206 Y126.272
G1 F7500 X145.293 Y86.185 E2270.27156
G0 F15000 X145.293 Y85.562
G1 F7500 X105.206 Y125.65 E2272.34571
G0 F15000 X105.206 Y125.027
G1 F7500 X145.293 Y84.94 E2274.41984
G0 F15000 X145.293 Y84.318
G1 F7500 X105.206 Y124.405 E2276.49396
G0 F15000 X105.206 Y123.783
G1 F7500 X145.293 Y83.695 E2278.56812
G0 F15000 X145.293 Y83.073
G1 F7500 X105.206 Y123.161 E2280.64227
G0 F15000 X105.206 Y122.538
G1 F7500 X145.293 Y82.451 E2282.7164
G0 F15000 X145.293 Y81.829
G1 F7500 X105.206 Y121.916 E2284.79052
G0 F15000 X105.206 Y121.294
G1 F7500 X145.293 Y81.206 E2286.86467
G0 F15000 X145.293 Y80.584
G1 F7500 X105.206 Y120.672 E2288.93883
G0 F15000 X105.206 Y120.049
G1 F7500 X145.293 Y79.962 E2291.01295
G0 F15000 X145.293 Y79.34
G1 F7500 X105.206 Y119.427 E2293.08708
G0 F15000 X105.206 Y118.805
G1 F7500 X145.293 Y78.717 E2295.16123
G0 F15000 X145.293 Y78.095
G1 F7500 X105.206 Y118.182 E2297.23536
G0 F15000 X105.206 Y117.56
G1 F7500 X145.293 Y77.473 E2299.30949
G0 F15000 X145.293 Y76.851
G1 F7500 X105.206 Y116.938 E2301.38361
G0 F15000 X105.206 Y116.316
G1 F7500 X144.816 Y76.705 E2303.43308
G0 F15000 X144.194 Y76.705
G1 F7500 X105.206 Y115.693 E2305.45035
G0 F15000 X105.206 Y115.071
G1 F7500 X143.572 Y76.705 E2307.43543
G0 F15000 X142.95 Y76.705
G1 F7500 X105.206 Y114.449 E2309.38833
G0 F15000 X105.206 Y113.827
G1 F7500 X142.327 Y76.705 E2311.30902
G0 F15000 X141.705 Y76.705
G1 F7500 X105.206 Y113.204 E2313.1975
G0 F15000 X105.206 Y112.582
G1 F7500 X141.083 Y76.705 E2315.0538
G0 F15000 X140.461 Y76.705
G1 F7500 X105.206 Y111.96 E2316.87791
G0 F15000 X105.206 Y111.338
G1 F7500 X139.838 Y76.705 E2318.66982
G0 F15000 X139.216 Y76.705
G1 F7500 X105.206 Y110.715 E2320.42952
G0 F15000 X105.206 Y110.093
G1 F7500 X138.594 Y76.705 E2322.15703
G0 F15000 X137.972 Y76.705
G1 F7500 X105.206 Y109.471 E2323.85237
G0 F15000 X105.206 Y108.849
G1 F7500 X137.349 Y76.705 E2325.51549
G0 F15000 X136.727 Y76.705
G1 F7500 X105.206 Y108.226 E2327.14641
G0 F15000 X105.206 Y107.604
G1 F7500 X136.105 Y76.705 E2328.74514
G0 F15000 X135.483 Y76.705
G1 F7500 X105.206 Y106.982 E2330.31169
G0 F15000 X105.206 Y106.36
G1 F7500 X134.86 Y76.705 E2331.84604
G0 F15000 X134.238 Y76.705
G1 F7500 X105.206 Y105.737 E2333.34817
G0 F15000 X105.206 Y105.115
G1 F7500 X133.616 Y76.705 E2334.81812
G0 F15000 X132.994 Y76.705
G1 F7500 X105.206 Y104.493 E2336.25589
G0 F15000 X105.206 Y103.871
G1 F7500 X132.371 Y76.705 E2337.66145
G0 F15000 X131.749 Y76.705
G1 F7500 X105.206 Y103.248 E2339.0348
G0 F15000 X105.206 Y102.626
G1 F7500 X131.127 Y76.705 E2340.37597
G0 F15000 X130.505 Y76.705
G1 F7500 X105.206 Y102.004 E2341.68496
G0 F15000 X105.206 Y101.382
G1 F7500 X129.882 Y76.705 E2342.96173
G0 F15000 X129.26 Y76.705
G1 F7500 X105.206 Y100.759 E2344.2063
G0 F15000 X105.206 Y100.137
G1 F7500 X128.638 Y76.705 E2345.41869
G0 F15000 X128.016 Y76.705
G1 F7500 X105.206 Y99.515 E2346.59889
G0 F15000 X105.206 Y98.893
G1 F7500 X127.393 Y76.705 E2347.74689
G0 F15000 X126.771 Y76.705
G1 F7500 X105.206 Y98.27 E2348.86267
G0 F15000 X105.206 Y97.648
G1 F7500 X126.149 Y76.705 E2349.94628
G0 F15000 X125.527 Y76.705
G1 F7500 X105.206 Y97.026 E2350.9977
G0 F15000 X105.206 Y96.404
G1 F7500 X124.904 Y76.705 E2352.01691
G0 F15000 X124.282 Y76.705
G1 F7500 X105.206 Y95.781 E2353.00392
G0 F15000 X105.206 Y95.159
G1 F7500 X123.66 Y76.705 E2353.95874
G0 F15000 X123.037 Y76.705
G1 F7500 X105.206 Y94.537 E2354.88135
G0 F15000 X105.206 Y93.915
G1 F7500 X122.415 Y76.705 E2355.77178
G0 F15000 X121.793 Y76.705
G1 F7500 X105.206 Y93.292 E2356.63
G0 F15000 X105.206 Y92.67
G1 F7500 X121.171 Y76.705 E2357.45604
G0 F15000 X120.548 Y76.705
G1 F7500 X105.206 Y92.048 E2358.24987
G0 F15000 X105.206 Y91.426
G1 F7500 X119.926 Y76.705 E2359.01152
G0 F15000 X119.304 Y76.705
G1 F7500 X105.206 Y90.803 E2359.74096
G0 F15000 X105.206 Y90.181
G1 F7500 X118.682 Y76.705 E2360.43822
G0 F15000 X118.059 Y76.705
G1 F7500 X105.206 Y89.559 E2361.10326
G0 F15000 X105.206 Y88.937
G1 F7500 X117.437 Y76.705 E2361.73613
G0 F15000 X116.815 Y76.705
G1 F7500 X111.641 Y81.879 E2362.00384
G0 F15000 X111.519 Y82.001
G1 F7500 X105.206 Y88.314 E2362.33047
G0 F15000 X105.206 Y87.692
G1 F7500 X110.329 Y82.569 E2362.59554
G0 F15000 X109.577 Y82.698
G1 F7500 X105.206 Y87.07 E2362.82173
G0 F15000 X105.206 Y86.448
G1 F7500 X109.008 Y82.645 E2363.01847
G0 F15000 X108.5 Y82.531
G1 F7500 X105.206 Y85.825 E2363.1889
G0 F15000 X105.206 Y85.203
G1 F7500 X108.067 Y82.342 E2363.33693
G0 F15000 X107.666 Y82.121
G1 F7500 X105.206 Y84.581 E2363.46422
G0 F15000 X105.206 Y83.959
G1 F7500 X107.335 Y81.829 E2363.5744
G0 F15000 X107.007 Y81.535
G1 F7500 X105.206 Y83.336 E2363.66758
G0 F15000 X105.206 Y82.714
G1 F7500 X106.776 Y81.144 E2363.74881
G0 F15000 X106.545 Y80.753
G1 F7500 X105.206 Y82.092 E2363.8181
G0 F15000 X105.206 Y81.47
G1 F7500 X106.413 Y80.262 E2363.88057
G0 F15000 X106.305 Y79.748
G1 F7500 X105.206 Y80.847 E2363.93744
G0 F15000 X105.206 Y80.225
G1 F7500 X106.331 Y79.1 E2363.99564
G0 F15000 X106.589 Y78.22
G1 F7500 X105.206 Y79.603 E2364.0672
G0 F15000 X105.206 Y78.98
G1 F7500 X107.48 Y76.706 E2364.18486
G0 F15000 X106.858 Y76.706
G1 F7500 X105.206 Y78.358 E2364.27033
G0 F15000 X105.206 Y77.736
G1 F7500 X106.236 Y76.706 E2364.32363
G0 F15000 X105.614 Y76.706
G1 F7500 X105.206 Y77.114 E2364.34474
G1 F4800 E2354.34474
G0 F15000 X111.508 Y77.034
G1 F4800 E2364.34474
G1 F7500 X111.837 Y76.705 E2364.36176
G0 F15000 X111.84 Y77.324
G1 F7500 X112.459 Y76.705 E2364.39379
G0 F15000 X113.081 Y76.705
G1 F7500 X112.114 Y77.672 E2364.44382
G0 F15000 X112.344 Y78.065
G1 F7500 X113.704 Y76.705 E2364.51419
G0 F15000 X114.326 Y76.705
G1 F7500 X112.532 Y78.499 E2364.60701
G0 F15000 X112.647 Y79.006
G1 F7500 X114.948 Y76.705 E2364.72607
G0 F15000 X115.57 Y76.705
G1 F7500 X112.684 Y79.591 E2364.87539
G0 F15000 X112.608 Y80.29
G1 F7500 X116.193 Y76.705 E2365.06088
G1 F4800 E2355.06088
G0 F15000 X113.79 Y126.399
G1 F4800 E2365.06088
G1 F7500 X105.206 Y134.983 E2365.50502
G0 F15000 X105.206 Y135.606
G1 F7500 X113.79 Y127.021 E2365.94919
G0 F15000 X113.79 Y127.644
G1 F7500 X105.206 Y136.228 E2366.39333
G0 F15000 X105.206 Y136.85
G1 F7500 X113.79 Y128.266 E2366.83747
G0 F15000 X113.79 Y128.888
G1 F7500 X105.206 Y137.472 E2367.28161
G0 F15000 X105.206 Y138.095
G1 F7500 X113.79 Y129.51 E2367.72578
G0 F15000 X113.79 Y130.133
G1 F7500 X105.206 Y138.717 E2368.16992
G0 F15000 X105.206 Y139.339
G1 F7500 X113.79 Y130.755 E2368.61406
G0 F15000 X113.79 Y131.377
G1 F7500 X105.206 Y139.961 E2369.05821
G0 F15000 X105.206 Y140.584
G1 F7500 X113.79 Y131.999 E2369.50237
G0 F15000 X113.79 Y132.622
G1 F7500 X105.206 Y141.206 E2369.94651
G0 F15000 X105.206 Y141.828
G1 F7500 X113.79 Y133.244 E2370.39066
G0 F15000 X113.79 Y133.866
G1 F7500 X105.206 Y142.45 E2370.8348
G0 F15000 X105.206 Y143.073
G1 F7500 X113.79 Y134.488 E2371.27896
G0 F15000 X113.79 Y135.111
G1 F7500 X105.206 Y143.695 E2371.72311
G0 F15000 X105.206 Y144.317
G1 F7500 X113.79 Y135.733 E2372.16725
G0 F15000 X113.79 Y136.355
G1 F7500 X105.206 Y144.939 E2372.61139
G0 F15000 X105.206 Y145.562
G1 F7500 X113.79 Y136.977 E2373.05556
G0 F15000 X113.79 Y137.6
G1 F7500 X105.206 Y146.184 E2373.4997
G0 F15000 X105.206 Y146.806
G1 F7500 X113.79 Y138.222 E2373.94384
G0 F15000 X113.79 Y138.844
G1 F7500 X105.206 Y147.428 E2374.38798
G0 F15000 X105.206 Y148.051
G1 F7500 X113.79 Y139.466 E2374.83215
G0 F15000 X113.79 Y140.089
G1 F7500 X105.206 Y148.673 E2375.27629
G0 F15000 X105.206 Y149.295
G1 F7500 X113.79 Y140.711 E2375.72043
G0 F15000 X113.79 Y141.333
G1 F7500 X105.206 Y149.917 E2376.16457
G0 F15000 X105.206 Y150.54
G1 F7500 X113.79 Y141.955 E2376.60874
G0 F15000 X113.79 Y142.578
G1 F7500 X105.206 Y151.162 E2377.05288
G0 F15000 X105.206 Y151.784
G1 F7500 X113.79 Y143.2 E2377.49702
G0 F15000 X113.79 Y143.822
G1 F7500 X105.206 Y152.406 E2377.94117
G0 F15000 X105.206 Y153.029
G1 F7500 X113.79 Y144.444 E2378.38533
G0 F15000 X113.79 Y145.067
G1 F7500 X105.206 Y153.651 E2378.82947
G0 F15000 X105.206 Y154.273
G1 F7500 X113.79 Y145.689 E2379.27362
G0 F15000 X113.79 Y146.311
G1 F7500 X105.206 Y154.895 E2379.71776
G0 F15000 X105.206 Y155.518
G1 F7500 X113.79 Y146.933 E2380.16192
G0 F15000 X113.79 Y147.556
G1 F7500 X105.206 Y156.14 E2380.60607
G0 F15000 X105.206 Y156.762
G1 F7500 X113.79 Y148.178 E2381.05021
G0 F15000 X113.79 Y148.8
G1 F7500 X105.206 Y157.384 E2381.49435
G0 F15000 X105.206 Y158.007
G1 F7500 X113.79 Y149.422 E2381.93852
G0 F15000 X113.79 Y150.045
G1 F7500 X105.206 Y158.629 E2382.38266
G0 F15000 X105.206 Y159.251
G1 F7500 X113.79 Y150.667 E2382.8268
G0 F15000 X113.79 Y151.289
G1 F7500 X105.206 Y159.874 E2383.27097
G0 F15000 X105.206 Y160.496
G1 F7500 X113.79 Y151.911 E2383.71513
G0 F15000 X113.79 Y152.534
G1 F7500 X105.206 Y161.118 E2384.15928
G0 F15000 X105.206 Y161.74
G1 F7500 X113.79 Y153.156 E2384.60342
G0 F15000 X113.79 Y153.778
G1 F7500 X105.206 Y162.363 E2385.04759
G0 F15000 X105.206 Y162.985
G1 F7500 X113.79 Y154.401 E2385.49173
G0 F15000 X113.79 Y155.023
G1 F7500 X105.206 Y163.607 E2385.93587
G0 F15000 X105.206 Y164.229
G1 F7500 X113.79 Y155.645 E2386.38001
G0 F15000 X113.79 Y156.267
G1 F7500 X105.206 Y164.852 E2386.82418
G0 F15000 X105.206 Y165.474
G1 F7500 X113.79 Y156.89 E2387.26832
G0 F15000 X113.79 Y157.512
G1 F7500 X105.206 Y166.096 E2387.71246
G0 F15000 X105.206 Y166.718
G1 F7500 X113.79 Y158.134 E2388.1566
G0 F15000 X113.79 Y158.756
G1 F7500 X105.206 Y167.341 E2388.60077
G0 F15000 X105.206 Y167.963
G1 F7500 X113.79 Y159.379 E2389.04491
G0 F15000 X113.79 Y160.001
G1 F7500 X105.206 Y168.585 E2389.48905
G0 F15000 X105.206 Y169.207
G1 F7500 X113.79 Y160.623 E2389.93319
G0 F15000 X113.79 Y161.245
G1 F7500 X105.206 Y169.83 E2390.37736
G0 F15000 X105.206 Y170.452
G1 F7500 X113.79 Y161.868 E2390.8215
G0 F15000 X113.79 Y162.49
G1 F7500 X105.206 Y171.074 E2391.26564
G0 F15000 X105.206 Y171.696
G1 F7500 X113.79 Y163.112 E2391.70979
G0 F15000 X113.79 Y163.734
G1 F7500 X107.591 Y169.934 E2392.03055
G0 F15000 X106.823 Y170.701
G1 F7500 X105.206 Y172.319 E2392.11424
G0 F15000 X105.206 Y172.941
G1 F7500 X106.378 Y171.768 E2392.17491
G0 F15000 X106.31 Y172.459
G1 F7500 X105.206 Y173.563 E2392.23203
G0 F15000 X105.206 Y174.185
G1 F7500 X106.362 Y173.029 E2392.29184
G0 F15000 X106.475 Y173.538
G1 F7500 X105.206 Y174.808 E2392.35753
G0 F15000 X105.342 Y175.293
G1 F7500 X106.672 Y173.963 E2392.42634
G0 F15000 X106.902 Y174.356
G1 F7500 X105.964 Y175.293 E2392.47485
G0 F15000 X106.587 Y175.293
G1 F7500 X107.184 Y174.696 E2392.50574
G0 F15000 X107.516 Y174.987
G1 F7500 X107.209 Y175.293 E2392.5216
G1 F4800 E2382.5216
G0 F15000 X111.565 Y175.293
G1 F4800 E2392.5216
G1 F7500 X113.79 Y173.068 E2392.63672
G0 F15000 X113.79 Y172.446
G1 F7500 X112.374 Y173.862 E2392.70998
G0 F15000 X112.649 Y172.965
G1 F7500 X113.79 Y171.824 E2392.76902
G0 F15000 X113.79 Y171.201
G1 F7500 X112.698 Y172.293 E2392.82552
G0 F15000 X112.613 Y171.756
G1 F7500 X113.79 Y170.579 E2392.88642
G0 F15000 X113.79 Y169.957
G1 F7500 X112.465 Y171.282 E2392.95498
G0 F15000 X112.238 Y170.887
G1 F7500 X113.79 Y169.335 E2393.03528
G0 F15000 X113.79 Y168.712
G1 F7500 X112.011 Y170.491 E2393.12732
G0 F15000 X111.688 Y170.192
G1 F7500 X113.79 Y168.09 E2393.23608
G0 F15000 X113.79 Y167.468
G1 F7500 X111.358 Y169.9 E2393.36192
G0 F15000 X110.965 Y169.67
G1 F7500 X113.79 Y166.846 E2393.50806
G0 F15000 X113.79 Y166.223
G1 F7500 X110.532 Y169.482 E2393.67665
G0 F15000 X110.034 Y169.357
G1 F7500 X113.79 Y165.601 E2393.87099
G0 F15000 X113.79 Y164.979
G1 F7500 X109.465 Y169.303 E2394.09474
G0 F15000 X108.731 Y169.415
G1 F7500 X113.79 Y164.357 E2394.35647
G1 F4800 E2384.35647
G0 F15000 X113.79 Y173.69
G1 F4800 E2394.35647
G1 F7500 X112.188 Y175.293 E2394.43939
G0 F15000 X112.81 Y175.293
G1 F7500 X113.79 Y174.313 E2394.49009
G0 F15000 X113.79 Y174.935
G1 F7500 X113.432 Y175.293 E2394.50862
G1 F4800 E2384.50862
;MESH:NONMESH
G0 F300 X113.432 Y175.293 Z1.8
G0 F15000 X111.994 Y78.691
;TIME_ELAPSED:1763.853875
;LAYER:8
;TYPE:WALL-INNER
;MESH:Top Carcaza.stl
G1 F4800 E2394.50862
G1 X111.565 Y77.904 E2394.54141
G1 X110.969 Y77.343 E2394.57136
G1 X110.23 Y76.994 E2394.60126
G1 X109.419 Y76.891 E2394.63117
G1 X108.618 Y77.044 E2394.661
G1 X107.902 Y77.437 E2394.69088
G1 X107.342 Y78.033 E2394.72081
G1 X107.002 Y78.755 E2394.75
G1 X106.88 Y79.515 E2394.77816
G1 X107.042 Y80.38 E2394.81036
G1 X107.437 Y81.098 E2394.84034
G1 X108.031 Y81.657 E2394.87019
G1 X108.772 Y82.006 E2394.90015
G1 X109.581 Y82.108 E2394.92998
G1 X110.382 Y81.956 E2394.95981
G1 X111.096 Y81.563 E2394.98963
G1 X111.647 Y80.982 E2395.01893
G1 X111.989 Y80.305 E2395.04668
G1 X112.104 Y79.562 E2395.07418
G1 X111.994 Y78.691 E2395.1063
G0 F15000 X111.568 Y78.829
G1 F1440 X111.212 Y78.176 E2395.13351
G1 X110.718 Y77.711 E2395.15834
G1 X110.105 Y77.422 E2395.18313
G1 X109.433 Y77.336 E2395.20792
G1 X108.769 Y77.463 E2395.23265
G1 X108.175 Y77.789 E2395.25744
G1 X107.71 Y78.283 E2395.28226
G1 X107.427 Y78.886 E2395.30663
G1 X107.327 Y79.509 E2395.32972
G1 X107.462 Y80.23 E2395.35655
G1 X107.789 Y80.825 E2395.38139
G1 X108.282 Y81.289 E2395.40616
G1 X108.896 Y81.578 E2395.43099
G1 X109.567 Y81.663 E2395.45574
G1 X110.231 Y81.537 E2395.48046
G1 X110.824 Y81.211 E2395.50522
G1 X111.283 Y80.726 E2395.52965
G1 X111.565 Y80.169 E2395.55249
G1 X111.66 Y79.556 E2395.57519
G1 X111.568 Y78.829 E2395.602
G0 F15000 X111.142 Y78.967
;TYPE:WALL-OUTER
G1 F1080 X110.859 Y78.448 E2395.62363
G1 X110.467 Y78.079 E2395.64332
G1 X109.98 Y77.85 E2395.66301
G1 X109.447 Y77.781 E2395.68267
G1 X108.92 Y77.882 E2395.70231
G1 X108.448 Y78.141 E2395.722
G1 X108.079 Y78.533 E2395.7417
G1 X107.852 Y79.017 E2395.76126
G1 X107.774 Y79.503 E2395.77927
G1 X107.882 Y80.08 E2395.80074
G1 X108.141 Y80.552 E2395.82044
G1 X108.533 Y80.921 E2395.84014
G1 X109.02 Y81.15 E2395.85983
G1 X109.553 Y81.218 E2395.87948
G1 X110.08 Y81.118 E2395.89911
G1 X110.552 Y80.859 E2395.91881
G1 X110.919 Y80.47 E2395.93837
G1 X111.141 Y80.032 E2395.95634
G1 X111.216 Y79.55 E2395.97419
G1 X111.142 Y78.967 E2395.99569
G0 F15000 X111.602 Y78.819
G1 F4800 E2385.99569
G0 F15000 X143.463 Y127.597
;TYPE:WALL-INNER
G1 F4800 E2395.99569
G1 X143.463 Y127.378 E2396.0037
G1 X143.244 Y127.378 E2396.00888
G1 X117.412 Y127.378 E2396.95398
G1 X117.412 Y127.338 E2396.95544
G1 X114.837 Y127.338 E2397.04965
G1 X114.837 Y176.34 E2398.84245
G1 X104.34 Y176.34 E2399.22649
G1 X104.34 Y177.66 E2399.27478
G1 X147.663 Y177.663 E2400.85981
G1 X147.663 Y74.337 E2404.64011
G1 X104.34 Y74.34 E2406.22513
G1 X104.34 Y75.66 E2406.27342
G1 X146.34 Y75.66 E2407.81004
G1 X146.34 Y176.34 E2411.49353
G1 X138.21 Y176.34 E2411.79098
G1 X138.21 Y149.66 E2412.7671
G1 X142.14 Y149.66 E2412.91088
G1 X142.14 Y170.393 E2413.66942
G1 X141.782 Y170.46 E2413.68275
G1 X141.77 Y170.463 E2413.6832
G1 X141.185 Y170.783 E2413.70759
G1 X140.736 Y171.231 E2413.7308
G1 X140.422 Y171.895 E2413.75767
G1 X140.337 Y172.567 E2413.78245
G1 X140.463 Y173.231 E2413.80718
G1 X140.789 Y173.825 E2413.83197
G1 X141.283 Y174.29 E2413.85679
G1 X141.892 Y174.575 E2413.88139
G1 X142.542 Y174.668 E2413.90542
G1 X143.235 Y174.535 E2413.93123
G1 X143.825 Y174.211 E2413.95586
G1 X144.289 Y173.718 E2413.98063
G1 X144.578 Y173.105 E2414.00542
G1 X144.664 Y172.433 E2414.03021
G1 X144.537 Y171.769 E2414.05494
G1 X144.211 Y171.176 E2414.0797
G1 X143.723 Y170.714 E2414.10429
G1 X143.46 Y170.585 E2414.115
G1 X143.463 Y127.597 E2415.68777
G0 F15000 X143.023 Y127.818
;TYPE:WALL-OUTER
G1 F3600 X116.972 Y127.818 E2416.64088
G1 X116.972 Y127.778 E2416.64234
G1 X115.277 Y127.778 E2416.70435
G1 X115.277 Y176.78 E2418.49715
G1 X104.78 Y176.78 E2418.88119
G1 X104.78 Y177.22 E2418.89729
G1 X147.223 Y177.223 E2420.45012
G1 X147.223 Y74.777 E2424.19822
G1 X104.78 Y74.78 E2425.75105
G1 X104.78 Y75.22 E2425.76714
G1 X146.78 Y75.22 E2427.30376
G1 X146.78 Y176.78 E2431.01945
G1 X137.77 Y176.78 E2431.34909
G1 X137.77 Y149.22 E2432.35741
G1 X142.58 Y149.22 E2432.53339
G1 X142.58 Y170.798 E2433.32284
G1 X142.446 Y170.783 E2433.32778
G1 X141.92 Y170.882 E2433.34736
G1 X141.451 Y171.139 E2433.36692
G1 X141.101 Y171.488 E2433.38501
G1 X140.85 Y172.02 E2433.40653
G1 X140.782 Y172.553 E2433.42619
G1 X140.882 Y173.08 E2433.44581
G1 X141.141 Y173.552 E2433.46551
G1 X141.533 Y173.921 E2433.48521
G1 X142.019 Y174.149 E2433.50485
G1 X142.531 Y174.222 E2433.52377
G1 X143.084 Y174.116 E2433.54437
G1 X143.552 Y173.859 E2433.5639
G1 X143.921 Y173.467 E2433.5836
G1 X144.15 Y172.98 E2433.60329
G1 X144.219 Y172.447 E2433.62295
G1 X144.118 Y171.92 E2433.64258
G1 X143.859 Y171.448 E2433.66228
G1 X143.469 Y171.08 E2433.6819
G1 X143.02 Y170.859 E2433.70021
G1 X143.023 Y127.818 E2435.27491
G1 F4800 E2425.27491
G0 F15000 X107.371 Y170.974
;TYPE:WALL-INNER
G1 F4800 E2435.27491
G1 X106.996 Y171.769 E2435.30707
G1 X106.988 Y171.837 E2435.30958
G1 X106.901 Y172.51 E2435.3344
G1 X106.891 Y172.58 E2435.33699
G1 X107.044 Y173.382 E2435.36686
G1 X107.437 Y174.098 E2435.39674
G1 X108.031 Y174.657 E2435.42659
G1 X108.77 Y175.006 E2435.45649
G1 X109.581 Y175.109 E2435.4864
G1 X110.382 Y174.956 E2435.51623
G1 X111.098 Y174.563 E2435.54611
G1 X111.657 Y173.969 E2435.57596
G1 X112.006 Y173.228 E2435.60592
G1 X112.105 Y172.437 E2435.63509
G1 X111.986 Y171.676 E2435.66327
G1 X111.565 Y170.904 E2435.69544
G1 X110.969 Y170.343 E2435.72539
G1 X110.228 Y169.994 E2435.75535
G1 X109.419 Y169.892 E2435.78519
G1 X108.62 Y170.044 E2435.81494
G1 X107.919 Y170.427 E2435.84417
G1 X107.371 Y170.974 E2435.8725
G0 F15000 X107.736 Y171.231
G1 F1440 X107.423 Y171.894 E2435.89932
G1 X107.336 Y172.567 E2435.92415
G1 X107.463 Y173.231 E2435.94888
G1 X107.789 Y173.825 E2435.97367
G1 X108.282 Y174.289 E2435.99844
G1 X108.895 Y174.578 E2436.02323
G1 X109.567 Y174.664 E2436.04802
G1 X110.231 Y174.537 E2436.07275
G1 X110.825 Y174.211 E2436.09754
G1 X111.289 Y173.718 E2436.12231
G1 X111.578 Y173.104 E2436.14714
G1 X111.661 Y172.444 E2436.17148
G1 X111.563 Y171.82 E2436.19459
G1 X111.212 Y171.176 E2436.22142
G1 X110.718 Y170.711 E2436.24624
G1 X110.104 Y170.422 E2436.27107
G1 X109.433 Y170.337 E2436.29582
G1 X108.77 Y170.463 E2436.32051
G1 X108.185 Y170.783 E2436.3449
G1 X107.736 Y171.231 E2436.36811
G0 F15000 X108.101 Y171.488
;TYPE:WALL-OUTER
G1 F1080 X107.85 Y172.019 E2436.3896
G1 X107.781 Y172.553 E2436.4093
G1 X107.882 Y173.08 E2436.42893
G1 X108.141 Y173.552 E2436.44863
G1 X108.533 Y173.921 E2436.46832
G1 X109.02 Y174.15 E2436.48801
G1 X109.553 Y174.219 E2436.50767
G1 X110.08 Y174.118 E2436.52731
G1 X110.552 Y173.859 E2436.547
G1 X110.921 Y173.467 E2436.5667
G1 X111.15 Y172.98 E2436.58639
G1 X111.217 Y172.451 E2436.6059
G1 X111.14 Y171.964 E2436.62394
G1 X110.859 Y171.448 E2436.64543
G1 X110.467 Y171.079 E2436.66513
G1 X109.98 Y170.85 E2436.68482
G1 X109.447 Y170.782 E2436.70448
G1 X108.92 Y170.882 E2436.7241
G1 X108.451 Y171.139 E2436.74367
G1 X108.101 Y171.488 E2436.76175
G0 F15000 X107.706 Y171.21
G1 F4800 E2426.76175
G0 F15000 X145.9 Y175.9
;TYPE:WALL-INNER
G1 F4800 E2436.76175
G1 X138.65 Y175.9 E2437.027
G1 X138.65 Y150.1 E2437.97092
G1 X141.7 Y150.1 E2438.08251
G1 X141.7 Y170.029 E2438.81164
G1 X141.62 Y170.044 E2438.81461
G1 X140.919 Y170.427 E2438.84384
G1 X140.371 Y170.974 E2438.87217
G1 X139.994 Y171.77 E2438.90439
G1 X139.892 Y172.581 E2438.9343
G1 X140.044 Y173.382 E2438.96412
G1 X140.437 Y174.098 E2438.99401
G1 X141.033 Y174.659 E2439.02395
G1 X141.765 Y175.001 E2439.05351
G1 X142.553 Y175.114 E2439.08264
G1 X143.386 Y174.954 E2439.11367
G1 X144.098 Y174.563 E2439.14339
G1 X144.657 Y173.969 E2439.17323
G1 X145.006 Y173.23 E2439.20313
G1 X145.109 Y172.419 E2439.23304
G1 X144.956 Y171.618 E2439.26288
G1 X144.563 Y170.904 E2439.2927
G1 X143.977 Y170.348 E2439.32225
G1 X143.9 Y170.31 E2439.32539
G1 X143.903 Y127.157 E2440.90419
G1 X143.903 Y126.938 E2440.91221
G1 X143.684 Y126.938 E2440.91739
G1 X117.852 Y126.938 E2441.86248
G1 X117.852 Y126.898 E2441.86395
G1 X114.397 Y126.898 E2441.99035
G1 X114.397 Y175.9 E2443.78315
G1 X104.6 Y175.9 E2444.14158
G1 X104.6 Y76.1 E2447.79288
G1 X145.9 Y76.1 E2449.30389
G1 X145.9 Y175.9 E2452.95519
G1 F4800 E2442.95519
G0 F15000 X147.84 Y177.84
G1 F4800 E2452.95519
G1 X147.663 Y177.84 E2452.96
G1 X104.34 Y177.84 E2453.60448
G1 X104.16 Y177.84 E2453.6094
G1 X104.16 Y177.66 E2453.61432
G1 X104.16 Y176.34 E2453.63412
G1 X104.16 Y75.66 E2457.31761
G1 X104.16 Y74.34 E2457.33741
G1 X104.16 Y74.16 E2457.34233
G1 X104.34 Y74.16 E2457.34726
G1 X147.663 Y74.16 E2457.99173
G1 X147.84 Y74.16 E2457.99655
G1 X147.84 Y74.337 E2458.00136
G1 X147.84 Y177.663 E2459.52554
G1 X147.84 Y177.84 E2459.53035
G0 F15000 X148.28 Y178.28
;TYPE:WALL-OUTER
G1 F3600 X103.72 Y178.28 E2461.16063
G1 X103.72 Y73.72 E2464.98607
G1 X148.28 Y73.72 E2466.61635
G1 X148.28 Y178.28 E2470.4418
G1 F4800 E2460.4418
G0 F15000 X145.47 Y175.47
;TYPE:SKIN
G1 F4800 E2470.4418
G1 F2250 X142.981 Y175.47 E2470.53286
G1 X143.534 Y175.364 E2470.55346
G1 X144.364 Y174.907 E2470.58813
G1 X145.017 Y174.214 E2470.62297
G1 X145.424 Y173.352 E2470.65784
G1 X145.47 Y172.992 E2470.67112
G1 X145.47 Y175.47 E2470.76178
G1 F4800 E2460.76178
G0 F15000 X145.47 Y172.013
G1 F4800 E2470.76178
G1 F7500 X145.366 Y171.47 E2470.78201
G1 X144.907 Y170.638 E2470.81677
G1 X144.33 Y170.09 E2470.84589
G1 X144.333 Y126.508 E2472.44038
G1 X118.282 Y126.508 E2473.39349
G1 X118.282 Y126.468 E2473.39495
G1 X113.967 Y126.468 E2473.55282
G1 X113.967 Y175.47 E2475.34562
G1 X109.986 Y175.47 E2475.49127
G1 X110.529 Y175.366 E2475.51149
G1 X111.364 Y174.907 E2475.54635
G1 X112.017 Y174.214 E2475.58119
G1 X112.424 Y173.349 E2475.61617
G1 X112.539 Y172.431 E2475.65002
G1 X112.399 Y171.535 E2475.68319
G1 X111.909 Y170.638 E2475.72059
G1 X111.214 Y169.983 E2475.75553
G1 X110.349 Y169.576 E2475.7905
G1 X109.405 Y169.456 E2475.82532
G1 X108.473 Y169.634 E2475.86003
G1 X107.659 Y170.079 E2475.89398
G1 X107.014 Y170.722 E2475.9273
G1 X106.578 Y171.646 E2475.96468
G1 X106.455 Y172.593 E2475.99961
G1 X106.634 Y173.529 E2476.03448
G1 X107.093 Y174.364 E2476.06934
G1 X107.786 Y175.017 E2476.10418
G1 X108.648 Y175.424 E2476.13905
G1 X109.008 Y175.47 E2476.15233
G1 X105.03 Y175.47 E2476.29787
G1 X105.03 Y76.53 E2479.9177
G1 X109.014 Y76.53 E2480.06346
G1 X108.471 Y76.634 E2480.08369
G1 X107.636 Y77.093 E2480.11855
G1 X106.982 Y77.788 E2480.15347
G1 X106.587 Y78.626 E2480.18736
G1 X106.444 Y79.521 E2480.22052
G1 X106.632 Y80.527 E2480.25796
G1 X107.093 Y81.364 E2480.29292
G1 X107.786 Y82.017 E2480.32776
G1 X108.651 Y82.424 E2480.36274
G1 X109.595 Y82.544 E2480.39755
G1 X110.529 Y82.366 E2480.43234
G1 X111.362 Y81.907 E2480.46714
G1 X112.003 Y81.232 E2480.50119
G1 X112.403 Y80.438 E2480.53372
G1 X112.538 Y79.568 E2480.56593
G1 X112.41 Y78.556 E2480.60325
G1 X111.909 Y77.638 E2480.64151
G1 X111.214 Y76.983 E2480.67645
G1 X110.352 Y76.576 E2480.71133
G1 X109.992 Y76.53 E2480.72461
G1 X145.47 Y76.53 E2482.02261
G1 X145.47 Y172.013 E2485.51597
G1 F4800 E2475.51597
G0 F15000 X142.008 Y175.47
G1 F4800 E2485.51597
G1 F7500 X139.08 Y175.47 E2485.62309
G1 X139.08 Y150.53 E2486.53555
G1 X141.27 Y150.53 E2486.61567
G1 X141.27 Y169.745 E2487.31867
G1 X140.659 Y170.079 E2487.34415
G1 X140.015 Y170.722 E2487.37745
G1 X139.576 Y171.648 E2487.41494
G1 X139.457 Y172.595 E2487.44986
G1 X139.634 Y173.529 E2487.48464
G1 X140.093 Y174.364 E2487.5195
G1 X140.789 Y175.019 E2487.55447
G1 X141.64 Y175.417 E2487.58884
G1 X142.008 Y175.47 E2487.60244
G1 F4800 E2477.60244
G0 F15000 X105.6 Y175.293
G1 F4800 E2487.60244
G1 F7500 X105.205 Y174.897 E2487.6229
G0 F15000 X105.205 Y174.275
G1 F7500 X106.222 Y175.293 E2487.67555
G0 F15000 X106.845 Y175.293
G1 F7500 X105.205 Y173.653 E2487.7604
G0 F15000 X105.205 Y173.031
G1 F7500 X107.467 Y175.293 E2487.87744
G1 F4800 E2477.87744
G0 F15000 X106.565 Y173.768
G1 F4800 E2487.87744
G1 F7500 X105.205 Y172.408 E2487.94781
G0 F15000 X105.205 Y171.786
G1 F7500 X106.338 Y172.919 E2488.00643
G0 F15000 X106.319 Y172.278
G1 F7500 X105.205 Y171.164 E2488.06407
G0 F15000 X105.205 Y170.542
G1 F7500 X106.39 Y171.727 E2488.12538
G0 F15000 X106.559 Y171.273
G1 F7500 X105.205 Y169.919 E2488.19544
G0 F15000 X105.205 Y169.297
G1 F7500 X106.758 Y170.85 E2488.27579
G0 F15000 X107.007 Y170.477
G1 F7500 X105.205 Y168.675 E2488.36903
G0 F15000 X105.205 Y168.053
G1 F7500 X107.319 Y170.167 E2488.47841
G0 F15000 X107.654 Y169.88
G1 F7500 X105.205 Y167.43 E2488.60515
G0 F15000 X105.205 Y166.808
G1 F7500 X108.056 Y169.659 E2488.75266
G0 F15000 X108.471 Y169.452
G1 F7500 X105.205 Y166.186 E2488.92165
G0 F15000 X105.205 Y165.564
G1 F7500 X108.994 Y169.353 E2489.11769
G0 F15000 X109.561 Y169.297
G1 F7500 X105.205 Y164.941 E2489.34307
G0 F15000 X105.205 Y164.319
G1 F7500 X110.274 Y169.388 E2489.60535
G1 F4800 E2479.60535
G0 F15000 X111.811 Y170.303
G1 F4800 E2489.60535
G1 F7500 X105.205 Y163.697 E2489.94714
G0 F15000 X105.205 Y163.075
G1 F7500 X113.791 Y171.66 E2490.39136
G0 F15000 X113.791 Y171.038
G1 F7500 X105.205 Y162.452 E2490.83561
G0 F15000 X105.205 Y161.83
G1 F7500 X113.791 Y170.416 E2491.27985
G0 F15000 X113.791 Y169.794
G1 F7500 X105.205 Y161.208 E2491.7241
G0 F15000 X105.205 Y160.586
G1 F7500 X113.791 Y169.171 E2492.16832
G0 F15000 X113.791 Y168.549
G1 F7500 X105.205 Y159.963 E2492.61256
G0 F15000 X105.205 Y159.341
G1 F7500 X113.791 Y167.927 E2493.05681
G0 F15000 X113.791 Y167.304
G1 F7500 X105.205 Y158.719 E2493.50103
G0 F15000 X105.205 Y158.097
G1 F7500 X113.791 Y166.682 E2493.94525
G0 F15000 X113.791 Y166.06
G1 F7500 X105.205 Y157.474 E2494.38949
G0 F15000 X105.205 Y156.852
G1 F7500 X113.791 Y165.438 E2494.83374
G0 F15000 X113.791 Y164.815
G1 F7500 X105.205 Y156.23 E2495.27796
G0 F15000 X105.205 Y155.608
G1 F7500 X113.791 Y164.193 E2495.72217
G0 F15000 X113.791 Y163.571
G1 F7500 X105.205 Y154.985 E2496.16642
G0 F15000 X105.205 Y154.363
G1 F7500 X113.791 Y162.949 E2496.61066
G0 F15000 X113.791 Y162.326
G1 F7500 X105.205 Y153.741 E2497.05488
G0 F15000 X105.205 Y153.119
G1 F7500 X113.791 Y161.704 E2497.4991
G0 F15000 X113.791 Y161.082
G1 F7500 X105.205 Y152.496 E2497.94335
G0 F15000 X105.205 Y151.874
G1 F7500 X113.791 Y160.46 E2498.38759
G0 F15000 X113.791 Y159.837
G1 F7500 X105.205 Y151.252 E2498.83181
G0 F15000 X105.205 Y150.63
G1 F7500 X113.791 Y159.215 E2499.27603
G0 F15000 X113.791 Y158.593
G1 F7500 X105.205 Y150.007 E2499.72028
G0 F15000 X105.205 Y149.385
G1 F7500 X113.791 Y157.971 E2500.16452
G0 F15000 X113.791 Y157.348
G1 F7500 X105.205 Y148.763 E2500.60874
G0 F15000 X105.205 Y148.14
G1 F7500 X113.791 Y156.726 E2501.05299
G0 F15000 X113.791 Y156.104
G1 F7500 X105.205 Y147.518 E2501.49723
G0 F15000 X105.205 Y146.896
G1 F7500 X113.791 Y155.482 E2501.94148
G0 F15000 X113.791 Y154.859
G1 F7500 X105.205 Y146.274 E2502.38569
G0 F15000 X105.205 Y145.651
G1 F7500 X113.791 Y154.237 E2502.82994
G0 F15000 X113.791 Y153.615
G1 F7500 X105.205 Y145.029 E2503.27418
G0 F15000 X105.205 Y144.407
G1 F7500 X113.791 Y152.993 E2503.71843
G0 F15000 X113.791 Y152.37
G1 F7500 X105.205 Y143.785 E2504.16265
G0 F15000 X105.205 Y143.162
G1 F7500 X113.791 Y151.748 E2504.60689
G0 F15000 X113.791 Y151.126
G1 F7500 X105.205 Y142.54 E2505.05114
G0 F15000 X105.205 Y141.918
G1 F7500 X113.791 Y150.504 E2505.49538
G0 F15000 X113.791 Y149.881
G1 F7500 X105.205 Y141.296 E2505.9396
G0 F15000 X105.205 Y140.673
G1 F7500 X113.791 Y149.259 E2506.38385
G0 F15000 X113.791 Y148.637
G1 F7500 X105.205 Y140.051 E2506.82809
G0 F15000 X105.205 Y139.429
G1 F7500 X113.791 Y148.015 E2507.27234
G0 F15000 X113.791 Y147.392
G1 F7500 X105.205 Y138.807 E2507.71656
G0 F15000 X105.205 Y138.184
G1 F7500 X113.791 Y146.77 E2508.1608
G0 F15000 X113.791 Y146.148
G1 F7500 X105.205 Y137.562 E2508.60505
G0 F15000 X105.205 Y136.94
G1 F7500 X113.791 Y145.526 E2509.04929
G0 F15000 X113.791 Y144.903
G1 F7500 X105.205 Y136.318 E2509.49351
G0 F15000 X105.205 Y135.695
G1 F7500 X113.791 Y144.281 E2509.93776
G0 F15000 X113.791 Y143.659
G1 F7500 X105.205 Y135.073 E2510.382
G0 F15000 X105.205 Y134.451
G1 F7500 X113.791 Y143.037 E2510.82625
G0 F15000 X113.791 Y142.414
G1 F7500 X105.205 Y133.829 E2511.27047
G0 F15000 X105.205 Y133.206
G1 F7500 X113.791 Y141.792 E2511.71471
G0 F15000 X113.791 Y141.17
G1 F7500 X105.205 Y132.584 E2512.15896
G0 F15000 X105.205 Y131.962
G1 F7500 X113.791 Y140.548 E2512.6032
G0 F15000 X113.791 Y139.925
G1 F7500 X105.205 Y131.34 E2513.04742
G0 F15000 X105.205 Y130.717
G1 F7500 X113.791 Y139.303 E2513.49167
G0 F15000 X113.791 Y138.681
G1 F7500 X105.205 Y130.095 E2513.93591
G0 F15000 X105.205 Y129.473
G1 F7500 X113.791 Y138.059 E2514.38016
G0 F15000 X113.791 Y137.436
G1 F7500 X105.205 Y128.851 E2514.82437
G0 F15000 X105.205 Y128.228
G1 F7500 X113.791 Y136.814 E2515.26862
G0 F15000 X113.791 Y136.192
G1 F7500 X105.205 Y127.606 E2515.71286
G0 F15000 X105.205 Y126.984
G1 F7500 X113.791 Y135.57 E2516.15711
G0 F15000 X113.791 Y134.947
G1 F7500 X105.205 Y126.362 E2516.60133
G0 F15000 X105.205 Y125.739
G1 F7500 X113.791 Y134.325 E2517.04557
G0 F15000 X113.791 Y133.703
G1 F7500 X105.205 Y125.117 E2517.48982
G0 F15000 X105.205 Y124.495
G1 F7500 X113.791 Y133.081 E2517.93406
G0 F15000 X113.791 Y132.458
G1 F7500 X105.205 Y123.873 E2518.37828
G0 F15000 X105.205 Y123.25
G1 F7500 X113.791 Y131.836 E2518.82253
G0 F15000 X113.791 Y131.214
G1 F7500 X105.205 Y122.628 E2519.26677
G0 F15000 X105.205 Y122.006
G1 F7500 X113.791 Y130.592 E2519.71102
G0 F15000 X113.791 Y129.969
G1 F7500 X105.205 Y121.384 E2520.15524
G0 F15000 X105.205 Y120.761
G1 F7500 X113.791 Y129.347 E2520.59948
G0 F15000 X113.791 Y128.725
G1 F7500 X105.205 Y120.139 E2521.04373
G0 F15000 X105.205 Y119.517
G1 F7500 X113.791 Y128.103 E2521.48797
G0 F15000 X113.791 Y127.48
G1 F7500 X105.205 Y118.895 E2521.93219
G0 F15000 X105.205 Y118.272
G1 F7500 X113.791 Y126.858 E2522.37644
G0 F15000 X113.846 Y126.291
G1 F7500 X105.205 Y117.65 E2522.82353
G0 F15000 X105.205 Y117.028
G1 F7500 X114.468 Y126.291 E2523.3028
G0 F15000 X115.09 Y126.291
G1 F7500 X105.205 Y116.406 E2523.81426
G0 F15000 X105.205 Y115.783
G1 F7500 X115.713 Y126.291 E2524.35795
G0 F15000 X116.335 Y126.291
G1 F7500 X105.205 Y115.161 E2524.93382
G0 F15000 X105.205 Y114.539
G1 F7500 X116.957 Y126.291 E2525.54188
G0 F15000 X117.579 Y126.291
G1 F7500 X105.205 Y113.917 E2526.18211
G0 F15000 X105.205 Y113.294
G1 F7500 X118.202 Y126.291 E2526.85459
G0 F15000 X118.863 Y126.33
G1 F7500 X105.205 Y112.672 E2527.56126
G0 F15000 X105.205 Y112.05
G1 F7500 X119.486 Y126.33 E2528.30014
G0 F15000 X120.108 Y126.33
G1 F7500 X105.205 Y111.428 E2529.07121
G0 F15000 X105.205 Y110.805
G1 F7500 X120.73 Y126.33 E2529.87448
G0 F15000 X121.352 Y126.33
G1 F7500 X105.205 Y110.183 E2530.70994
G0 F15000 X105.205 Y109.561
G1 F7500 X121.975 Y126.33 E2531.5776
G0 F15000 X122.597 Y126.33
G1 F7500 X105.205 Y108.938 E2532.47747
G0 F15000 X105.205 Y108.316
G1 F7500 X123.219 Y126.33 E2533.40953
G0 F15000 X123.841 Y126.33
G1 F7500 X105.205 Y107.694 E2534.37377
G0 F15000 X105.205 Y107.072
G1 F7500 X124.464 Y126.33 E2535.37022
G0 F15000 X125.086 Y126.33
G1 F7500 X105.205 Y106.449 E2536.39887
G0 F15000 X105.205 Y105.827
G1 F7500 X125.708 Y126.33 E2537.45971
G0 F15000 X126.33 Y126.33
G1 F7500 X105.205 Y105.205 E2538.55273
G0 F15000 X105.205 Y104.583
G1 F7500 X126.953 Y126.33 E2539.67796
G0 F15000 X127.575 Y126.33
G1 F7500 X105.205 Y103.96 E2540.8354
G0 F15000 X105.205 Y103.338
G1 F7500 X128.197 Y126.33 E2542.02502
G0 F15000 X128.82 Y126.33
G1 F7500 X105.205 Y102.716 E2543.24685
G0 F15000 X105.205 Y102.094
G1 F7500 X129.442 Y126.33 E2544.50086
G0 F15000 X130.064 Y126.33
G1 F7500 X105.205 Y101.471 E2545.78708
G0 F15000 X105.205 Y100.849
G1 F7500 X130.686 Y126.33 E2547.10548
G0 F15000 X131.309 Y126.33
G1 F7500 X105.205 Y100.227 E2548.45609
G0 F15000 X105.205 Y99.605
G1 F7500 X131.931 Y126.33 E2549.83889
G0 F15000 X132.553 Y126.33
G1 F7500 X105.205 Y98.982 E2551.25389
G0 F15000 X105.205 Y98.36
G1 F7500 X133.175 Y126.33 E2552.70107
G0 F15000 X133.798 Y126.33
G1 F7500 X105.205 Y97.738 E2554.18047
G0 F15000 X105.205 Y97.116
G1 F7500 X134.42 Y126.33 E2555.69205
G0 F15000 X135.042 Y126.33
G1 F7500 X105.205 Y96.493 E2557.23583
G0 F15000 X105.205 Y95.871
G1 F7500 X135.664 Y126.33 E2558.8118
G0 F15000 X136.287 Y126.33
G1 F7500 X105.205 Y95.249 E2560.41997
G0 F15000 X105.205 Y94.627
G1 F7500 X136.909 Y126.33 E2562.06033
G0 F15000 X137.531 Y126.33
G1 F7500 X105.205 Y94.004 E2563.7329
G0 F15000 X105.205 Y93.382
G1 F7500 X138.153 Y126.33 E2565.43765
G0 F15000 X138.776 Y126.33
G1 F7500 X105.205 Y92.76 E2567.17461
G0 F15000 X105.205 Y92.138
G1 F7500 X139.398 Y126.33 E2568.94375
G0 F15000 X140.02 Y126.33
G1 F7500 X105.205 Y91.515 E2570.7451
G0 F15000 X105.205 Y90.893
G1 F7500 X140.642 Y126.33 E2572.57863
G0 F15000 X141.265 Y126.33
G1 F7500 X105.205 Y90.271 E2574.44437
G0 F15000 X105.205 Y89.649
G1 F7500 X141.887 Y126.33 E2576.3423
G0 F15000 X142.509 Y126.33
G1 F7500 X105.205 Y89.026 E2578.27243
G0 F15000 X105.205 Y88.404
G1 F7500 X143.131 Y126.33 E2580.23475
G0 F15000 X143.754 Y126.33
G1 F7500 X105.205 Y87.782 E2582.22927
G0 F15000 X105.205 Y87.16
G1 F7500 X144.376 Y126.33 E2584.25598
G0 F15000 X144.507 Y126.462
G1 F7500 X145.294 Y127.248 E2584.29667
G0 F15000 X145.294 Y126.626
G1 F7500 X105.205 Y86.537 E2586.3709
G0 F15000 X105.205 Y85.915
G1 F7500 X145.294 Y126.004 E2588.44513
G0 F15000 X145.294 Y125.382
G1 F7500 X105.205 Y85.293 E2590.51936
G0 F15000 X105.205 Y84.671
G1 F7500 X145.294 Y124.759 E2592.59356
G0 F15000 X145.294 Y124.137
G1 F7500 X105.205 Y84.048 E2594.66779
G0 F15000 X105.205 Y83.426
G1 F7500 X145.294 Y123.515 E2596.74202
G0 F15000 X145.294 Y122.893
G1 F7500 X105.205 Y82.804 E2598.81625
G0 F15000 X105.205 Y82.182
G1 F7500 X145.294 Y122.27 E2600.89046
G0 F15000 X145.294 Y121.648
G1 F7500 X105.205 Y81.559 E2602.96469
G0 F15000 X105.205 Y80.937
G1 F7500 X145.294 Y121.026 E2605.03892
G0 F15000 X145.294 Y120.404
G1 F7500 X105.205 Y80.315 E2607.11315
G0 F15000 X105.205 Y79.693
G1 F7500 X106.911 Y81.398 E2607.20139
G0 F15000 X107.538 Y82.025
G1 F7500 X145.294 Y119.781 E2609.15491
G0 F15000 X145.294 Y119.159
G1 F7500 X108.748 Y82.613 E2611.04582
G0 F15000 X109.461 Y82.704
G1 F7500 X145.294 Y118.537 E2612.89985
G0 F15000 X145.294 Y117.915
G1 F7500 X110.022 Y82.643 E2614.72484
G0 F15000 X110.544 Y82.543
G1 F7500 X145.294 Y117.292 E2616.5228
G0 F15000 X145.294 Y116.67
G1 F7500 X110.955 Y82.331 E2618.29952
G0 F15000 X111.356 Y82.11
G1 F7500 X145.294 Y116.048 E2620.0555
G0 F15000 X145.294 Y115.425
G1 F7500 X111.687 Y81.819 E2621.79432
G0 F15000 X111.99 Y81.499
G1 F7500 X145.294 Y114.803 E2623.51749
G0 F15000 X145.294 Y114.181
G1 F7500 X112.248 Y81.135 E2625.22731
G0 F15000 X112.456 Y80.721
G1 F7500 X145.294 Y113.559 E2626.92637
G0 F15000 X145.294 Y112.936
G1 F7500 X112.608 Y80.251 E2628.61754
G0 F15000 X112.693 Y79.713
G1 F7500 X145.294 Y112.314 E2630.30433
G0 F15000 X145.294 Y111.692
G1 F7500 X112.647 Y79.046 E2631.99348
G0 F15000 X112.404 Y78.18
G1 F7500 X145.294 Y111.07 E2633.69523
G0 F15000 X145.294 Y110.447
G1 F7500 X111.552 Y76.706 E2635.44104
G0 F15000 X112.174 Y76.706
G1 F7500 X145.294 Y109.825 E2637.15466
G0 F15000 X145.294 Y109.203
G1 F7500 X112.796 Y76.706 E2638.8361
G0 F15000 X113.419 Y76.706
G1 F7500 X145.294 Y108.581 E2640.48534
G0 F15000 X145.294 Y107.958
G1 F7500 X114.041 Y76.706 E2642.10236
G0 F15000 X114.663 Y76.706
G1 F7500 X145.294 Y107.336 E2643.6872
G0 F15000 X145.294 Y106.714
G1 F7500 X115.285 Y76.706 E2645.23986
G0 F15000 X115.908 Y76.706
G1 F7500 X145.294 Y106.092 E2646.76031
G0 F15000 X145.294 Y105.469
G1 F7500 X116.53 Y76.706 E2648.24855
G0 F15000 X117.152 Y76.706
G1 F7500 X145.294 Y104.847 E2649.70461
G0 F15000 X145.294 Y104.225
G1 F7500 X117.774 Y76.706 E2651.12849
G0 F15000 X118.397 Y76.706
G1 F7500 X145.294 Y103.603 E2652.52015
G0 F15000 X145.294 Y102.98
G1 F7500 X119.019 Y76.706 E2653.87961
G0 F15000 X119.641 Y76.706
G1 F7500 X145.294 Y102.358 E2655.20689
G0 F15000 X145.294 Y101.736
G1 F7500 X120.264 Y76.706 E2656.50196
G0 F15000 X120.886 Y76.706
G1 F7500 X145.294 Y101.114 E2657.76484
G0 F15000 X145.294 Y100.491
G1 F7500 X121.508 Y76.706 E2658.99552
G0 F15000 X122.13 Y76.706
G1 F7500 X145.294 Y99.869 E2660.19401
G0 F15000 X145.294 Y99.247
G1 F7500 X122.753 Y76.706 E2661.3603
G0 F15000 X123.375 Y76.706
G1 F7500 X145.294 Y98.625 E2662.4944
G0 F15000 X145.294 Y98.002
G1 F7500 X123.997 Y76.706 E2663.5963
G0 F15000 X124.619 Y76.706
G1 F7500 X145.294 Y97.38 E2664.66601
G0 F15000 X145.294 Y96.758
G1 F7500 X125.242 Y76.706 E2665.70351
G0 F15000 X125.864 Y76.706
G1 F7500 X145.294 Y96.136 E2666.70883
G0 F15000 X145.294 Y95.513
G1 F7500 X126.486 Y76.706 E2667.68194
G0 F15000 X127.108 Y76.706
G1 F7500 X145.294 Y94.891 E2668.62287
G0 F15000 X145.294 Y94.269
G1 F7500 X127.731 Y76.706 E2669.53159
G0 F15000 X128.353 Y76.706
G1 F7500 X145.294 Y93.647 E2670.40813
G0 F15000 X145.294 Y93.024
G1 F7500 X128.975 Y76.706 E2671.25246
G0 F15000 X129.597 Y76.706
G1 F7500 X145.294 Y92.402 E2672.06461
G0 F15000 X145.294 Y91.78
G1 F7500 X130.22 Y76.706 E2672.84455
G0 F15000 X130.842 Y76.706
G1 F7500 X145.294 Y91.158 E2673.5923
G0 F15000 X145.294 Y90.535
G1 F7500 X131.464 Y76.706 E2674.30785
G0 F15000 X132.086 Y76.706
G1 F7500 X145.294 Y89.913 E2674.99121
G0 F15000 X145.294 Y89.291
G1 F7500 X132.709 Y76.706 E2675.64237
G0 F15000 X133.331 Y76.706
G1 F7500 X145.294 Y88.669 E2676.26134
G0 F15000 X145.294 Y88.046
G1 F7500 X133.953 Y76.706 E2676.84811
G0 F15000 X134.575 Y76.706
G1 F7500 X145.294 Y87.424 E2677.40269
G0 F15000 X145.294 Y86.802
G1 F7500 X135.198 Y76.706 E2677.92506
G0 F15000 X135.82 Y76.706
G1 F7500 X145.294 Y86.18 E2678.41525
G0 F15000 X145.294 Y85.557
G1 F7500 X136.442 Y76.706 E2678.87323
G0 F15000 X137.064 Y76.706
G1 F7500 X145.294 Y84.935 E2679.29903
G0 F15000 X145.294 Y84.313
G1 F7500 X137.687 Y76.706 E2679.69262
G0 F15000 X138.309 Y76.706
G1 F7500 X145.294 Y83.691 E2680.05403
G0 F15000 X145.294 Y83.068
G1 F7500 X138.931 Y76.706 E2680.38323
G0 F15000 X139.553 Y76.706
G1 F7500 X145.294 Y82.446 E2680.68025
G0 F15000 X145.294 Y81.824
G1 F7500 X140.176 Y76.706 E2680.94506
G0 F15000 X140.798 Y76.706
G1 F7500 X145.294 Y81.202 E2681.17768
G0 F15000 X145.294 Y80.579
G1 F7500 X141.42 Y76.706 E2681.3781
G0 F15000 X142.042 Y76.706
G1 F7500 X145.294 Y79.957 E2681.54634
G0 F15000 X145.294 Y79.335
G1 F7500 X142.665 Y76.706 E2681.68236
G0 F15000 X143.287 Y76.706
G1 F7500 X145.294 Y78.713 E2681.78621
G0 F15000 X145.294 Y78.09
G1 F7500 X143.909 Y76.706 E2681.85784
G0 F15000 X144.531 Y76.706
G1 F7500 X145.294 Y77.468 E2681.89729
G0 F15000 X145.294 Y76.846
G1 F7500 X145.154 Y76.706 E2681.90454
G1 F4800 E2671.90454
G0 F15000 X107.485 Y76.995
G1 F4800 E2681.90454
G1 F7500 X107.196 Y76.706 E2681.91949
G0 F15000 X107.184 Y77.316
G1 F7500 X106.574 Y76.706 E2681.95105
G0 F15000 X105.952 Y76.706
G1 F7500 X106.882 Y77.636 E2681.99917
G0 F15000 X106.667 Y78.044
G1 F7500 X105.329 Y76.706 E2682.0684
G0 F15000 X105.205 Y77.204
G1 F7500 X106.468 Y78.466 E2682.13372
G0 F15000 X106.352 Y78.973
G1 F7500 X105.205 Y77.826 E2682.19307
G0 F15000 X105.205 Y78.448
G1 F7500 X106.266 Y79.509 E2682.24796
G0 F15000 X106.403 Y80.268
G1 F7500 X105.205 Y79.07 E2682.30995
G1 F4800 E2672.30995
G0 F15000 X144.507 Y127.084
G1 F4800 E2682.30995
G1 F7500 X145.294 Y127.871 E2682.35067
G0 F15000 X145.294 Y128.493
G1 F7500 X144.507 Y127.707 E2682.39136
G0 F15000 X144.507 Y128.329
G1 F7500 X145.294 Y129.115 E2682.43206
G0 F15000 X145.294 Y129.737
G1 F7500 X144.507 Y128.951 E2682.47275
G0 F15000 X144.507 Y129.573
G1 F7500 X145.294 Y130.36 E2682.51347
G0 F15000 X145.294 Y130.982
G1 F7500 X144.507 Y130.196 E2682.55417
G0 F15000 X144.507 Y130.818
G1 F7500 X145.294 Y131.604 E2682.59486
G0 F15000 X145.294 Y132.226
G1 F7500 X144.507 Y131.44 E2682.63555
G0 F15000 X144.507 Y132.062
G1 F7500 X145.294 Y132.849 E2682.67627
G0 F15000 X145.294 Y133.471
G1 F7500 X144.507 Y132.685 E2682.71697
G0 F15000 X144.507 Y133.307
G1 F7500 X145.294 Y134.093 E2682.75766
G0 F15000 X145.294 Y134.715
G1 F7500 X144.507 Y133.929 E2682.79836
G0 F15000 X144.507 Y134.551
G1 F7500 X145.294 Y135.338 E2682.83908
G0 F15000 X145.294 Y135.96
G1 F7500 X144.507 Y135.174 E2682.87977
G0 F15000 X144.507 Y135.796
G1 F7500 X145.294 Y136.582 E2682.92046
G0 F15000 X145.294 Y137.204
G1 F7500 X144.507 Y136.418 E2682.96116
G0 F15000 X144.507 Y137.04
G1 F7500 X145.294 Y137.827 E2683.00188
G0 F15000 X145.294 Y138.449
G1 F7500 X144.507 Y137.663 E2683.04257
G0 F15000 X144.507 Y138.285
G1 F7500 X145.294 Y139.071 E2683.08327
G0 F15000 X145.294 Y139.693
G1 F7500 X144.507 Y138.907 E2683.12396
G0 F15000 X144.507 Y139.529
G1 F7500 X145.294 Y140.316 E2683.16468
G0 F15000 X145.294 Y140.938
G1 F7500 X144.507 Y140.152 E2683.20537
G0 F15000 X144.507 Y140.774
G1 F7500 X145.294 Y141.56 E2683.24607
G0 F15000 X145.294 Y142.182
G1 F7500 X144.507 Y141.395 E2683.28679
G0 F15000 X144.507 Y142.018
G1 F7500 X145.294 Y142.805 E2683.32751
G0 F15000 X145.294 Y143.427
G1 F7500 X144.507 Y142.64 E2683.36823
G0 F15000 X144.507 Y143.262
G1 F7500 X145.294 Y144.049 E2683.40895
G0 F15000 X145.294 Y144.671
G1 F7500 X144.507 Y143.884 E2683.44967
G0 F15000 X144.507 Y144.507
G1 F7500 X145.294 Y145.294 E2683.49039
G0 F15000 X145.294 Y145.916
G1 F7500 X144.507 Y145.129 E2683.53111
G0 F15000 X144.507 Y145.751
G1 F7500 X145.294 Y146.538 E2683.57183
G0 F15000 X145.294 Y147.16
G1 F7500 X144.507 Y146.373 E2683.61255
G0 F15000 X144.507 Y146.996
G1 F7500 X145.294 Y147.783 E2683.65327
G0 F15000 X145.294 Y148.405
G1 F7500 X144.507 Y147.618 E2683.69399
G0 F15000 X144.507 Y148.24
G1 F7500 X145.294 Y149.027 E2683.73471
G0 F15000 X145.294 Y149.649
G1 F7500 X144.507 Y148.862 E2683.77543
G0 F15000 X144.507 Y149.485
G1 F7500 X145.294 Y150.272 E2683.81615
G0 F15000 X145.294 Y150.894
G1 F7500 X144.507 Y150.107 E2683.85687
G0 F15000 X144.507 Y150.729
G1 F7500 X145.294 Y151.516 E2683.89759
G0 F15000 X145.294 Y152.138
G1 F7500 X144.507 Y151.351 E2683.9383
G0 F15000 X144.507 Y151.974
G1 F7500 X145.294 Y152.761 E2683.97902
G0 F15000 X145.294 Y153.383
G1 F7500 X144.507 Y152.596 E2684.01974
G0 F15000 X144.507 Y153.218
G1 F7500 X145.294 Y154.005 E2684.06046
G0 F15000 X145.294 Y154.627
G1 F7500 X144.507 Y153.84 E2684.10118
G0 F15000 X144.507 Y154.463
G1 F7500 X145.294 Y155.25 E2684.1419
G0 F15000 X145.294 Y155.872
G1 F7500 X144.507 Y155.085 E2684.18262
G0 F15000 X144.506 Y155.707
G1 F7500 X145.294 Y156.494 E2684.22337
G0 F15000 X145.294 Y157.117
G1 F7500 X144.506 Y156.329 E2684.26414
G0 F15000 X144.506 Y156.951
G1 F7500 X145.294 Y157.739 E2684.30491
G0 F15000 X145.294 Y158.361
G1 F7500 X144.506 Y157.573 E2684.34568
G0 F15000 X144.506 Y158.196
G1 F7500 X145.294 Y158.983 E2684.38643
G0 F15000 X145.294 Y159.606
G1 F7500 X144.506 Y158.818 E2684.4272
G0 F15000 X144.506 Y159.44
G1 F7500 X145.294 Y160.228 E2684.46797
G0 F15000 X145.294 Y160.85
G1 F7500 X144.506 Y160.062 E2684.50875
G0 F15000 X144.506 Y160.685
G1 F7500 X145.294 Y161.472 E2684.54949
G0 F15000 X145.294 Y162.095
G1 F7500 X144.506 Y161.307 E2684.59026
G0 F15000 X144.506 Y161.929
G1 F7500 X145.294 Y162.717 E2684.63103
G0 F15000 X145.294 Y163.339
G1 F7500 X144.506 Y162.551 E2684.67181
G0 F15000 X144.506 Y163.174
G1 F7500 X145.294 Y163.961 E2684.71255
G0 F15000 X145.294 Y164.584
G1 F7500 X144.506 Y163.796 E2684.75332
G0 F15000 X144.506 Y164.418
G1 F7500 X145.294 Y165.206 E2684.79409
G0 F15000 X145.294 Y165.828
G1 F7500 X144.506 Y165.04 E2684.83487
G0 F15000 X144.506 Y165.663
G1 F7500 X145.294 Y166.45 E2684.87561
G0 F15000 X145.294 Y167.073
G1 F7500 X144.506 Y166.285 E2684.91638
G0 F15000 X144.506 Y166.907
G1 F7500 X145.294 Y167.695 E2684.95716
G0 F15000 X145.294 Y168.317
G1 F7500 X144.506 Y167.529 E2684.99793
G0 F15000 X144.506 Y168.152
G1 F7500 X145.294 Y168.939 E2685.03867
G0 F15000 X145.294 Y169.562
G1 F7500 X144.506 Y168.774 E2685.07944
G0 F15000 X144.506 Y169.396
G1 F7500 X145.294 Y170.184 E2685.12022
G0 F15000 X145.086 Y170.599
G1 F7500 X145.294 Y170.806 E2685.13095
G1 F4800 E2675.13095
G0 F15000 X145.117 Y174.363
G1 F4800 E2685.13095
G1 F7500 X145.294 Y174.54 E2685.14011
G0 F15000 X144.815 Y174.683
G1 F7500 X145.294 Y175.162 E2685.16489
G0 F15000 X144.802 Y175.293
G1 F7500 X144.513 Y175.003 E2685.17987
G1 F4800 E2675.17987
G0 F15000 X140.446 Y175.293
G1 F4800 E2685.17987
G1 F7500 X139.256 Y174.102 E2685.24147
G0 F15000 X139.591 Y173.815
G1 F7500 X139.256 Y173.48 E2685.2588
G0 F15000 X139.256 Y174.724
G1 F7500 X139.824 Y175.293 E2685.28822
G1 F4800 E2675.28822
G0 F15000 X139.387 Y171.744
G1 F4800 E2685.28822
G1 F7500 X139.256 Y171.613 E2685.295
G0 F15000 X139.552 Y171.287
G1 F7500 X139.256 Y170.991 E2685.31031
G0 F15000 X139.752 Y170.865
G1 F7500 X139.256 Y170.368 E2685.336
G0 F15000 X139.256 Y169.746
G1 F7500 X139.998 Y170.489 E2685.37442
G0 F15000 X140.309 Y170.177
G1 F7500 X139.256 Y169.124 E2685.4289
G0 F15000 X139.256 Y168.502
G1 F7500 X140.641 Y169.887 E2685.50056
G0 F15000 X141.043 Y169.666
G1 F7500 X139.256 Y167.879 E2685.59302
G0 F15000 X139.256 Y167.257
G1 F7500 X141.093 Y169.095 E2685.6881
G0 F15000 X141.093 Y168.473
G1 F7500 X139.256 Y166.635 E2685.78317
G0 F15000 X139.256 Y166.013
G1 F7500 X141.093 Y167.85 E2685.87822
G0 F15000 X141.093 Y167.228
G1 F7500 X139.256 Y165.39 E2685.97329
G0 F15000 X139.256 Y164.768
G1 F7500 X141.093 Y166.606 E2686.06836
G0 F15000 X141.093 Y165.984
G1 F7500 X139.256 Y164.146 E2686.16344
G0 F15000 X139.256 Y163.524
G1 F7500 X141.093 Y165.361 E2686.25848
G0 F15000 X141.093 Y164.739
G1 F7500 X139.256 Y162.901 E2686.35356
G0 F15000 X139.256 Y162.279
G1 F7500 X141.093 Y164.117 E2686.44863
G0 F15000 X141.093 Y163.495
G1 F7500 X139.256 Y161.657 E2686.5437
G0 F15000 X139.256 Y161.035
G1 F7500 X141.093 Y162.872 E2686.63875
G0 F15000 X141.093 Y162.25
G1 F7500 X139.256 Y160.412 E2686.73383
G0 F15000 X139.256 Y159.79
G1 F7500 X141.093 Y161.628 E2686.8289
G0 F15000 X141.093 Y161.006
G1 F7500 X139.256 Y159.168 E2686.92397
G0 F15000 X139.256 Y158.546
G1 F7500 X141.093 Y160.383 E2687.01902
G0 F15000 X141.093 Y159.761
G1 F7500 X139.256 Y157.923 E2687.11409
G0 F15000 X139.256 Y157.301
G1 F7500 X141.093 Y159.139 E2687.20917
G0 F15000 X141.093 Y158.517
G1 F7500 X139.256 Y156.679 E2687.30424
G0 F15000 X139.256 Y156.057
G1 F7500 X141.093 Y157.894 E2687.39929
G0 F15000 X141.093 Y157.272
G1 F7500 X139.256 Y155.434 E2687.49436
G0 F15000 X139.256 Y154.812
G1 F7500 X141.093 Y156.65 E2687.58943
G0 F15000 X141.093 Y156.028
G1 F7500 X139.256 Y154.19 E2687.68451
G0 F15000 X139.256 Y153.568
G1 F7500 X141.093 Y155.405 E2687.77956
G0 F15000 X141.093 Y154.783
G1 F7500 X139.256 Y152.945 E2687.87463
G0 F15000 X139.256 Y152.323
G1 F7500 X141.093 Y154.161 E2687.9697
G0 F15000 X141.093 Y153.539
G1 F7500 X139.256 Y151.701 E2688.06478
G0 F15000 X139.256 Y151.079
G1 F7500 X141.093 Y152.916 E2688.15982
G0 F15000 X141.093 Y152.294
G1 F7500 X139.505 Y150.705 E2688.24201
G0 F15000 X140.127 Y150.705
G1 F7500 X141.093 Y151.672 E2688.29202
G0 F15000 X141.093 Y151.05
G1 F7500 X140.749 Y150.705 E2688.30984
G1 F4800 E2678.30984
G0 F15000 X113.791 Y172.283
G1 F4800 E2688.30984
G1 F7500 X112.065 Y170.557 E2688.39915
G0 F15000 X112.605 Y171.719
G1 F7500 X113.791 Y172.905 E2688.46051
G0 F15000 X113.791 Y173.527
G1 F7500 X112.713 Y172.449 E2688.51629
G0 F15000 X112.644 Y173.002
G1 F7500 X113.791 Y174.149 E2688.57564
G0 F15000 X113.791 Y174.772
G1 F7500 X112.538 Y173.519 E2688.64047
G0 F15000 X112.338 Y173.941
G1 F7500 X113.69 Y175.293 E2688.71042
G0 F15000 X113.067 Y175.293
G1 F7500 X112.126 Y174.352 E2688.75911
G0 F15000 X111.824 Y174.672
G1 F7500 X112.445 Y175.293 E2688.79124
G0 F15000 X111.823 Y175.293
G1 F7500 X111.522 Y174.992 E2688.80681
G1 F4800 E2678.80681
;MESH:NONMESH
G0 F300 X111.522 Y174.992 Z2
G0 F15000 X147.663 Y177.663
;TIME_ELAPSED:1938.707133
;LAYER:9
;TYPE:WALL-INNER
;MESH:Top Carcaza.stl
G1 F4800 E2688.80681
G1 X147.663 Y74.337 E2692.58711
G1 X104.34 Y74.34 E2694.17214
G1 X104.34 Y177.66 E2697.95222
G1 X147.663 Y177.663 E2699.53724
G0 F15000 X147.223 Y177.223
;TYPE:WALL-OUTER
G1 F3600 X147.223 Y74.777 E2703.28534
G1 X104.78 Y74.78 E2704.83817
G1 X104.78 Y177.22 E2708.58605
G1 X147.223 Y177.223 E2710.13888
G0 F15000 X147.84 Y177.84
;TYPE:WALL-INNER
G1 F4800 X147.663 Y177.84 E2710.14369
G1 X104.34 Y177.84 E2710.78817
G1 X104.16 Y177.84 E2710.79309
G1 X104.16 Y177.66 E2710.79801
G1 X104.16 Y74.34 E2712.34793
G1 X104.16 Y74.16 E2712.35285
G1 X104.34 Y74.16 E2712.35777
G1 X147.663 Y74.16 E2713.00225
G1 X147.84 Y74.16 E2713.00706
G1 X147.84 Y74.337 E2713.01188
G1 X147.84 Y177.663 E2714.53605
G1 X147.84 Y177.84 E2714.54087
G0 F15000 X148.28 Y178.28
;TYPE:WALL-OUTER
G1 F3600 X103.72 Y178.28 E2716.17114
G1 X103.72 Y73.72 E2719.99659
G1 X148.28 Y73.72 E2721.62687
G1 X148.28 Y178.28 E2725.45232
G1 F4800 E2715.45232
;MESH:NONMESH
G0 F300 X148.28 Y178.28 Z2.2
G0 F15000 X147.663 Y177.663
;TIME_ELAPSED:1958.546268
;LAYER:10
;TYPE:WALL-INNER
;MESH:Top Carcaza.stl
G1 F4800 E2725.45232
G1 X147.663 Y74.337 E2729.23262
G1 X104.34 Y74.34 E2730.81764
G1 X104.34 Y177.66 E2734.59772
G1 X147.663 Y177.663 E2736.18274
G0 F15000 X147.223 Y177.223
;TYPE:WALL-OUTER
G1 F3600 X147.223 Y74.777 E2739.93085
G1 X104.78 Y74.78 E2741.48367
G1 X104.78 Y177.22 E2745.23156
G1 X147.223 Y177.223 E2746.78438
G0 F15000 X147.84 Y177.84
;TYPE:WALL-INNER
G1 F4800 X147.663 Y177.84 E2746.7892
G1 X104.34 Y177.84 E2747.43368
G1 X104.16 Y177.84 E2747.4386
G1 X104.16 Y177.66 E2747.44352
G1 X104.16 Y74.34 E2748.99344
G1 X104.16 Y74.16 E2748.99836
G1 X104.34 Y74.16 E2749.00328
G1 X147.663 Y74.16 E2749.64776
G1 X147.84 Y74.16 E2749.65257
G1 X147.84 Y74.337 E2749.65738
G1 X147.84 Y177.663 E2751.18156
G1 X147.84 Y177.84 E2751.18637
G0 F15000 X148.28 Y178.28
;TYPE:WALL-OUTER
G1 F3600 X103.72 Y178.28 E2752.81665
G1 X103.72 Y73.72 E2756.6421
G1 X148.28 Y73.72 E2758.27238
G1 X148.28 Y178.28 E2762.09782
G1 F4800 E2752.09782
;MESH:NONMESH
G0 F300 X148.28 Y178.28 Z2.4
G0 F15000 X147.663 Y177.663
;TIME_ELAPSED:1978.385403
;LAYER:11
;TYPE:WALL-INNER
;MESH:Top Carcaza.stl
G1 F4800 E2762.09782
G1 X147.663 Y74.337 E2765.87812
G1 X104.34 Y74.34 E2767.46314
G1 X104.34 Y177.66 E2771.24323
G1 X147.663 Y177.663 E2772.82825
G0 F15000 X147.223 Y177.223
;TYPE:WALL-OUTER
G1 F3600 X147.223 Y74.777 E2776.57635
G1 X104.78 Y74.78 E2778.12918
G1 X104.78 Y177.22 E2781.87706
G1 X147.223 Y177.223 E2783.42989
G0 F15000 X147.84 Y177.84
;TYPE:WALL-INNER
G1 F4800 X147.663 Y177.84 E2783.4347
G1 X104.34 Y177.84 E2784.07918
G1 X104.16 Y177.84 E2784.0841
G1 X104.16 Y177.66 E2784.08902
G1 X104.16 Y74.34 E2785.63894
G1 X104.16 Y74.16 E2785.64386
G1 X104.34 Y74.16 E2785.64878
G1 X147.663 Y74.16 E2786.29326
G1 X147.84 Y74.16 E2786.29807
G1 X147.84 Y74.337 E2786.30289
G1 X147.84 Y177.663 E2787.82706
G1 X147.84 Y177.84 E2787.83187
G0 F15000 X148.28 Y178.28
;TYPE:WALL-OUTER
G1 F3600 X103.72 Y178.28 E2789.46215
G1 X103.72 Y73.72 E2793.2876
G1 X148.28 Y73.72 E2794.91788
G1 X148.28 Y178.28 E2798.74333
G1 F4800 E2788.74333
;MESH:NONMESH
G0 F300 X148.28 Y178.28 Z2.6
G0 F15000 X147.663 Y177.663
;TIME_ELAPSED:1998.224538
;LAYER:12
;TYPE:WALL-INNER
;MESH:Top Carcaza.stl
G1 F4800 E2798.74333
G1 X147.663 Y74.337 E2802.52363
G1 X104.34 Y74.34 E2804.10865
G1 X104.34 Y177.66 E2807.88873
G1 X147.663 Y177.663 E2809.47375
G0 F15000 X147.223 Y177.223
;TYPE:WALL-OUTER
G1 F3600 X147.223 Y74.777 E2813.22186
G1 X104.78 Y74.78 E2814.77468
G1 X104.78 Y177.22 E2818.52257
G1 X147.223 Y177.223 E2820.07539
G0 F15000 X147.84 Y177.84
;TYPE:WALL-INNER
G1 F4800 X147.663 Y177.84 E2820.08021
G1 X104.34 Y177.84 E2820.72469
G1 X104.16 Y177.84 E2820.72961
G1 X104.16 Y177.66 E2820.73453
G1 X104.16 Y74.34 E2822.28445
G1 X104.16 Y74.16 E2822.28937
G1 X104.34 Y74.16 E2822.29429
G1 X147.663 Y74.16 E2822.93877
G1 X147.84 Y74.16 E2822.94358
G1 X147.84 Y74.337 E2822.94839
G1 X147.84 Y177.663 E2824.47257
G1 X147.84 Y177.84 E2824.47738
G0 F15000 X148.28 Y178.28
;TYPE:WALL-OUTER
G1 F3600 X103.72 Y178.28 E2826.10766
G1 X103.72 Y73.72 E2829.93311
G1 X148.28 Y73.72 E2831.56338
G1 X148.28 Y178.28 E2835.38883
G1 F4800 E2825.38883
;MESH:NONMESH
G0 F300 X148.28 Y178.28 Z2.8
G0 F15000 X147.663 Y177.663
;TIME_ELAPSED:2018.063673
;LAYER:13
;TYPE:WALL-INNER
;MESH:Top Carcaza.stl
G1 F4800 E2835.38883
G1 X147.663 Y74.337 E2839.16913
G1 X104.34 Y74.34 E2840.75415
G1 X104.34 Y177.66 E2844.53424
G1 X147.663 Y177.663 E2846.11926
G0 F15000 X147.223 Y177.223
;TYPE:WALL-OUTER
G1 F3600 X147.223 Y74.777 E2849.86736
G1 X104.78 Y74.78 E2851.42019
G1 X104.78 Y177.22 E2855.16807
G1 X147.223 Y177.223 E2856.7209
G0 F15000 X147.84 Y177.84
;TYPE:WALL-INNER
G1 F4800 X147.663 Y177.84 E2856.72571
G1 X104.34 Y177.84 E2857.37019
G1 X104.16 Y177.84 E2857.37511
G1 X104.16 Y177.66 E2857.38003
G1 X104.16 Y74.34 E2858.92995
G1 X104.16 Y74.16 E2858.93487
G1 X104.34 Y74.16 E2858.93979
G1 X147.663 Y74.16 E2859.58427
G1 X147.84 Y74.16 E2859.58908
G1 X147.84 Y74.337 E2859.5939
G1 X147.84 Y177.663 E2861.11807
G1 X147.84 Y177.84 E2861.12288
G0 F15000 X148.28 Y178.28
;TYPE:WALL-OUTER
G1 F3600 X103.72 Y178.28 E2862.75316
G1 X103.72 Y73.72 E2866.57861
G1 X148.28 Y73.72 E2868.20889
G1 X148.28 Y178.28 E2872.03434
G1 F4800 E2862.03434
;MESH:NONMESH
G0 F300 X148.28 Y178.28 Z3
G0 F15000 X147.663 Y177.663
;TIME_ELAPSED:2037.902808
;LAYER:14
;TYPE:WALL-INNER
;MESH:Top Carcaza.stl
G1 F4800 E2872.03434
G1 X147.663 Y74.337 E2875.81464
G1 X104.34 Y74.34 E2877.39966
G1 X104.34 Y177.66 E2881.17974
G1 X147.663 Y177.663 E2882.76476
G0 F15000 X147.223 Y177.223
;TYPE:WALL-OUTER
G1 F3600 X147.223 Y74.777 E2886.51287
G1 X104.78 Y74.78 E2888.06569
G1 X104.78 Y177.22 E2891.81358
G1 X147.223 Y177.223 E2893.3664
G0 F15000 X147.84 Y177.84
;TYPE:WALL-INNER
G1 F4800 X147.663 Y177.84 E2893.37122
G1 X104.34 Y177.84 E2894.01569
G1 X104.16 Y177.84 E2894.02062
G1 X104.16 Y177.66 E2894.02554
G1 X104.16 Y74.34 E2895.57545
G1 X104.16 Y74.16 E2895.58038
G1 X104.34 Y74.16 E2895.5853
G1 X147.663 Y74.16 E2896.22977
G1 X147.84 Y74.16 E2896.23459
G1 X147.84 Y74.337 E2896.2394
G1 X147.84 Y177.663 E2897.76358
G1 X147.84 Y177.84 E2897.76839
G0 F15000 X148.28 Y178.28
;TYPE:WALL-OUTER
G1 F3600 X103.72 Y178.28 E2899.39867
G1 X103.72 Y73.72 E2903.22411
G1 X148.28 Y73.72 E2904.85439
G1 X148.28 Y178.28 E2908.67984
G1 F4800 E2898.67984
;MESH:NONMESH
G0 F300 X148.28 Y178.28 Z3.2
G0 F15000 X147.663 Y177.663
;TIME_ELAPSED:2057.741943
;LAYER:15
;TYPE:WALL-INNER
;MESH:Top Carcaza.stl
G1 F4800 E2908.67984
G1 X147.663 Y74.337 E2912.46014
G1 X104.34 Y74.34 E2914.04516
G1 X104.34 Y177.66 E2917.82524
G1 X147.663 Y177.663 E2919.41027
G0 F15000 X147.223 Y177.223
;TYPE:WALL-OUTER
G1 F3600 X147.223 Y74.777 E2923.15837
G1 X104.78 Y74.78 E2924.7112
G1 X104.78 Y177.22 E2928.45908
G1 X147.223 Y177.223 E2930.01191
G0 F15000 X147.84 Y177.84
;TYPE:WALL-INNER
G1 F4800 X147.663 Y177.84 E2930.01672
G1 X104.34 Y177.84 E2930.6612
G1 X104.16 Y177.84 E2930.66612
G1 X104.16 Y177.66 E2930.67104
G1 X104.16 Y74.34 E2932.22096
G1 X104.16 Y74.16 E2932.22588
G1 X104.34 Y74.16 E2932.2308
G1 X147.663 Y74.16 E2932.87528
G1 X147.84 Y74.16 E2932.88009
G1 X147.84 Y74.337 E2932.8849
G1 X147.84 Y177.663 E2934.40908
G1 X147.84 Y177.84 E2934.41389
G0 F15000 X148.28 Y178.28
;TYPE:WALL-OUTER
G1 F3600 X103.72 Y178.28 E2936.04417
G1 X103.72 Y73.72 E2939.86962
G1 X148.28 Y73.72 E2941.4999
G1 X148.28 Y178.28 E2945.32535
G1 F4800 E2935.32535
;MESH:NONMESH
G0 F300 X148.28 Y178.28 Z3.4
G0 F15000 X147.663 Y177.663
;TIME_ELAPSED:2077.581078
;LAYER:16
;TYPE:WALL-INNER
;MESH:Top Carcaza.stl
G1 F4800 E2945.32535
G1 X147.663 Y74.337 E2949.10565
G1 X104.34 Y74.34 E2950.69067
G1 X104.34 Y177.66 E2954.47075
G1 X147.663 Y177.663 E2956.05577
G0 F15000 X147.223 Y177.223
;TYPE:WALL-OUTER
G1 F3600 X147.223 Y74.777 E2959.80388
G1 X104.78 Y74.78 E2961.3567
G1 X104.78 Y177.22 E2965.10459
G1 X147.223 Y177.223 E2966.65741
G0 F15000 X147.84 Y177.84
;TYPE:WALL-INNER
G1 F4800 X147.663 Y177.84 E2966.66222
G1 X104.34 Y177.84 E2967.3067
G1 X104.16 Y177.84 E2967.31162
G1 X104.16 Y177.66 E2967.31654
G1 X104.16 Y74.34 E2968.86646
G1 X104.16 Y74.16 E2968.87138
G1 X104.34 Y74.16 E2968.8763
G1 X147.663 Y74.16 E2969.52078
G1 X147.84 Y74.16 E2969.5256
G1 X147.84 Y74.337 E2969.53041
G1 X147.84 Y177.663 E2971.05458
G1 X147.84 Y177.84 E2971.0594
G0 F15000 X148.28 Y178.28
;TYPE:WALL-OUTER
G1 F3600 X103.72 Y178.28 E2972.68968
G1 X103.72 Y73.72 E2976.51512
G1 X148.28 Y73.72 E2978.1454
G1 X148.28 Y178.28 E2981.97085
G1 F4800 E2971.97085
;MESH:NONMESH
G0 F300 X148.28 Y178.28 Z3.6
G0 F15000 X147.663 Y177.663
;TIME_ELAPSED:2097.420213
;LAYER:17
;TYPE:WALL-INNER
;MESH:Top Carcaza.stl
G1 F4800 E2981.97085
G1 X147.663 Y74.337 E2985.75115
G1 X104.34 Y74.34 E2987.33617
G1 X104.34 Y177.66 E2991.11625
G1 X147.663 Y177.663 E2992.70128
G0 F15000 X147.223 Y177.223
;TYPE:WALL-OUTER
G1 F3600 X147.223 Y74.777 E2996.44938
G1 X104.78 Y74.78 E2998.00221
G1 X104.78 Y177.22 E3001.75009
G1 X147.223 Y177.223 E3003.30292
G0 F15000 X147.84 Y177.84
;TYPE:WALL-INNER
G1 F4800 X147.663 Y177.84 E3003.30773
G1 X104.34 Y177.84 E3003.95221
G1 X104.16 Y177.84 E3003.95713
G1 X104.16 Y177.66 E3003.96205
G1 X104.16 Y74.34 E3005.51197
G1 X104.16 Y74.16 E3005.51689
G1 X104.34 Y74.16 E3005.52181
G1 X147.663 Y74.16 E3006.16629
G1 X147.84 Y74.16 E3006.1711
G1 X147.84 Y74.337 E3006.17591
G1 X147.84 Y177.663 E3007.70009
G1 X147.84 Y177.84 E3007.7049
G0 F15000 X148.28 Y178.28
;TYPE:WALL-OUTER
G1 F3600 X103.72 Y178.28 E3009.33518
G1 X103.72 Y73.72 E3013.16063
G1 X148.28 Y73.72 E3014.79091
G1 X148.28 Y178.28 E3018.61636
G1 F4800 E3008.61636
;MESH:NONMESH
G0 F300 X148.28 Y178.28 Z3.8
G0 F15000 X147.663 Y177.663
;TIME_ELAPSED:2117.259348
;LAYER:18
;TYPE:WALL-INNER
;MESH:Top Carcaza.stl
G1 F4800 E3018.61636
G1 X147.663 Y74.337 E3022.39666
G1 X104.34 Y74.34 E3023.98168
G1 X104.34 Y177.66 E3027.76176
G1 X147.663 Y177.663 E3029.34678
G0 F15000 X147.223 Y177.223
;TYPE:WALL-OUTER
G1 F3600 X147.223 Y74.777 E3033.09488
G1 X104.78 Y74.78 E3034.64771
G1 X104.78 Y177.22 E3038.3956
G1 X147.223 Y177.223 E3039.94842
G0 F15000 X147.84 Y177.84
;TYPE:WALL-INNER
G1 F4800 X147.663 Y177.84 E3039.95323
G1 X104.34 Y177.84 E3040.59771
G1 X104.16 Y177.84 E3040.60263
G1 X104.16 Y177.66 E3040.60755
G1 X104.16 Y74.34 E3042.15747
G1 X104.16 Y74.16 E3042.16239
G1 X104.34 Y74.16 E3042.16731
G1 X147.663 Y74.16 E3042.81179
G1 X147.84 Y74.16 E3042.81661
G1 X147.84 Y74.337 E3042.82142
G1 X147.84 Y177.663 E3044.34559
G1 X147.84 Y177.84 E3044.35041
G0 F15000 X148.28 Y178.28
;TYPE:WALL-OUTER
G1 F3600 X103.72 Y178.28 E3045.98069
G1 X103.72 Y73.72 E3049.80613
G1 X148.28 Y73.72 E3051.43641
G1 X148.28 Y178.28 E3055.26186
G1 F4800 E3045.26186
;MESH:NONMESH
G0 F300 X148.28 Y178.28 Z4
G0 F15000 X147.663 Y177.663
;TIME_ELAPSED:2137.098483
;LAYER:19
;TYPE:WALL-INNER
;MESH:Top Carcaza.stl
G1 F4800 E3055.26186
G1 X147.663 Y74.337 E3059.04216
G1 X104.34 Y74.34 E3060.62718
G1 X104.34 Y177.66 E3064.40726
G1 X147.663 Y177.663 E3065.99228
G0 F15000 X147.223 Y177.223
;TYPE:WALL-OUTER
G1 F3600 X147.223 Y74.777 E3069.74039
G1 X104.78 Y74.78 E3071.29321
G1 X104.78 Y177.22 E3075.0411
G1 X147.223 Y177.223 E3076.59393
G0 F15000 X147.84 Y177.84
;TYPE:WALL-INNER
G1 F4800 X147.663 Y177.84 E3076.59874
G1 X104.34 Y177.84 E3077.24322
G1 X104.16 Y177.84 E3077.24814
G1 X104.16 Y177.66 E3077.25306
G1 X104.16 Y74.34 E3078.80298
G1 X104.16 Y74.16 E3078.8079
G1 X104.34 Y74.16 E3078.81282
G1 X147.663 Y74.16 E3079.4573
G1 X147.84 Y74.16 E3079.46211
G1 X147.84 Y74.337 E3079.46692
G1 X147.84 Y177.663 E3080.9911
G1 X147.84 Y177.84 E3080.99591
G0 F15000 X148.28 Y178.28
;TYPE:WALL-OUTER
G1 F3600 X103.72 Y178.28 E3082.62619
G1 X103.72 Y73.72 E3086.45164
G1 X148.28 Y73.72 E3088.08192
G1 X148.28 Y178.28 E3091.90736
G1 F4800 E3081.90736
;MESH:NONMESH
G0 F300 X148.28 Y178.28 Z4.2
G0 F15000 X147.663 Y177.663
;TIME_ELAPSED:2156.937618
;LAYER:20
;TYPE:WALL-INNER
;MESH:Top Carcaza.stl
G1 F4800 E3091.90736
G1 X147.663 Y74.337 E3095.68766
G1 X109.201 Y74.338 E3097.09484
G1 X104.34 Y74.34 E3097.27269
G1 X104.338 Y169.236 E3100.74457
G1 X104.34 Y177.66 E3101.05277
G1 X147.663 Y177.663 E3102.63779
G0 F15000 X147.223 Y177.223
;TYPE:WALL-OUTER
G1 F3600 X147.223 Y74.777 E3106.38589
G1 X109.201 Y74.778 E3107.77697
G1 X104.78 Y74.78 E3107.93872
G1 X104.778 Y169.236 E3111.3945
G1 X104.78 Y177.22 E3111.6866
G1 X147.223 Y177.223 E3113.23943
G0 F15000 X147.84 Y177.84
;TYPE:WALL-INNER
G1 F4800 X147.663 Y177.84 E3113.24424
G1 X104.34 Y177.84 E3113.88872
G1 X104.16 Y177.84 E3113.89364
G1 X104.16 Y177.66 E3113.89856
G1 X104.16 Y169.236 E3114.02423
G1 X104.16 Y74.34 E3115.43987
G1 X104.16 Y74.16 E3115.44479
G1 X104.34 Y74.16 E3115.44971
G1 X109.201 Y74.16 E3115.52223
G1 X147.663 Y74.16 E3116.09119
G1 X147.84 Y74.16 E3116.096
G1 X147.84 Y74.337 E3116.10081
G1 X147.84 Y177.663 E3117.62499
G1 X147.84 Y177.84 E3117.6298
G0 F15000 X148.28 Y178.28
;TYPE:WALL-OUTER
G1 F3600 X103.72 Y178.28 E3119.26008
G1 X103.72 Y73.72 E3123.08553
G1 X148.28 Y73.72 E3124.71581
G1 X148.28 Y178.28 E3128.54126
G1 F4800 E3118.54126
;MESH:NONMESH
G0 F300 X148.28 Y178.28 Z4.4
G0 F15000 X147.663 Y177.663
;TIME_ELAPSED:2176.776736
;LAYER:21
;TYPE:WALL-INNER
;MESH:Top Carcaza.stl
G1 F4800 E3128.54126
G1 X147.663 Y74.337 E3132.32156
G1 X109.401 Y74.338 E3133.72142
G1 X104.34 Y74.34 E3133.90658
G1 X104.338 Y168.866 E3137.36492
G1 X104.34 Y177.66 E3137.68666
G1 X147.663 Y177.663 E3139.27168
G0 F15000 X147.223 Y177.223
;TYPE:WALL-OUTER
G1 F3600 X147.223 Y74.777 E3143.01978
G1 X109.401 Y74.778 E3144.40355
G1 X104.78 Y74.78 E3144.57261
G1 X104.778 Y168.866 E3148.01486
G1 X104.78 Y177.22 E3148.3205
G1 X147.223 Y177.223 E3149.87332
G0 F15000 X147.84 Y177.84
;TYPE:WALL-INNER
G1 F4800 X147.663 Y177.84 E3149.87813
G1 X104.34 Y177.84 E3150.52261
G1 X104.16 Y177.84 E3150.52753
G1 X104.16 Y177.66 E3150.53245
G1 X104.16 Y168.866 E3150.66364
G1 X104.16 Y74.34 E3152.07376
G1 X104.16 Y74.16 E3152.07868
G1 X104.34 Y74.16 E3152.0836
G1 X109.401 Y74.16 E3152.1591
G1 X147.663 Y74.16 E3152.72511
G1 X147.84 Y74.16 E3152.72992
G1 X147.84 Y74.337 E3152.73473
G1 X147.84 Y177.663 E3154.25891
G1 X147.84 Y177.84 E3154.26372
G0 F15000 X148.28 Y178.28
;TYPE:WALL-OUTER
G1 F3600 X103.72 Y178.28 E3155.894
G1 X103.72 Y73.72 E3159.71945
G1 X148.28 Y73.72 E3161.34972
G1 X148.28 Y178.28 E3165.17517
G1 F4800 E3155.17517
;MESH:NONMESH
G0 F300 X148.28 Y178.28 Z4.6
G0 F15000 X147.663 Y177.663
;TIME_ELAPSED:2196.615855
;LAYER:22
;TYPE:WALL-INNER
;MESH:Top Carcaza.stl
G1 F4800 E3165.17517
G1 X147.663 Y74.337 E3168.95547
G1 X104.339 Y74.339 E3170.54053
G1 X104.339 Y177.661 E3174.32068
G1 X147.663 Y177.663 E3175.90574
G0 F15000 X147.223 Y177.223
;TYPE:WALL-OUTER
G1 F3600 X147.223 Y74.777 E3179.65385
G1 X104.779 Y74.779 E3181.20671
G1 X104.779 Y177.221 E3184.95467
G1 X147.223 Y177.223 E3186.50753
G0 F15000 X147.84 Y177.84
;TYPE:WALL-INNER
G1 F4800 X147.663 Y177.84 E3186.51234
G1 X104.339 Y177.84 E3187.15503
G1 X104.16 Y177.84 E3187.15992
G1 X104.16 Y177.661 E3187.1648
G1 X104.16 Y74.339 E3188.70614
G1 X104.16 Y74.16 E3188.71103
G1 X104.339 Y74.16 E3188.71591
G1 X147.663 Y74.16 E3189.3586
G1 X147.84 Y74.16 E3189.36341
G1 X147.84 Y74.337 E3189.36823
G1 X147.84 Y177.663 E3190.8924
G1 X147.84 Y177.84 E3190.89722
G0 F15000 X148.28 Y178.28
;TYPE:WALL-OUTER
G1 F3600 X103.72 Y178.28 E3192.52749
G1 X103.72 Y73.72 E3196.35294
G1 X148.28 Y73.72 E3197.98322
G1 X148.28 Y178.28 E3201.80867
G1 F4800 E3191.80867
;MESH:NONMESH
G0 F300 X148.28 Y178.28 Z4.8
G0 F15000 X147.663 Y177.663
;TIME_ELAPSED:2216.455107
;LAYER:23
;TYPE:WALL-INNER
;MESH:Top Carcaza.stl
G1 F4800 E3201.80867
G1 X147.663 Y74.337 E3205.58897
G1 X104.339 Y74.339 E3207.17403
G1 X104.339 Y177.661 E3210.95418
G1 X147.663 Y177.663 E3212.53924
G0 F15000 X147.223 Y177.223
;TYPE:WALL-OUTER
G1 F3600 X147.223 Y74.777 E3216.28734
G1 X104.779 Y74.779 E3217.84021
G1 X104.779 Y177.221 E3221.58816
G1 X147.223 Y177.223 E3223.14103
G0 F15000 X147.84 Y177.84
;TYPE:WALL-INNER
G1 F4800 X147.663 Y177.84 E3223.14584
G1 X104.339 Y177.84 E3223.78853
G1 X104.16 Y177.84 E3223.79341
G1 X104.16 Y177.661 E3223.7983
G1 X104.16 Y74.339 E3225.33964
G1 X104.16 Y74.16 E3225.34452
G1 X104.339 Y74.16 E3225.34941
G1 X147.663 Y74.16 E3225.9921
G1 X147.84 Y74.16 E3225.99691
G1 X147.84 Y74.337 E3226.00172
G1 X147.84 Y177.663 E3227.5259
G1 X147.84 Y177.84 E3227.53071
G0 F15000 X148.28 Y178.28
;TYPE:WALL-OUTER
G1 F3600 X103.72 Y178.28 E3229.16099
G1 X103.72 Y73.72 E3232.98644
G1 X148.28 Y73.72 E3234.61672
G1 X148.28 Y178.28 E3238.44216
G1 F4800 E3228.44216
;MESH:NONMESH
G0 F300 X148.28 Y178.28 Z5
G0 F15000 X147.663 Y177.663
;TIME_ELAPSED:2236.294360
;LAYER:24
;TYPE:WALL-INNER
;MESH:Top Carcaza.stl
G1 F4800 E3238.44216
G1 X147.663 Y74.337 E3242.22247
G1 X104.339 Y74.339 E3243.80752
G1 X104.339 Y177.661 E3247.58768
G1 X147.663 Y177.663 E3249.17274
G0 F15000 X147.223 Y177.223
;TYPE:WALL-OUTER
G1 F3600 X147.223 Y74.777 E3252.92084
G1 X104.779 Y74.779 E3254.4737
G1 X104.779 Y177.221 E3258.22166
G1 X147.223 Y177.223 E3259.77452
G0 F15000 X147.84 Y177.84
;TYPE:WALL-INNER
G1 F4800 X147.663 Y177.84 E3259.77934
G1 X104.339 Y177.84 E3260.42202
G1 X104.16 Y177.84 E3260.42691
G1 X104.16 Y177.661 E3260.4318
G1 X104.16 Y74.339 E3261.97313
G1 X104.16 Y74.16 E3261.97802
G1 X104.339 Y74.16 E3261.98291
G1 X147.663 Y74.16 E3262.62559
G1 X147.84 Y74.16 E3262.63041
G1 X147.84 Y74.337 E3262.63522
G1 X147.84 Y177.663 E3264.1594
G1 X147.84 Y177.84 E3264.16421
G0 F15000 X148.28 Y178.28
;TYPE:WALL-OUTER
G1 F3600 X103.72 Y178.28 E3265.79449
G1 X103.72 Y73.72 E3269.61993
G1 X148.28 Y73.72 E3271.25021
G1 X148.28 Y178.28 E3275.07566
G1 F4800 E3265.07566
;MESH:NONMESH
G0 F300 X148.28 Y178.28 Z5.2
G0 F15000 X147.663 Y177.663
;TIME_ELAPSED:2256.133612
;LAYER:25
;TYPE:WALL-INNER
;MESH:Top Carcaza.stl
G1 F4800 E3275.07566
G1 X147.663 Y74.337 E3278.85596
G1 X104.339 Y74.339 E3280.44102
G1 X104.339 Y177.661 E3284.22117
G1 X147.663 Y177.663 E3285.80623
G0 F15000 X147.223 Y177.223
;TYPE:WALL-OUTER
G1 F3600 X147.223 Y74.777 E3289.55434
G1 X104.779 Y74.779 E3291.1072
G1 X104.779 Y177.221 E3294.85516
G1 X147.223 Y177.223 E3296.40802
G0 F15000 X147.84 Y177.84
;TYPE:WALL-INNER
G1 F4800 X147.663 Y177.84 E3296.41283
G1 X104.339 Y177.84 E3297.05552
G1 X104.16 Y177.84 E3297.06041
G1 X104.16 Y177.661 E3297.06529
G1 X104.16 Y74.339 E3298.60663
G1 X104.16 Y74.16 E3298.61152
G1 X104.339 Y74.16 E3298.6164
G1 X147.663 Y74.16 E3299.25909
G1 X147.84 Y74.16 E3299.2639
G1 X147.84 Y74.337 E3299.26872
G1 X147.84 Y177.663 E3300.79289
G1 X147.84 Y177.84 E3300.7977
G0 F15000 X148.28 Y178.28
;TYPE:WALL-OUTER
G1 F3600 X103.72 Y178.28 E3302.42798
G1 X103.72 Y73.72 E3306.25343
G1 X148.28 Y73.72 E3307.88371
G1 X148.28 Y178.28 E3311.70916
G1 F4800 E3301.70916
;MESH:NONMESH
G0 F300 X148.28 Y178.28 Z5.4
G0 F15000 X147.663 Y177.663
;TIME_ELAPSED:2275.972865
;LAYER:26
;TYPE:WALL-INNER
;MESH:Top Carcaza.stl
G1 F4800 E3311.70916
G1 X147.663 Y74.337 E3315.48946
G1 X104.339 Y74.339 E3317.07452
G1 X104.339 Y177.661 E3320.85467
G1 X147.663 Y177.663 E3322.43973
G0 F15000 X147.223 Y177.223
;TYPE:WALL-OUTER
G1 F3600 X147.223 Y74.777 E3326.18783
G1 X104.779 Y74.779 E3327.7407
G1 X104.779 Y177.221 E3331.48865
G1 X147.223 Y177.223 E3333.04152
G0 F15000 X147.84 Y177.84
;TYPE:WALL-INNER
G1 F4800 X147.663 Y177.84 E3333.04633
G1 X104.339 Y177.84 E3333.68902
G1 X104.16 Y177.84 E3333.6939
G1 X104.16 Y177.661 E3333.69879
G1 X104.16 Y74.339 E3335.24013
G1 X104.16 Y74.16 E3335.24501
G1 X104.339 Y74.16 E3335.2499
G1 X147.663 Y74.16 E3335.89259
G1 X147.84 Y74.16 E3335.8974
G1 X147.84 Y74.337 E3335.90221
G1 X147.84 Y177.663 E3337.42639
G1 X147.84 Y177.84 E3337.4312
G0 F15000 X148.28 Y178.28
;TYPE:WALL-OUTER
G1 F3600 X103.72 Y178.28 E3339.06148
G1 X103.72 Y73.72 E3342.88693
G1 X148.28 Y73.72 E3344.51721
G1 X148.28 Y178.28 E3348.34265
G1 F4800 E3338.34265
;MESH:NONMESH
G0 F300 X148.28 Y178.28 Z5.6
G0 F15000 X147.663 Y177.663
;TIME_ELAPSED:2295.812117
;LAYER:27
;TYPE:WALL-INNER
;MESH:Top Carcaza.stl
G1 F4800 E3348.34265
G1 X147.663 Y74.337 E3352.12295
G1 X104.339 Y74.339 E3353.70801
G1 X104.339 Y177.661 E3357.48817
G1 X147.663 Y177.663 E3359.07323
G0 F15000 X147.223 Y177.223
;TYPE:WALL-OUTER
G1 F3600 X147.223 Y74.777 E3362.82133
G1 X104.779 Y74.779 E3364.37419
G1 X104.779 Y177.221 E3368.12215
G1 X147.223 Y177.223 E3369.67501
G0 F15000 X147.84 Y177.84
;TYPE:WALL-INNER
G1 F4800 X147.663 Y177.84 E3369.67983
G1 X104.339 Y177.84 E3370.32251
G1 X104.16 Y177.84 E3370.3274
G1 X104.16 Y177.661 E3370.33229
G1 X104.16 Y74.339 E3371.87362
G1 X104.16 Y74.16 E3371.87851
G1 X104.339 Y74.16 E3371.8834
G1 X147.663 Y74.16 E3372.52608
G1 X147.84 Y74.16 E3372.5309
G1 X147.84 Y74.337 E3372.53571
G1 X147.84 Y177.663 E3374.05989
G1 X147.84 Y177.84 E3374.0647
G0 F15000 X148.28 Y178.28
;TYPE:WALL-OUTER
G1 F3600 X103.72 Y178.28 E3375.69498
G1 X103.72 Y73.72 E3379.52042
G1 X148.28 Y73.72 E3381.1507
G1 X148.28 Y178.28 E3384.97615
G1 F4800 E3374.97615
;MESH:NONMESH
G0 F300 X148.28 Y178.28 Z5.8
G0 F15000 X147.663 Y177.663
;TIME_ELAPSED:2315.651370
;LAYER:28
;TYPE:WALL-INNER
;MESH:Top Carcaza.stl
G1 F4800 E3384.97615
G1 X147.663 Y74.337 E3388.75645
G1 X104.339 Y74.339 E3390.34151
G1 X104.339 Y177.661 E3394.12166
G1 X147.663 Y177.663 E3395.70672
G0 F15000 X147.223 Y177.223
;TYPE:WALL-OUTER
G1 F3600 X147.223 Y74.777 E3399.45483
G1 X104.779 Y74.779 E3401.00769
G1 X104.779 Y177.221 E3404.75565
G1 X147.223 Y177.223 E3406.30851
G0 F15000 X147.84 Y177.84
;TYPE:WALL-INNER
G1 F4800 X147.663 Y177.84 E3406.31332
G1 X104.339 Y177.84 E3406.95601
G1 X104.16 Y177.84 E3406.9609
G1 X104.16 Y177.661 E3406.96578
G1 X104.16 Y74.339 E3408.50712
G1 X104.16 Y74.16 E3408.51201
G1 X104.339 Y74.16 E3408.51689
G1 X147.663 Y74.16 E3409.15958
G1 X147.84 Y74.16 E3409.16439
G1 X147.84 Y74.337 E3409.16921
G1 X147.84 Y177.663 E3410.69338
G1 X147.84 Y177.84 E3410.69819
G0 F15000 X148.28 Y178.28
;TYPE:WALL-OUTER
G1 F3600 X103.72 Y178.28 E3412.32847
G1 X103.72 Y73.72 E3416.15392
G1 X148.28 Y73.72 E3417.7842
G1 X148.28 Y178.28 E3421.60965
G1 F4800 E3411.60965
;MESH:NONMESH
G0 F300 X148.28 Y178.28 Z6
G0 F15000 X147.663 Y177.663
;TIME_ELAPSED:2335.490622
;LAYER:29
;TYPE:WALL-INNER
;MESH:Top Carcaza.stl
G1 F4800 E3421.60965
G1 X147.663 Y74.337 E3425.38995
G1 X104.339 Y74.339 E3426.97501
G1 X104.339 Y177.661 E3430.75516
G1 X147.663 Y177.663 E3432.34022
G0 F15000 X147.223 Y177.223
;TYPE:WALL-OUTER
G1 F3600 X147.223 Y74.777 E3436.08832
G1 X104.779 Y74.779 E3437.64119
G1 X104.779 Y177.221 E3441.38914
G1 X147.223 Y177.223 E3442.94201
G0 F15000 X147.84 Y177.84
;TYPE:WALL-INNER
G1 F4800 X147.663 Y177.84 E3442.94682
G1 X104.339 Y177.84 E3443.58951
G1 X104.16 Y177.84 E3443.59439
G1 X104.16 Y177.661 E3443.59928
G1 X104.16 Y74.339 E3445.14062
G1 X104.16 Y74.16 E3445.1455
G1 X104.339 Y74.16 E3445.15039
G1 X147.663 Y74.16 E3445.79308
G1 X147.84 Y74.16 E3445.79789
G1 X147.84 Y74.337 E3445.8027
G1 X147.84 Y177.663 E3447.32688
G1 X147.84 Y177.84 E3447.33169
G0 F15000 X148.28 Y178.28
;TYPE:WALL-OUTER
G1 F3600 X103.72 Y178.28 E3448.96197
G1 X103.72 Y73.72 E3452.78742
G1 X148.28 Y73.72 E3454.4177
G1 X148.28 Y178.28 E3458.24314
G1 F4800 E3448.24314
;MESH:NONMESH
G0 F300 X148.28 Y178.28 Z6.2
G0 F15000 X147.663 Y177.663
;TIME_ELAPSED:2355.329875
;LAYER:30
;TYPE:WALL-INNER
;MESH:Top Carcaza.stl
G1 F4800 E3458.24314
G1 X147.663 Y74.337 E3462.02344
G1 X104.339 Y74.339 E3463.6085
G1 X104.339 Y177.661 E3467.38866
G1 X147.663 Y177.663 E3468.97372
G0 F15000 X147.223 Y177.223
;TYPE:WALL-OUTER
G1 F3600 X147.223 Y74.777 E3472.72182
G1 X104.779 Y74.779 E3474.27468
G1 X104.779 Y177.221 E3478.02264
G1 X147.223 Y177.223 E3479.5755
G0 F15000 X147.84 Y177.84
;TYPE:WALL-INNER
G1 F4800 X147.663 Y177.84 E3479.58032
G1 X104.339 Y177.84 E3480.223
G1 X104.16 Y177.84 E3480.22789
G1 X104.16 Y177.661 E3480.23278
G1 X104.16 Y74.339 E3481.77411
G1 X104.16 Y74.16 E3481.779
G1 X104.339 Y74.16 E3481.78389
G1 X147.663 Y74.16 E3482.42657
G1 X147.84 Y74.16 E3482.43139
G1 X147.84 Y74.337 E3482.4362
G1 X147.84 Y177.663 E3483.96038
G1 X147.84 Y177.84 E3483.96519
G0 F15000 X148.28 Y178.28
;TYPE:WALL-OUTER
G1 F3600 X103.72 Y178.28 E3485.59547
G1 X103.72 Y73.72 E3489.42091
G1 X148.28 Y73.72 E3491.05119
G1 X148.28 Y178.28 E3494.87664
G1 F4800 E3484.87664
;MESH:NONMESH
G0 F300 X148.28 Y178.28 Z6.4
G0 F15000 X147.663 Y177.663
;TIME_ELAPSED:2375.169127
;LAYER:31
;TYPE:WALL-INNER
;MESH:Top Carcaza.stl
G1 F4800 E3494.87664
G1 X147.663 Y74.337 E3498.65694
G1 X104.339 Y74.339 E3500.242
G1 X104.339 Y177.661 E3504.02215
G1 X147.663 Y177.663 E3505.60721
G0 F15000 X147.223 Y177.223
;TYPE:WALL-OUTER
G1 F3600 X147.223 Y74.777 E3509.35532
G1 X104.779 Y74.779 E3510.90818
G1 X104.779 Y177.221 E3514.65614
G1 X147.223 Y177.223 E3516.209
G0 F15000 X147.84 Y177.84
;TYPE:WALL-INNER
G1 F4800 X147.663 Y177.84 E3516.21381
G1 X104.339 Y177.84 E3516.8565
G1 X104.16 Y177.84 E3516.86139
G1 X104.16 Y177.661 E3516.86627
G1 X104.16 Y74.339 E3518.40761
G1 X104.16 Y74.16 E3518.4125
G1 X104.339 Y74.16 E3518.41738
G1 X147.663 Y74.16 E3519.06007
G1 X147.84 Y74.16 E3519.06488
G1 X147.84 Y74.337 E3519.0697
G1 X147.84 Y177.663 E3520.59387
G1 X147.84 Y177.84 E3520.59868
G0 F15000 X148.28 Y178.28
;TYPE:WALL-OUTER
G1 F3600 X103.72 Y178.28 E3522.22896
G1 X103.72 Y73.72 E3526.05441
G1 X148.28 Y73.72 E3527.68469
G1 X148.28 Y178.28 E3531.51014
G1 F4800 E3521.51014
;MESH:NONMESH
G0 F300 X148.28 Y178.28 Z6.6
G0 F15000 X147.663 Y177.663
;TIME_ELAPSED:2395.008380
;LAYER:32
;TYPE:WALL-INNER
;MESH:Top Carcaza.stl
G1 F4800 E3531.51014
G1 X147.663 Y74.337 E3535.29044
G1 X104.339 Y74.339 E3536.8755
G1 X104.339 Y177.661 E3540.65565
G1 X147.663 Y177.663 E3542.24071
G0 F15000 X147.223 Y177.223
;TYPE:WALL-OUTER
G1 F3600 X147.223 Y74.777 E3545.98881
G1 X104.779 Y74.779 E3547.54168
G1 X104.779 Y177.221 E3551.28963
G1 X147.223 Y177.223 E3552.8425
G0 F15000 X147.84 Y177.84
;TYPE:WALL-INNER
G1 F4800 X147.663 Y177.84 E3552.84731
G1 X104.339 Y177.84 E3553.49
G1 X104.16 Y177.84 E3553.49488
G1 X104.16 Y177.661 E3553.49977
G1 X104.16 Y74.339 E3555.04111
G1 X104.16 Y74.16 E3555.04599
G1 X104.339 Y74.16 E3555.05088
G1 X147.663 Y74.16 E3555.69357
G1 X147.84 Y74.16 E3555.69838
G1 X147.84 Y74.337 E3555.70319
G1 X147.84 Y177.663 E3557.22737
G1 X147.84 Y177.84 E3557.23218
G0 F15000 X148.28 Y178.28
;TYPE:WALL-OUTER
G1 F3600 X103.72 Y178.28 E3558.86246
G1 X103.72 Y73.72 E3562.68791
G1 X148.28 Y73.72 E3564.31819
G1 X148.28 Y178.28 E3568.14363
G1 F4800 E3558.14363
;MESH:NONMESH
G0 F300 X148.28 Y178.28 Z6.8
G0 F15000 X147.663 Y177.663
;TIME_ELAPSED:2414.847632
;LAYER:33
;TYPE:WALL-INNER
;MESH:Top Carcaza.stl
G1 F4800 E3568.14363
G1 X147.663 Y74.337 E3571.92393
G1 X104.339 Y74.339 E3573.50899
G1 X104.339 Y177.661 E3577.28915
G1 X147.663 Y177.663 E3578.8742
G0 F15000 X147.223 Y177.223
;TYPE:WALL-OUTER
G1 F3600 X147.223 Y74.777 E3582.62231
G1 X104.779 Y74.779 E3584.17517
G1 X104.779 Y177.221 E3587.92313
G1 X147.223 Y177.223 E3589.47599
G0 F15000 X147.84 Y177.84
;TYPE:WALL-INNER
G1 F4800 X147.663 Y177.84 E3589.48081
G1 X104.339 Y177.84 E3590.12349
G1 X104.16 Y177.84 E3590.12838
G1 X104.16 Y177.661 E3590.13327
G1 X104.16 Y74.339 E3591.6746
G1 X104.16 Y74.16 E3591.67949
G1 X104.339 Y74.16 E3591.68438
G1 X147.663 Y74.16 E3592.32706
G1 X147.84 Y74.16 E3592.33188
G1 X147.84 Y74.337 E3592.33669
G1 X147.84 Y177.663 E3593.86086
G1 X147.84 Y177.84 E3593.86568
G0 F15000 X148.28 Y178.28
;TYPE:WALL-OUTER
G1 F3600 X103.72 Y178.28 E3595.49596
G1 X103.72 Y73.72 E3599.3214
G1 X148.28 Y73.72 E3600.95168
G1 X148.28 Y178.28 E3604.77713
G1 F4800 E3594.77713
;MESH:NONMESH
G0 F300 X148.28 Y178.28 Z7
G0 F15000 X147.663 Y177.663
;TIME_ELAPSED:2434.686885
;LAYER:34
;TYPE:WALL-INNER
;MESH:Top Carcaza.stl
G1 F4800 E3604.77713
G1 X147.663 Y74.337 E3608.55743
G1 X104.339 Y74.339 E3610.14249
G1 X104.339 Y177.661 E3613.92264
G1 X147.663 Y177.663 E3615.5077
G0 F15000 X147.223 Y177.223
;TYPE:WALL-OUTER
G1 F3600 X147.223 Y74.777 E3619.25581
G1 X104.779 Y74.779 E3620.80867
G1 X104.779 Y177.221 E3624.55663
G1 X147.223 Y177.223 E3626.10949
G0 F15000 X147.84 Y177.84
;TYPE:WALL-INNER
G1 F4800 X147.663 Y177.84 E3626.1143
G1 X104.339 Y177.84 E3626.75699
G1 X104.16 Y177.84 E3626.76188
G1 X104.16 Y177.661 E3626.76676
G1 X104.16 Y74.339 E3628.3081
G1 X104.16 Y74.16 E3628.31299
G1 X104.339 Y74.16 E3628.31787
G1 X147.663 Y74.16 E3628.96056
G1 X147.84 Y74.16 E3628.96537
G1 X147.84 Y74.337 E3628.97019
G1 X147.84 Y177.663 E3630.49436
G1 X147.84 Y177.84 E3630.49917
G0 F15000 X148.28 Y178.28
;TYPE:WALL-OUTER
G1 F3600 X103.72 Y178.28 E3632.12945
G1 X103.72 Y73.72 E3635.9549
G1 X148.28 Y73.72 E3637.58518
G1 X148.28 Y178.28 E3641.41063
G1 F4800 E3631.41063
;MESH:NONMESH
G0 F300 X148.28 Y178.28 Z7.2
G0 F15000 X147.663 Y177.663
;TIME_ELAPSED:2454.526137
;LAYER:35
;TYPE:WALL-INNER
;MESH:Top Carcaza.stl
G1 F4800 E3641.41063
G1 X147.663 Y74.337 E3645.19093
G1 X104.339 Y74.339 E3646.77599
G1 X104.339 Y177.661 E3650.55614
G1 X147.663 Y177.663 E3652.1412
G0 F15000 X147.223 Y177.223
;TYPE:WALL-OUTER
G1 F3600 X147.223 Y74.777 E3655.8893
G1 X104.779 Y74.779 E3657.44217
G1 X104.779 Y177.221 E3661.19012
G1 X147.223 Y177.223 E3662.74299
G0 F15000 X147.84 Y177.84
;TYPE:WALL-INNER
G1 F4800 X147.663 Y177.84 E3662.7478
G1 X104.339 Y177.84 E3663.39049
G1 X104.16 Y177.84 E3663.39537
G1 X104.16 Y177.661 E3663.40026
G1 X104.16 Y74.339 E3664.9416
G1 X104.16 Y74.16 E3664.94648
G1 X104.339 Y74.16 E3664.95137
G1 X147.663 Y74.16 E3665.59406
G1 X147.84 Y74.16 E3665.59887
G1 X147.84 Y74.337 E3665.60368
G1 X147.84 Y177.663 E3667.12786
G1 X147.84 Y177.84 E3667.13267
G0 F15000 X148.28 Y178.28
;TYPE:WALL-OUTER
G1 F3600 X103.72 Y178.28 E3668.76295
G1 X103.72 Y73.72 E3672.5884
G1 X148.28 Y73.72 E3674.21868
G1 X148.28 Y178.28 E3678.04412
G1 F4800 E3668.04412
;MESH:NONMESH
G0 F300 X148.28 Y178.28 Z7.4
G0 F15000 X147.663 Y177.663
;TIME_ELAPSED:2474.365390
;LAYER:36
;TYPE:WALL-INNER
;MESH:Top Carcaza.stl
G1 F4800 E3678.04412
G1 X147.663 Y74.337 E3681.82442
G1 X104.339 Y74.339 E3683.40948
G1 X104.339 Y177.661 E3687.18964
G1 X147.663 Y177.663 E3688.77469
G0 F15000 X147.223 Y177.223
;TYPE:WALL-OUTER
G1 F3600 X147.223 Y74.777 E3692.5228
G1 X104.779 Y74.779 E3694.07566
G1 X104.779 Y177.221 E3697.82362
G1 X147.223 Y177.223 E3699.37648
G0 F15000 X147.84 Y177.84
;TYPE:WALL-INNER
G1 F4800 X147.663 Y177.84 E3699.3813
G1 X104.339 Y177.84 E3700.02398
G1 X104.16 Y177.84 E3700.02887
G1 X104.16 Y177.661 E3700.03376
G1 X104.16 Y74.339 E3701.57509
G1 X104.16 Y74.16 E3701.57998
G1 X104.339 Y74.16 E3701.58486
G1 X147.663 Y74.16 E3702.22755
G1 X147.84 Y74.16 E3702.23237
G1 X147.84 Y74.337 E3702.23718
G1 X147.84 Y177.663 E3703.76135
G1 X147.84 Y177.84 E3703.76617
G0 F15000 X148.28 Y178.28
;TYPE:WALL-OUTER
G1 F3600 X103.72 Y178.28 E3705.39645
G1 X103.72 Y73.72 E3709.22189
G1 X148.28 Y73.72 E3710.85217
G1 X148.28 Y178.28 E3714.67762
G1 F4800 E3704.67762
;MESH:NONMESH
G0 F300 X148.28 Y178.28 Z7.6
G0 F15000 X147.663 Y177.663
;TIME_ELAPSED:2494.204642
;LAYER:37
;TYPE:WALL-INNER
;MESH:Top Carcaza.stl
G1 F4800 E3714.67762
G1 X147.663 Y74.337 E3718.45792
G1 X104.339 Y74.339 E3720.04298
G1 X104.339 Y177.661 E3723.82313
G1 X147.663 Y177.663 E3725.40819
G0 F15000 X147.223 Y177.223
;TYPE:WALL-OUTER
G1 F3600 X147.223 Y74.777 E3729.1563
G1 X104.779 Y74.779 E3730.70916
G1 X104.779 Y177.221 E3734.45712
G1 X147.223 Y177.223 E3736.00998
G0 F15000 X147.84 Y177.84
;TYPE:WALL-INNER
G1 F4800 X147.663 Y177.84 E3736.01479
G1 X104.339 Y177.84 E3736.65748
G1 X104.16 Y177.84 E3736.66237
G1 X104.16 Y177.661 E3736.66725
G1 X104.16 Y74.339 E3738.20859
G1 X104.16 Y74.16 E3738.21348
G1 X104.339 Y74.16 E3738.21836
G1 X147.663 Y74.16 E3738.86105
G1 X147.84 Y74.16 E3738.86586
G1 X147.84 Y74.337 E3738.87068
G1 X147.84 Y177.663 E3740.39485
G1 X147.84 Y177.84 E3740.39966
G0 F15000 X148.28 Y178.28
;TYPE:WALL-OUTER
G1 F3600 X103.72 Y178.28 E3742.02994
G1 X103.72 Y73.72 E3745.85539
G1 X148.28 Y73.72 E3747.48567
G1 X148.28 Y178.28 E3751.31112
G1 F4800 E3741.31112
;MESH:NONMESH
G0 F300 X148.28 Y178.28 Z7.8
G0 F15000 X147.663 Y177.663
;TIME_ELAPSED:2514.043895
;LAYER:38
;TYPE:WALL-INNER
;MESH:Top Carcaza.stl
G1 F4800 E3751.31112
G1 X147.663 Y74.337 E3755.09142
G1 X104.339 Y74.339 E3756.67648
G1 X104.339 Y177.661 E3760.45663
G1 X147.663 Y177.663 E3762.04169
G0 F15000 X147.223 Y177.223
;TYPE:WALL-OUTER
G1 F3600 X147.223 Y74.777 E3765.78979
G1 X104.779 Y74.779 E3767.34265
G1 X104.779 Y177.221 E3771.09061
G1 X147.223 Y177.223 E3772.64348
G0 F15000 X147.84 Y177.84
;TYPE:WALL-INNER
G1 F4800 X147.663 Y177.84 E3772.64829
G1 X104.339 Y177.84 E3773.29098
G1 X104.16 Y177.84 E3773.29586
G1 X104.16 Y177.661 E3773.30075
G1 X104.16 Y74.339 E3774.84209
G1 X104.16 Y74.16 E3774.84697
G1 X104.339 Y74.16 E3774.85186
G1 X147.663 Y74.16 E3775.49455
G1 X147.84 Y74.16 E3775.49936
G1 X147.84 Y74.337 E3775.50417
G1 X147.84 Y177.663 E3777.02835
G1 X147.84 Y177.84 E3777.03316
G0 F15000 X148.28 Y178.28
;TYPE:WALL-OUTER
G1 F3600 X103.72 Y178.28 E3778.66344
G1 X103.72 Y73.72 E3782.48889
G1 X148.28 Y73.72 E3784.11917
G1 X148.28 Y178.28 E3787.94461
G1 F4800 E3777.94461
;MESH:NONMESH
G0 F300 X148.28 Y178.28 Z8
G0 F15000 X147.663 Y177.663
;TIME_ELAPSED:2533.883147
;LAYER:39
;TYPE:WALL-INNER
;MESH:Top Carcaza.stl
G1 F4800 E3787.94461
G1 X147.663 Y74.337 E3791.72491
G1 X104.339 Y74.339 E3793.30997
G1 X104.339 Y177.661 E3797.09013
G1 X147.663 Y177.663 E3798.67518
G0 F15000 X147.223 Y177.223
;TYPE:WALL-OUTER
G1 F3600 X147.223 Y74.777 E3802.42329
G1 X104.779 Y74.779 E3803.97615
G1 X104.779 Y177.221 E3807.72411
G1 X147.223 Y177.223 E3809.27697
G0 F15000 X147.84 Y177.84
;TYPE:WALL-INNER
G1 F4800 X147.663 Y177.84 E3809.28178
G1 X104.339 Y177.84 E3809.92447
G1 X104.16 Y177.84 E3809.92936
G1 X104.16 Y177.661 E3809.93424
G1 X104.16 Y74.339 E3811.47558
G1 X104.16 Y74.16 E3811.48047
G1 X104.339 Y74.16 E3811.48535
G1 X147.663 Y74.16 E3812.12804
G1 X147.84 Y74.16 E3812.13286
G1 X147.84 Y74.337 E3812.13767
G1 X147.84 Y177.663 E3813.66184
G1 X147.84 Y177.84 E3813.66666
G0 F15000 X148.28 Y178.28
;TYPE:WALL-OUTER
G1 F3600 X103.72 Y178.28 E3815.29694
G1 X103.72 Y73.72 E3819.12238
G1 X148.28 Y73.72 E3820.75266
G1 X148.28 Y178.28 E3824.57811
G1 F4800 E3814.57811
;MESH:NONMESH
G0 F300 X148.28 Y178.28 Z8.2
G0 F15000 X147.663 Y177.663
;TIME_ELAPSED:2553.722400
;LAYER:40
;TYPE:WALL-INNER
;MESH:Top Carcaza.stl
G1 F4800 E3824.57811
G1 X147.663 Y74.337 E3828.35841
G1 X104.339 Y74.339 E3829.94347
G1 X104.339 Y177.661 E3833.72362
G1 X147.663 Y177.663 E3835.30868
G0 F15000 X147.223 Y177.223
;TYPE:WALL-OUTER
G1 F3600 X147.223 Y74.777 E3839.05679
G1 X104.779 Y74.779 E3840.60965
G1 X104.779 Y177.221 E3844.35761
G1 X147.223 Y177.223 E3845.91047
G0 F15000 X147.84 Y177.84
;TYPE:WALL-INNER
G1 F4800 X147.663 Y177.84 E3845.91528
G1 X104.339 Y177.84 E3846.55797
G1 X104.16 Y177.84 E3846.56286
G1 X104.16 Y177.661 E3846.56774
G1 X104.16 Y74.339 E3848.10908
G1 X104.16 Y74.16 E3848.11397
G1 X104.339 Y74.16 E3848.11885
G1 X147.663 Y74.16 E3848.76154
G1 X147.84 Y74.16 E3848.76635
G1 X147.84 Y74.337 E3848.77117
G1 X147.84 Y177.663 E3850.29534
G1 X147.84 Y177.84 E3850.30015
G0 F15000 X148.28 Y178.28
;TYPE:WALL-OUTER
G1 F3600 X103.72 Y178.28 E3851.93043
G1 X103.72 Y73.72 E3855.75588
G1 X148.28 Y73.72 E3857.38616
G1 X148.28 Y178.28 E3861.21161
G1 F4800 E3851.21161
;MESH:NONMESH
G0 F300 X148.28 Y178.28 Z8.4
G0 F15000 X147.663 Y177.663
;TIME_ELAPSED:2573.561652
;LAYER:41
;TYPE:WALL-INNER
;MESH:Top Carcaza.stl
G1 F4800 E3861.21161
G1 X147.663 Y74.337 E3864.99191
G1 X104.339 Y74.339 E3866.57697
G1 X104.339 Y177.661 E3870.35712
G1 X147.663 Y177.663 E3871.94218
G0 F15000 X147.223 Y177.223
;TYPE:WALL-OUTER
G1 F3600 X147.223 Y74.777 E3875.69028
G1 X104.779 Y74.779 E3877.24314
G1 X104.779 Y177.221 E3880.9911
G1 X147.223 Y177.223 E3882.54397
G0 F15000 X147.84 Y177.84
;TYPE:WALL-INNER
G1 F4800 X147.663 Y177.84 E3882.54878
G1 X104.339 Y177.84 E3883.19147
G1 X104.16 Y177.84 E3883.19635
G1 X104.16 Y177.661 E3883.20124
G1 X104.16 Y74.339 E3884.74258
G1 X104.16 Y74.16 E3884.74746
G1 X104.339 Y74.16 E3884.75235
G1 X147.663 Y74.16 E3885.39504
G1 X147.84 Y74.16 E3885.39985
G1 X147.84 Y74.337 E3885.40466
G1 X147.84 Y177.663 E3886.92884
G1 X147.84 Y177.84 E3886.93365
G0 F15000 X148.28 Y178.28
;TYPE:WALL-OUTER
G1 F3600 X103.72 Y178.28 E3888.56393
G1 X103.72 Y73.72 E3892.38938
G1 X148.28 Y73.72 E3894.01966
G1 X148.28 Y178.28 E3897.8451
G1 F4800 E3887.8451
;MESH:NONMESH
G0 F300 X148.28 Y178.28 Z8.6
G0 F15000 X147.663 Y177.663
;TIME_ELAPSED:2593.400905
;LAYER:42
;TYPE:WALL-INNER
;MESH:Top Carcaza.stl
G1 F4800 E3897.8451
G1 X147.663 Y74.337 E3901.6254
G1 X104.339 Y74.339 E3903.21046
G1 X104.339 Y177.661 E3906.99062
G1 X147.663 Y177.663 E3908.57567
G0 F15000 X147.223 Y177.223
;TYPE:WALL-OUTER
G1 F3600 X147.223 Y74.777 E3912.32378
G1 X104.779 Y74.779 E3913.87664
G1 X104.779 Y177.221 E3917.6246
G1 X147.223 Y177.223 E3919.17746
G0 F15000 X147.84 Y177.84
;TYPE:WALL-INNER
G1 F4800 X147.663 Y177.84 E3919.18227
G1 X104.339 Y177.84 E3919.82496
G1 X104.16 Y177.84 E3919.82985
G1 X104.16 Y177.661 E3919.83473
G1 X104.16 Y74.339 E3921.37607
G1 X104.16 Y74.16 E3921.38096
G1 X104.339 Y74.16 E3921.38584
G1 X147.663 Y74.16 E3922.02853
G1 X147.84 Y74.16 E3922.03335
G1 X147.84 Y74.337 E3922.03816
G1 X147.84 Y177.663 E3923.56233
G1 X147.84 Y177.84 E3923.56715
G0 F15000 X148.28 Y178.28
;TYPE:WALL-OUTER
G1 F3600 X103.72 Y178.28 E3925.19743
G1 X103.72 Y73.72 E3929.02287
G1 X148.28 Y73.72 E3930.65315
G1 X148.28 Y178.28 E3934.4786
G1 F4800 E3924.4786
;MESH:NONMESH
G0 F300 X148.28 Y178.28 Z8.8
G0 F15000 X147.663 Y177.663
;TIME_ELAPSED:2613.240157
;LAYER:43
;TYPE:WALL-INNER
;MESH:Top Carcaza.stl
G1 F4800 E3934.4786
G1 X147.663 Y74.337 E3938.2589
G1 X104.339 Y74.339 E3939.84396
G1 X104.339 Y177.661 E3943.62411
G1 X147.663 Y177.663 E3945.20917
G0 F15000 X147.223 Y177.223
;TYPE:WALL-OUTER
G1 F3600 X147.223 Y74.777 E3948.95728
G1 X104.779 Y74.779 E3950.51014
G1 X104.779 Y177.221 E3954.2581
G1 X147.223 Y177.223 E3955.81096
G0 F15000 X147.84 Y177.84
;TYPE:WALL-INNER
G1 F4800 X147.663 Y177.84 E3955.81577
G1 X104.339 Y177.84 E3956.45846
G1 X104.16 Y177.84 E3956.46335
G1 X104.16 Y177.661 E3956.46823
G1 X104.16 Y74.339 E3958.00957
G1 X104.16 Y74.16 E3958.01446
G1 X104.339 Y74.16 E3958.01934
G1 X147.663 Y74.16 E3958.66203
G1 X147.84 Y74.16 E3958.66684
G1 X147.84 Y74.337 E3958.67165
G1 X147.84 Y177.663 E3960.19583
G1 X147.84 Y177.84 E3960.20064
G0 F15000 X148.28 Y178.28
;TYPE:WALL-OUTER
G1 F3600 X103.72 Y178.28 E3961.83092
G1 X103.72 Y73.72 E3965.65637
G1 X148.28 Y73.72 E3967.28665
G1 X148.28 Y178.28 E3971.1121
G1 F4800 E3961.1121
;MESH:NONMESH
G0 F300 X148.28 Y178.28 Z9
G0 F15000 X147.663 Y177.663
;TIME_ELAPSED:2633.079410
;LAYER:44
;TYPE:WALL-INNER
;MESH:Top Carcaza.stl
G1 F4800 E3971.1121
G1 X147.663 Y74.337 E3974.8924
G1 X104.339 Y74.339 E3976.47745
G1 X104.339 Y177.661 E3980.25761
G1 X147.663 Y177.663 E3981.84267
G0 F15000 X147.223 Y177.223
;TYPE:WALL-OUTER
G1 F3600 X147.223 Y74.777 E3985.59077
G1 X104.779 Y74.779 E3987.14363
G1 X104.779 Y177.221 E3990.89159
G1 X147.223 Y177.223 E3992.44445
G0 F15000 X147.84 Y177.84
;TYPE:WALL-INNER
G1 F4800 X147.663 Y177.84 E3992.44927
G1 X104.339 Y177.84 E3993.09196
G1 X104.16 Y177.84 E3993.09684
G1 X104.16 Y177.661 E3993.10173
G1 X104.16 Y74.339 E3994.64307
G1 X104.16 Y74.16 E3994.64795
G1 X104.339 Y74.16 E3994.65284
G1 X147.663 Y74.16 E3995.29553
G1 X147.84 Y74.16 E3995.30034
G1 X147.84 Y74.337 E3995.30515
G1 X147.84 Y177.663 E3996.82933
G1 X147.84 Y177.84 E3996.83414
G0 F15000 X148.28 Y178.28
;TYPE:WALL-OUTER
G1 F3600 X103.72 Y178.28 E3998.46442
G1 X103.72 Y73.72 E4002.28987
G1 X148.28 Y73.72 E4003.92015
G1 X148.28 Y178.28 E4007.74559
G1 F4800 E3997.74559
;MESH:NONMESH
G0 F300 X148.28 Y178.28 Z9.2
G0 F15000 X147.663 Y177.663
;TIME_ELAPSED:2652.918662
;LAYER:45
;TYPE:WALL-INNER
;MESH:Top Carcaza.stl
G1 F4800 E4007.74559
G1 X147.663 Y74.337 E4011.52589
G1 X104.339 Y74.339 E4013.11095
G1 X104.339 Y177.661 E4016.89111
G1 X147.663 Y177.663 E4018.47616
G0 F15000 X147.223 Y177.223
;TYPE:WALL-OUTER
G1 F3600 X147.223 Y74.777 E4022.22427
G1 X104.779 Y74.779 E4023.77713
G1 X104.779 Y177.221 E4027.52509
G1 X147.223 Y177.223 E4029.07795
G0 F15000 X147.84 Y177.84
;TYPE:WALL-INNER
G1 F4800 X147.663 Y177.84 E4029.08276
G1 X104.339 Y177.84 E4029.72545
G1 X104.16 Y177.84 E4029.73034
G1 X104.16 Y177.661 E4029.73522
G1 X104.16 Y74.339 E4031.27656
G1 X104.16 Y74.16 E4031.28145
G1 X104.339 Y74.16 E4031.28633
G1 X147.663 Y74.16 E4031.92902
G1 X147.84 Y74.16 E4031.93384
G1 X147.84 Y74.337 E4031.93865
G1 X147.84 Y177.663 E4033.46282
G1 X147.84 Y177.84 E4033.46764
G0 F15000 X148.28 Y178.28
;TYPE:WALL-OUTER
G1 F3600 X103.72 Y178.28 E4035.09792
G1 X103.72 Y73.72 E4038.92336
G1 X148.28 Y73.72 E4040.55364
G1 X148.28 Y178.28 E4044.37909
G1 F4800 E4034.37909
;MESH:NONMESH
G0 F300 X148.28 Y178.28 Z9.4
G0 F15000 X147.663 Y177.663
;TIME_ELAPSED:2672.757915
;LAYER:46
;TYPE:WALL-INNER
;MESH:Top Carcaza.stl
G1 F4800 E4044.37909
G1 X147.663 Y74.337 E4048.15939
G1 X104.339 Y74.339 E4049.74445
G1 X104.339 Y177.661 E4053.5246
G1 X147.663 Y177.663 E4055.10966
G0 F15000 X147.223 Y177.223
;TYPE:WALL-OUTER
G1 F3600 X147.223 Y74.777 E4058.85776
G1 X104.779 Y74.779 E4060.41063
G1 X104.779 Y177.221 E4064.15859
G1 X147.223 Y177.223 E4065.71145
G0 F15000 X147.84 Y177.84
;TYPE:WALL-INNER
G1 F4800 X147.663 Y177.84 E4065.71626
G1 X104.339 Y177.84 E4066.35895
G1 X104.16 Y177.84 E4066.36384
G1 X104.16 Y177.661 E4066.36872
G1 X104.16 Y74.339 E4067.91006
G1 X104.16 Y74.16 E4067.91494
G1 X104.339 Y74.16 E4067.91983
G1 X147.663 Y74.16 E4068.56252
G1 X147.84 Y74.16 E4068.56733
G1 X147.84 Y74.337 E4068.57214
G1 X147.84 Y177.663 E4070.09632
G1 X147.84 Y177.84 E4070.10113
G0 F15000 X148.28 Y178.28
;TYPE:WALL-OUTER
G1 F3600 X103.72 Y178.28 E4071.73141
G1 X103.72 Y73.72 E4075.55686
G1 X148.28 Y73.72 E4077.18714
G1 X148.28 Y178.28 E4081.01259
G1 F4800 E4071.01259
;MESH:NONMESH
G0 F300 X148.28 Y178.28 Z9.6
G0 F15000 X147.663 Y177.663
;TIME_ELAPSED:2692.597167
;LAYER:47
;TYPE:WALL-INNER
;MESH:Top Carcaza.stl
G1 F4800 E4081.01259
G1 X147.663 Y74.337 E4084.79289
G1 X104.339 Y74.339 E4086.37794
G1 X104.339 Y177.661 E4090.1581
G1 X147.663 Y177.663 E4091.74316
G0 F15000 X147.223 Y177.223
;TYPE:WALL-OUTER
G1 F3600 X147.223 Y74.777 E4095.49126
G1 X104.779 Y74.779 E4097.04412
G1 X104.779 Y177.221 E4100.79208
G1 X147.223 Y177.223 E4102.34494
G0 F15000 X147.84 Y177.84
;TYPE:WALL-INNER
G1 F4800 X147.663 Y177.84 E4102.34976
G1 X104.339 Y177.84 E4102.99245
G1 X104.16 Y177.84 E4102.99733
G1 X104.16 Y177.661 E4103.00222
G1 X104.16 Y74.339 E4104.54356
G1 X104.16 Y74.16 E4104.54844
G1 X104.339 Y74.16 E4104.55333
G1 X147.663 Y74.16 E4105.19602
G1 X147.84 Y74.16 E4105.20083
G1 X147.84 Y74.337 E4105.20564
G1 X147.84 Y177.663 E4106.72982
G1 X147.84 Y177.84 E4106.73463
G0 F15000 X148.28 Y178.28
;TYPE:WALL-OUTER
G1 F3600 X103.72 Y178.28 E4108.36491
G1 X103.72 Y73.72 E4112.19036
G1 X148.28 Y73.72 E4113.82063
G1 X148.28 Y178.28 E4117.64608
G1 F4800 E4107.64608
;MESH:NONMESH
G0 F300 X148.28 Y178.28 Z9.8
G0 F15000 X147.663 Y177.663
;TIME_ELAPSED:2712.436420
;LAYER:48
;TYPE:WALL-INNER
;MESH:Top Carcaza.stl
G1 F4800 E4117.64608
G1 X147.663 Y74.337 E4121.42638
G1 X104.339 Y74.339 E4123.01144
G1 X104.339 Y177.661 E4126.7916
G1 X147.663 Y177.663 E4128.37665
G0 F15000 X147.223 Y177.223
;TYPE:WALL-OUTER
G1 F3600 X147.223 Y74.777 E4132.12476
G1 X104.779 Y74.779 E4133.67762
G1 X104.779 Y177.221 E4137.42558
G1 X147.223 Y177.223 E4138.97844
G0 F15000 X147.84 Y177.84
;TYPE:WALL-INNER
G1 F4800 X147.663 Y177.84 E4138.98325
G1 X104.339 Y177.84 E4139.62594
G1 X104.16 Y177.84 E4139.63083
G1 X104.16 Y177.661 E4139.63571
G1 X104.16 Y74.339 E4141.17705
G1 X104.16 Y74.16 E4141.18194
G1 X104.339 Y74.16 E4141.18682
G1 X147.663 Y74.16 E4141.82951
G1 X147.84 Y74.16 E4141.83433
G1 X147.84 Y74.337 E4141.83914
G1 X147.84 Y177.663 E4143.36331
G1 X147.84 Y177.84 E4143.36813
G0 F15000 X148.28 Y178.28
;TYPE:WALL-OUTER
G1 F3600 X103.72 Y178.28 E4144.9984
G1 X103.72 Y73.72 E4148.82385
G1 X148.28 Y73.72 E4150.45413
G1 X148.28 Y178.28 E4154.27958
G1 F4800 E4144.27958
;MESH:NONMESH
G0 F300 X148.28 Y178.28 Z10
G0 F15000 X147.663 Y177.663
;TIME_ELAPSED:2732.275672
;LAYER:49
;TYPE:WALL-INNER
;MESH:Top Carcaza.stl
G1 F4800 E4154.27958
G92 E0
G1 X147.663 Y74.337 E3.7803
G1 X104.339 Y74.339 E5.36536
G1 X104.339 Y177.661 E9.14551
G1 X147.663 Y177.663 E10.73057
G0 F15000 X147.223 Y177.223
;TYPE:WALL-OUTER
G1 F3600 X147.223 Y74.777 E14.47868
G1 X104.779 Y74.779 E16.03154
G1 X104.779 Y177.221 E19.7795
G1 X147.223 Y177.223 E21.33236
G0 F15000 X147.84 Y177.84
;TYPE:WALL-INNER
G1 F4800 X147.663 Y177.84 E21.33717
G1 X104.339 Y177.84 E21.97986
G1 X104.16 Y177.84 E21.98475
G1 X104.16 Y177.661 E21.98963
G1 X104.16 Y74.339 E23.53097
G1 X104.16 Y74.16 E23.53586
G1 X104.339 Y74.16 E23.54074
G1 X147.663 Y74.16 E24.18343
G1 X147.84 Y74.16 E24.18824
G1 X147.84 Y74.337 E24.19306
G1 X147.84 Y177.663 E25.71723
G1 X147.84 Y177.84 E25.72204
G0 F15000 X148.28 Y178.28
;TYPE:WALL-OUTER
G1 F3600 X103.72 Y178.28 E27.35232
G1 X103.72 Y73.72 E31.17777
G1 X148.28 Y73.72 E32.80805
G1 X148.28 Y178.28 E36.6335
G1 F4800 E26.6335
;MESH:NONMESH
G0 F300 X148.28 Y178.28 Z10.2
G0 F15000 X147.663 Y177.663
;TIME_ELAPSED:2833.729530
;LAYER:50
;TYPE:WALL-INNER
;MESH:Top Carcaza.stl
G1 F4800 E36.6335
G1 X147.663 Y74.337 E40.4138
G1 X104.339 Y74.339 E41.99886
G1 X104.339 Y177.661 E45.77901
G1 X147.663 Y177.663 E47.36407
G0 F15000 X147.223 Y177.223
;TYPE:WALL-OUTER
G1 F3600 X147.223 Y74.777 E51.11217
G1 X104.779 Y74.779 E52.66503
G1 X104.779 Y177.221 E56.41299
G1 X147.223 Y177.223 E57.96586
G0 F15000 X147.84 Y177.84
;TYPE:WALL-INNER
G1 F4800 X147.663 Y177.84 E57.97067
G1 X104.339 Y177.84 E58.61336
G1 X104.16 Y177.84 E58.61824
G1 X104.16 Y177.661 E58.62313
G1 X104.16 Y74.339 E60.16447
G1 X104.16 Y74.16 E60.16935
G1 X104.339 Y74.16 E60.17424
G1 X147.663 Y74.16 E60.81693
G1 X147.84 Y74.16 E60.82174
G1 X147.84 Y74.337 E60.82655
G1 X147.84 Y177.663 E62.35073
G1 X147.84 Y177.84 E62.35554
G0 F15000 X148.28 Y178.28
;TYPE:WALL-OUTER
G1 F3600 X103.72 Y178.28 E63.98582
G1 X103.72 Y73.72 E67.81127
G1 X148.28 Y73.72 E69.44155
G1 X148.28 Y178.28 E73.26699
G1 F4800 E63.26699
;MESH:NONMESH
G0 F300 X148.28 Y178.28 Z10.4
G0 F15000 X147.663 Y177.663
;TIME_ELAPSED:2853.568782
;LAYER:51
;TYPE:WALL-INNER
;MESH:Top Carcaza.stl
G1 F4800 E73.26699
G1 X147.663 Y74.337 E77.04729
G1 X104.339 Y74.339 E78.63235
G1 X104.339 Y177.661 E82.41251
G1 X147.663 Y177.663 E83.99756
G0 F15000 X147.223 Y177.223
;TYPE:WALL-OUTER
G1 F3600 X147.223 Y74.777 E87.74567
G1 X104.779 Y74.779 E89.29853
G1 X104.779 Y177.221 E93.04649
G1 X147.223 Y177.223 E94.59935
G0 F15000 X147.84 Y177.84
;TYPE:WALL-INNER
G1 F4800 X147.663 Y177.84 E94.60416
G1 X104.339 Y177.84 E95.24685
G1 X104.16 Y177.84 E95.25174
G1 X104.16 Y177.661 E95.25662
G1 X104.16 Y74.339 E96.79796
G1 X104.16 Y74.16 E96.80285
G1 X104.339 Y74.16 E96.80773
G1 X147.663 Y74.16 E97.45042
G1 X147.84 Y74.16 E97.45524
G1 X147.84 Y74.337 E97.46005
G1 X147.84 Y177.663 E98.98422
G1 X147.84 Y177.84 E98.98904
G0 F15000 X148.28 Y178.28
;TYPE:WALL-OUTER
G1 F3600 X103.72 Y178.28 E100.61932
G1 X103.72 Y73.72 E104.44476
G1 X148.28 Y73.72 E106.07504
G1 X148.28 Y178.28 E109.90049
G1 F4800 E99.90049
;MESH:NONMESH
G0 F300 X148.28 Y178.28 Z10.6
G0 F15000 X147.663 Y177.663
;TIME_ELAPSED:2873.408035
;LAYER:52
;TYPE:WALL-INNER
;MESH:Top Carcaza.stl
G1 F4800 E109.90049
G1 X147.663 Y74.337 E113.68079
G1 X104.338 Y74.338 E115.26588
G1 X104.338 Y177.662 E119.04611
G1 X147.663 Y177.663 E120.63121
G0 F15000 X147.223 Y177.223
;TYPE:WALL-OUTER
G1 F3600 X147.223 Y74.777 E124.37931
G1 X104.778 Y74.778 E125.93221
G1 X104.778 Y177.222 E129.68024
G1 X147.223 Y177.223 E131.23314
G0 F15000 X147.84 Y177.84
;TYPE:WALL-INNER
G1 F4800 X147.663 Y177.84 E131.23795
G1 X104.338 Y177.84 E131.87885
G1 X104.16 Y177.84 E131.8837
G1 X104.16 Y177.662 E131.88855
G1 X104.16 Y74.338 E133.4213
G1 X104.16 Y74.16 E133.42615
G1 X104.338 Y74.16 E133.431
G1 X147.663 Y74.16 E134.0719
G1 X147.84 Y74.16 E134.07671
G1 X147.84 Y74.337 E134.08152
G1 X147.84 Y177.663 E135.6057
G1 X147.84 Y177.84 E135.61051
G0 F15000 X148.28 Y178.28
;TYPE:WALL-OUTER
G1 F3600 X103.72 Y178.28 E137.24079
G1 X103.72 Y73.72 E141.06624
G1 X148.28 Y73.72 E142.69652
G1 X148.28 Y178.28 E146.52196
G1 F4800 E136.52196
;MESH:NONMESH
G0 F300 X148.28 Y178.28 Z10.8
G0 F15000 X147.663 Y177.663
;TIME_ELAPSED:2893.247405
;LAYER:53
;TYPE:WALL-INNER
;MESH:Top Carcaza.stl
G1 F4800 E146.52196
G1 X147.663 Y74.337 E150.30226
G1 X104.338 Y74.338 E151.88736
G1 X104.338 Y177.662 E155.66759
G1 X147.663 Y177.663 E157.25268
G0 F15000 X147.223 Y177.223
;TYPE:WALL-OUTER
G1 F3600 X147.223 Y74.777 E161.00079
G1 X104.778 Y74.778 E162.55368
G1 X104.778 Y177.222 E166.30172
G1 X147.223 Y177.223 E167.85461
G0 F15000 X147.84 Y177.84
;TYPE:WALL-INNER
G1 F4800 X147.663 Y177.84 E167.85943
G1 X104.338 Y177.84 E168.50033
G1 X104.16 Y177.84 E168.50517
G1 X104.16 Y177.662 E168.51002
G1 X104.16 Y74.338 E170.04278
G1 X104.16 Y74.16 E170.04762
G1 X104.338 Y74.16 E170.05247
G1 X147.663 Y74.16 E170.69337
G1 X147.84 Y74.16 E170.69818
G1 X147.84 Y74.337 E170.703
G1 X147.84 Y177.663 E172.22717
G1 X147.84 Y177.84 E172.23198
G0 F15000 X148.28 Y178.28
;TYPE:WALL-OUTER
G1 F3600 X103.72 Y178.28 E173.86226
G1 X103.72 Y73.72 E177.68771
G1 X148.28 Y73.72 E179.31799
G1 X148.28 Y178.28 E183.14344
G1 F4800 E173.14344
;MESH:NONMESH
G0 F300 X148.28 Y178.28 Z11
G0 F15000 X147.663 Y177.663
;TIME_ELAPSED:2913.086774
;LAYER:54
;TYPE:WALL-INNER
;MESH:Top Carcaza.stl
G1 F4800 E183.14344
G1 X147.663 Y74.337 E186.92374
G1 X104.338 Y74.338 E188.50883
G1 X104.338 Y177.662 E192.28906
G1 X147.663 Y177.663 E193.87415
G0 F15000 X147.223 Y177.223
;TYPE:WALL-OUTER
G1 F3600 X147.223 Y74.777 E197.62226
G1 X104.778 Y74.778 E199.17516
G1 X104.778 Y177.222 E202.92319
G1 X147.223 Y177.223 E204.47609
G0 F15000 X147.84 Y177.84
;TYPE:WALL-INNER
G1 F4800 X147.663 Y177.84 E204.4809
G1 X104.338 Y177.84 E205.1218
G1 X104.16 Y177.84 E205.12665
G1 X104.16 Y177.662 E205.13149
G1 X104.16 Y74.338 E206.66425
G1 X104.16 Y74.16 E206.6691
G1 X104.338 Y74.16 E206.67395
G1 X147.663 Y74.16 E207.31484
G1 X147.84 Y74.16 E207.31966
G1 X147.84 Y74.337 E207.32447
G1 X147.84 Y177.663 E208.84864
G1 X147.84 Y177.84 E208.85346
G0 F15000 X148.28 Y178.28
;TYPE:WALL-OUTER
G1 F3600 X103.72 Y178.28 E210.48374
G1 X103.72 Y73.72 E214.30918
G1 X148.28 Y73.72 E215.93946
G1 X148.28 Y178.28 E219.76491
G1 F4800 E209.76491
;MESH:NONMESH
G0 F300 X148.28 Y178.28 Z11.2
G0 F15000 X147.663 Y177.663
;TIME_ELAPSED:2932.926144
;LAYER:55
;TYPE:WALL-INNER
;MESH:Top Carcaza.stl
G1 F4800 E219.76491
G1 X147.663 Y74.337 E223.54521
G1 X104.338 Y74.338 E225.13031
G1 X104.338 Y177.662 E228.91053
G1 X147.663 Y177.663 E230.49563
G0 F15000 X147.223 Y177.223
;TYPE:WALL-OUTER
G1 F3600 X147.223 Y74.777 E234.24373
G1 X104.778 Y74.778 E235.79663
G1 X104.778 Y177.222 E239.54466
G1 X147.223 Y177.223 E241.09756
G0 F15000 X147.84 Y177.84
;TYPE:WALL-INNER
G1 F4800 X147.663 Y177.84 E241.10237
G1 X104.338 Y177.84 E241.74327
G1 X104.16 Y177.84 E241.74812
G1 X104.16 Y177.662 E241.75297
G1 X104.16 Y74.338 E243.28572
G1 X104.16 Y74.16 E243.29057
G1 X104.338 Y74.16 E243.29542
G1 X147.663 Y74.16 E243.93632
G1 X147.84 Y74.16 E243.94113
G1 X147.84 Y74.337 E243.94594
G1 X147.84 Y177.663 E245.47012
G1 X147.84 Y177.84 E245.47493
G0 F15000 X148.28 Y178.28
;TYPE:WALL-OUTER
G1 F3600 X103.72 Y178.28 E247.10521
G1 X103.72 Y73.72 E250.93066
G1 X148.28 Y73.72 E252.56094
G1 X148.28 Y178.28 E256.38638
G1 F4800 E246.38638
;MESH:NONMESH
G0 F300 X148.28 Y178.28 Z11.4
G0 F15000 X147.663 Y177.663
;TIME_ELAPSED:2952.765514
;LAYER:56
;TYPE:WALL-INNER
;MESH:Top Carcaza.stl
G1 F4800 E256.38638
G1 X147.663 Y74.337 E260.16668
G1 X104.338 Y74.338 E261.75178
G1 X104.338 Y177.662 E265.53201
G1 X147.663 Y177.663 E267.1171
G0 F15000 X147.223 Y177.223
;TYPE:WALL-OUTER
G1 F3600 X147.223 Y74.777 E270.86521
G1 X104.778 Y74.778 E272.4181
G1 X104.778 Y177.222 E276.16614
G1 X147.223 Y177.223 E277.71904
G0 F15000 X147.84 Y177.84
;TYPE:WALL-INNER
G1 F4800 X147.663 Y177.84 E277.72385
G1 X104.338 Y177.84 E278.36475
G1 X104.16 Y177.84 E278.36959
G1 X104.16 Y177.662 E278.37444
G1 X104.16 Y74.338 E279.9072
G1 X104.16 Y74.16 E279.91204
G1 X104.338 Y74.16 E279.91689
G1 X147.663 Y74.16 E280.55779
G1 X147.84 Y74.16 E280.5626
G1 X147.84 Y74.337 E280.56742
G1 X147.84 Y177.663 E282.09159
G1 X147.84 Y177.84 E282.0964
G0 F15000 X148.28 Y178.28
;TYPE:WALL-OUTER
G1 F3600 X103.72 Y178.28 E283.72668
G1 X103.72 Y73.72 E287.55213
G1 X148.28 Y73.72 E289.18241
G1 X148.28 Y178.28 E293.00786
G1 F4800 E283.00786
;MESH:NONMESH
G0 F300 X148.28 Y178.28 Z11.6
G0 F15000 X147.663 Y177.663
;TIME_ELAPSED:2972.604884
;LAYER:57
;TYPE:WALL-INNER
;MESH:Top Carcaza.stl
G1 F4800 E293.00786
G1 X147.663 Y74.337 E296.78816
G1 X104.338 Y74.338 E298.37325
G1 X104.338 Y177.662 E302.15348
G1 X147.663 Y177.663 E303.73857
G0 F15000 X147.223 Y177.223
;TYPE:WALL-OUTER
G1 F3600 X147.223 Y74.777 E307.48668
G1 X104.778 Y74.778 E309.03958
G1 X104.778 Y177.222 E312.78761
G1 X147.223 Y177.223 E314.34051
G0 F15000 X147.84 Y177.84
;TYPE:WALL-INNER
G1 F4800 X147.663 Y177.84 E314.34532
G1 X104.338 Y177.84 E314.98622
G1 X104.16 Y177.84 E314.99107
G1 X104.16 Y177.662 E314.99591
G1 X104.16 Y74.338 E316.52867
G1 X104.16 Y74.16 E316.53352
G1 X104.338 Y74.16 E316.53837
G1 X147.663 Y74.16 E317.17926
G1 X147.84 Y74.16 E317.18408
G1 X147.84 Y74.337 E317.18889
G1 X147.84 Y177.663 E318.71306
G1 X147.84 Y177.84 E318.71788
G0 F15000 X148.28 Y178.28
;TYPE:WALL-OUTER
G1 F3600 X103.72 Y178.28 E320.34816
G1 X103.72 Y73.72 E324.1736
G1 X148.28 Y73.72 E325.80388
G1 X148.28 Y178.28 E329.62933
G1 F4800 E319.62933
;MESH:NONMESH
G0 F300 X148.28 Y178.28 Z11.8
G0 F15000 X147.663 Y177.663
;TIME_ELAPSED:2992.444253
;LAYER:58
;TYPE:WALL-INNER
;MESH:Top Carcaza.stl
G1 F4800 E329.62933
G1 X147.663 Y74.337 E333.40963
G1 X104.338 Y74.338 E334.99473
G1 X104.338 Y177.662 E338.77495
G1 X147.663 Y177.663 E340.36005
G0 F15000 X147.223 Y177.223
;TYPE:WALL-OUTER
G1 F3600 X147.223 Y74.777 E344.10815
G1 X104.778 Y74.778 E345.66105
G1 X104.778 Y177.222 E349.40908
G1 X147.223 Y177.223 E350.96198
G0 F15000 X147.84 Y177.84
;TYPE:WALL-INNER
G1 F4800 X147.663 Y177.84 E350.96679
G1 X104.338 Y177.84 E351.60769
G1 X104.16 Y177.84 E351.61254
G1 X104.16 Y177.662 E351.61739
G1 X104.16 Y74.338 E353.15014
G1 X104.16 Y74.16 E353.15499
G1 X104.338 Y74.16 E353.15984
G1 X147.663 Y74.16 E353.80074
G1 X147.84 Y74.16 E353.80555
G1 X147.84 Y74.337 E353.81036
G1 X147.84 Y177.663 E355.33454
G1 X147.84 Y177.84 E355.33935
G0 F15000 X148.28 Y178.28
;TYPE:WALL-OUTER
G1 F3600 X103.72 Y178.28 E356.96963
G1 X103.72 Y73.72 E360.79508
G1 X148.28 Y73.72 E362.42536
G1 X148.28 Y178.28 E366.2508
G1 F4800 E356.2508
;MESH:NONMESH
G0 F300 X148.28 Y178.28 Z12
G0 F15000 X147.663 Y177.663
;TIME_ELAPSED:3012.283623
;LAYER:59
;TYPE:WALL-INNER
;MESH:Top Carcaza.stl
G1 F4800 E366.2508
G1 X147.663 Y74.337 E370.0311
G1 X104.338 Y74.338 E371.6162
G1 X104.338 Y177.662 E375.39643
G1 X147.663 Y177.663 E376.98152
G0 F15000 X147.223 Y177.223
;TYPE:WALL-OUTER
G1 F3600 X147.223 Y74.777 E380.72963
G1 X104.778 Y74.778 E382.28252
G1 X104.778 Y177.222 E386.03056
G1 X147.223 Y177.223 E387.58346
G0 F15000 X147.84 Y177.84
;TYPE:WALL-INNER
G1 F4800 X147.663 Y177.84 E387.58827
G1 X104.338 Y177.84 E388.22917
G1 X104.16 Y177.84 E388.23401
G1 X104.16 Y177.662 E388.23886
G1 X104.16 Y74.338 E389.77162
G1 X104.16 Y74.16 E389.77647
G1 X104.338 Y74.16 E389.78131
G1 X147.663 Y74.16 E390.42221
G1 X147.84 Y74.16 E390.42702
G1 X147.84 Y74.337 E390.43184
G1 X147.84 Y177.663 E391.95601
G1 X147.84 Y177.84 E391.96082
G0 F15000 X148.28 Y178.28
;TYPE:WALL-OUTER
G1 F3600 X103.72 Y178.28 E393.5911
G1 X103.72 Y73.72 E397.41655
G1 X148.28 Y73.72 E399.04683
G1 X148.28 Y178.28 E402.87228
G1 F4800 E392.87228
;MESH:NONMESH
G0 F300 X148.28 Y178.28 Z12.2
G0 F15000 X147.663 Y177.663
;TIME_ELAPSED:3032.122993
;LAYER:60
;TYPE:WALL-INNER
;MESH:Top Carcaza.stl
G1 F4800 E402.87228
G1 X147.663 Y74.337 E406.65258
G1 X104.338 Y74.338 E408.23767
G1 X104.338 Y177.662 E412.0179
G1 X147.663 Y177.663 E413.60299
G0 F15000 X147.223 Y177.223
;TYPE:WALL-OUTER
G1 F3600 X147.223 Y74.777 E417.3511
G1 X104.778 Y74.778 E418.904
G1 X104.778 Y177.222 E422.65203
G1 X147.223 Y177.223 E424.20493
G0 F15000 X147.84 Y177.84
;TYPE:WALL-INNER
G1 F4800 X147.663 Y177.84 E424.20974
G1 X104.338 Y177.84 E424.85064
G1 X104.16 Y177.84 E424.85549
G1 X104.16 Y177.662 E424.86033
G1 X104.16 Y74.338 E426.39309
G1 X104.16 Y74.16 E426.39794
G1 X104.338 Y74.16 E426.40279
G1 X147.663 Y74.16 E427.04368
G1 X147.84 Y74.16 E427.0485
G1 X147.84 Y74.337 E427.05331
G1 X147.84 Y177.663 E428.57749
G1 X147.84 Y177.84 E428.5823
G0 F15000 X148.28 Y178.28
;TYPE:WALL-OUTER
G1 F3600 X103.72 Y178.28 E430.21258
G1 X103.72 Y73.72 E434.03802
G1 X148.28 Y73.72 E435.6683
G1 X148.28 Y178.28 E439.49375
G1 F4800 E429.49375
;MESH:NONMESH
G0 F300 X148.28 Y178.28 Z12.4
G0 F15000 X147.663 Y177.663
;TIME_ELAPSED:3051.962363
;LAYER:61
;TYPE:WALL-INNER
;MESH:Top Carcaza.stl
G1 F4800 E439.49375
G1 X147.663 Y74.337 E443.27405
G1 X104.338 Y74.338 E444.85915
G1 X104.338 Y177.662 E448.63937
G1 X147.663 Y177.663 E450.22447
G0 F15000 X147.223 Y177.223
;TYPE:WALL-OUTER
G1 F3600 X147.223 Y74.777 E453.97257
G1 X104.778 Y74.778 E455.52547
G1 X104.778 Y177.222 E459.2735
G1 X147.223 Y177.223 E460.8264
G0 F15000 X147.84 Y177.84
;TYPE:WALL-INNER
G1 F4800 X147.663 Y177.84 E460.83121
G1 X104.338 Y177.84 E461.47211
G1 X104.16 Y177.84 E461.47696
G1 X104.16 Y177.662 E461.48181
G1 X104.16 Y74.338 E463.01456
G1 X104.16 Y74.16 E463.01941
G1 X104.338 Y74.16 E463.02426
G1 X147.663 Y74.16 E463.66516
G1 X147.84 Y74.16 E463.66997
G1 X147.84 Y74.337 E463.67478
G1 X147.84 Y177.663 E465.19896
G1 X147.84 Y177.84 E465.20377
G0 F15000 X148.28 Y178.28
;TYPE:WALL-OUTER
G1 F3600 X103.72 Y178.28 E466.83405
G1 X103.72 Y73.72 E470.6595
G1 X148.28 Y73.72 E472.28978
G1 X148.28 Y178.28 E476.11522
G1 F4800 E466.11522
;MESH:NONMESH
G0 F300 X148.28 Y178.28 Z12.6
G0 F15000 X147.663 Y177.663
;TIME_ELAPSED:3071.801732
;LAYER:62
;TYPE:WALL-INNER
;MESH:Top Carcaza.stl
G1 F4800 E476.11522
G1 X147.663 Y74.337 E479.89552
G1 X104.338 Y74.338 E481.48062
G1 X104.338 Y177.662 E485.26085
G1 X147.663 Y177.663 E486.84594
G0 F15000 X147.223 Y177.223
;TYPE:WALL-OUTER
G1 F3600 X147.223 Y74.777 E490.59405
G1 X104.778 Y74.778 E492.14695
G1 X104.778 Y177.222 E495.89498
G1 X147.223 Y177.223 E497.44788
G0 F15000 X147.84 Y177.84
;TYPE:WALL-INNER
G1 F4800 X147.663 Y177.84 E497.45269
G1 X104.338 Y177.84 E498.09359
G1 X104.16 Y177.84 E498.09843
G1 X104.16 Y177.662 E498.10328
G1 X104.16 Y74.338 E499.63604
G1 X104.16 Y74.16 E499.64089
G1 X104.338 Y74.16 E499.64573
G1 X147.663 Y74.16 E500.28663
G1 X147.84 Y74.16 E500.29144
G1 X147.84 Y74.337 E500.29626
G1 X147.84 Y177.663 E501.82043
G1 X147.84 Y177.84 E501.82524
G0 F15000 X148.28 Y178.28
;TYPE:WALL-OUTER
G1 F3600 X103.72 Y178.28 E503.45552
G1 X103.72 Y73.72 E507.28097
G1 X148.28 Y73.72 E508.91125
G1 X148.28 Y178.28 E512.7367
G1 F4800 E502.7367
;MESH:NONMESH
G0 F300 X148.28 Y178.28 Z12.8
G0 F15000 X147.663 Y177.663
;TIME_ELAPSED:3091.641102
;LAYER:63
;TYPE:WALL-INNER
;MESH:Top Carcaza.stl
G1 F4800 E512.7367
G1 X147.663 Y74.337 E516.517
G1 X104.338 Y74.338 E518.10209
G1 X104.338 Y177.662 E521.88232
G1 X147.663 Y177.663 E523.46742
G0 F15000 X147.223 Y177.223
;TYPE:WALL-OUTER
G1 F3600 X147.223 Y74.777 E527.21552
G1 X104.778 Y74.778 E528.76842
G1 X104.778 Y177.222 E532.51645
G1 X147.223 Y177.223 E534.06935
G0 F15000 X147.84 Y177.84
;TYPE:WALL-INNER
G1 F4800 X147.663 Y177.84 E534.07416
G1 X104.338 Y177.84 E534.71506
G1 X104.16 Y177.84 E534.71991
G1 X104.16 Y177.662 E534.72475
G1 X104.16 Y74.338 E536.25751
G1 X104.16 Y74.16 E536.26236
G1 X104.338 Y74.16 E536.26721
G1 X147.663 Y74.16 E536.9081
G1 X147.84 Y74.16 E536.91292
G1 X147.84 Y74.337 E536.91773
G1 X147.84 Y177.663 E538.44191
G1 X147.84 Y177.84 E538.44672
G0 F15000 X148.28 Y178.28
;TYPE:WALL-OUTER
G1 F3600 X103.72 Y178.28 E540.077
G1 X103.72 Y73.72 E543.90244
G1 X148.28 Y73.72 E545.53272
G1 X148.28 Y178.28 E549.35817
G1 F4800 E539.35817
;MESH:NONMESH
G0 F300 X148.28 Y178.28 Z13
G0 F15000 X147.663 Y177.663
;TIME_ELAPSED:3111.480472
;LAYER:64
;TYPE:WALL-INNER
;MESH:Top Carcaza.stl
G1 F4800 E549.35817
G1 X147.663 Y74.337 E553.13847
G1 X104.338 Y74.338 E554.72357
G1 X104.338 Y177.662 E558.50379
G1 X147.663 Y177.663 E560.08889
G0 F15000 X147.223 Y177.223
;TYPE:WALL-OUTER
G1 F3600 X147.223 Y74.777 E563.83699
G1 X104.778 Y74.778 E565.38989
G1 X104.778 Y177.222 E569.13792
G1 X147.223 Y177.223 E570.69082
G0 F15000 X147.84 Y177.84
;TYPE:WALL-INNER
G1 F4800 X147.663 Y177.84 E570.69564
G1 X104.338 Y177.84 E571.33653
G1 X104.16 Y177.84 E571.34138
G1 X104.16 Y177.662 E571.34623
G1 X104.16 Y74.338 E572.87899
G1 X104.16 Y74.16 E572.88383
G1 X104.338 Y74.16 E572.88868
G1 X147.663 Y74.16 E573.52958
G1 X147.84 Y74.16 E573.53439
G1 X147.84 Y74.337 E573.5392
G1 X147.84 Y177.663 E575.06338
G1 X147.84 Y177.84 E575.06819
G0 F15000 X148.28 Y178.28
;TYPE:WALL-OUTER
G1 F3600 X103.72 Y178.28 E576.69847
G1 X103.72 Y73.72 E580.52392
G1 X148.28 Y73.72 E582.1542
G1 X148.28 Y178.28 E585.97964
G1 F4800 E575.97964
;MESH:NONMESH
G0 F300 X148.28 Y178.28 Z13.2
G0 F15000 X147.663 Y177.663
;TIME_ELAPSED:3131.319842
;LAYER:65
;TYPE:WALL-INNER
;MESH:Top Carcaza.stl
G1 F4800 E585.97964
G1 X147.663 Y74.337 E589.75994
G1 X104.338 Y74.338 E591.34504
G1 X104.338 Y177.662 E595.12527
G1 X147.663 Y177.663 E596.71036
G0 F15000 X147.223 Y177.223
;TYPE:WALL-OUTER
G1 F3600 X147.223 Y74.777 E600.45847
G1 X104.778 Y74.778 E602.01137
G1 X104.778 Y177.222 E605.7594
G1 X147.223 Y177.223 E607.3123
G0 F15000 X147.84 Y177.84
;TYPE:WALL-INNER
G1 F4800 X147.663 Y177.84 E607.31711
G1 X104.338 Y177.84 E607.95801
G1 X104.16 Y177.84 E607.96285
G1 X104.16 Y177.662 E607.9677
G1 X104.16 Y74.338 E609.50046
G1 X104.16 Y74.16 E609.50531
G1 X104.338 Y74.16 E609.51015
G1 X147.663 Y74.16 E610.15105
G1 X147.84 Y74.16 E610.15586
G1 X147.84 Y74.337 E610.16068
G1 X147.84 Y177.663 E611.68485
G1 X147.84 Y177.84 E611.68967
G0 F15000 X148.28 Y178.28
;TYPE:WALL-OUTER
G1 F3600 X103.72 Y178.28 E613.31994
G1 X103.72 Y73.72 E617.14539
G1 X148.28 Y73.72 E618.77567
G1 X148.28 Y178.28 E622.60112
G1 F4800 E612.60112
;MESH:NONMESH
G0 F300 X148.28 Y178.28 Z13.4
G0 F15000 X147.663 Y177.663
;TIME_ELAPSED:3151.159212
;LAYER:66
;TYPE:WALL-INNER
;MESH:Top Carcaza.stl
G1 F4800 E622.60112
G1 X147.663 Y74.337 E626.38142
G1 X104.338 Y74.338 E627.96651
G1 X104.338 Y177.662 E631.74674
G1 X147.663 Y177.663 E633.33184
G0 F15000 X147.223 Y177.223
;TYPE:WALL-OUTER
G1 F3600 X147.223 Y74.777 E637.07994
G1 X104.778 Y74.778 E638.63284
G1 X104.778 Y177.222 E642.38087
G1 X147.223 Y177.223 E643.93377
G0 F15000 X147.84 Y177.84
;TYPE:WALL-INNER
G1 F4800 X147.663 Y177.84 E643.93858
G1 X104.338 Y177.84 E644.57948
G1 X104.16 Y177.84 E644.58433
G1 X104.16 Y177.662 E644.58917
G1 X104.16 Y74.338 E646.12193
G1 X104.16 Y74.16 E646.12678
G1 X104.338 Y74.16 E646.13163
G1 X147.663 Y74.16 E646.77252
G1 X147.84 Y74.16 E646.77734
G1 X147.84 Y74.337 E646.78215
G1 X147.84 Y177.663 E648.30633
G1 X147.84 Y177.84 E648.31114
G0 F15000 X148.28 Y178.28
;TYPE:WALL-OUTER
G1 F3600 X103.72 Y178.28 E649.94142
G1 X103.72 Y73.72 E653.76686
G1 X148.28 Y73.72 E655.39714
G1 X148.28 Y178.28 E659.22259
G1 F4800 E649.22259
;MESH:NONMESH
G0 F300 X148.28 Y178.28 Z13.6
G0 F15000 X147.663 Y177.663
;TIME_ELAPSED:3170.998581
;LAYER:67
;TYPE:WALL-INNER
;MESH:Top Carcaza.stl
G1 F4800 E659.22259
G1 X147.663 Y74.337 E663.00289
G1 X104.338 Y74.338 E664.58799
G1 X104.338 Y177.662 E668.36821
G1 X147.663 Y177.663 E669.95331
G0 F15000 X147.223 Y177.223
;TYPE:WALL-OUTER
G1 F3600 X147.223 Y74.777 E673.70141
G1 X104.778 Y74.778 E675.25431
G1 X104.778 Y177.222 E679.00234
G1 X147.223 Y177.223 E680.55524
G0 F15000 X147.84 Y177.84
;TYPE:WALL-INNER
G1 F4800 X147.663 Y177.84 E680.56006
G1 X104.338 Y177.84 E681.20095
G1 X104.16 Y177.84 E681.2058
G1 X104.16 Y177.662 E681.21065
G1 X104.16 Y74.338 E682.74341
G1 X104.16 Y74.16 E682.74825
G1 X104.338 Y74.16 E682.7531
G1 X147.663 Y74.16 E683.394
G1 X147.84 Y74.16 E683.39881
G1 X147.84 Y74.337 E683.40362
G1 X147.84 Y177.663 E684.9278
G1 X147.84 Y177.84 E684.93261
G0 F15000 X148.28 Y178.28
;TYPE:WALL-OUTER
G1 F3600 X103.72 Y178.28 E686.56289
G1 X103.72 Y73.72 E690.38834
G1 X148.28 Y73.72 E692.01862
G1 X148.28 Y178.28 E695.84406
G1 F4800 E685.84406
;MESH:NONMESH
G0 F300 X148.28 Y178.28 Z13.8
G0 F15000 X147.663 Y177.663
;TIME_ELAPSED:3190.837951
;LAYER:68
;TYPE:WALL-INNER
;MESH:Top Carcaza.stl
G1 F4800 E695.84406
G1 X147.663 Y74.337 E699.62437
G1 X104.338 Y74.338 E701.20946
G1 X104.338 Y177.662 E704.98969
G1 X147.663 Y177.663 E706.57478
G0 F15000 X147.223 Y177.223
;TYPE:WALL-OUTER
G1 F3600 X147.223 Y74.777 E710.32289
G1 X104.778 Y74.778 E711.87579
G1 X104.778 Y177.222 E715.62382
G1 X147.223 Y177.223 E717.17672
G0 F15000 X147.84 Y177.84
;TYPE:WALL-INNER
G1 F4800 X147.663 Y177.84 E717.18153
G1 X104.338 Y177.84 E717.82243
G1 X104.16 Y177.84 E717.82727
G1 X104.16 Y177.662 E717.83212
G1 X104.16 Y74.338 E719.36488
G1 X104.16 Y74.16 E719.36973
G1 X104.338 Y74.16 E719.37457
G1 X147.663 Y74.16 E720.01547
G1 X147.84 Y74.16 E720.02028
G1 X147.84 Y74.337 E720.0251
G1 X147.84 Y177.663 E721.54927
G1 X147.84 Y177.84 E721.55409
G0 F15000 X148.28 Y178.28
;TYPE:WALL-OUTER
G1 F3600 X103.72 Y178.28 E723.18436
G1 X103.72 Y73.72 E727.00981
G1 X148.28 Y73.72 E728.64009
G1 X148.28 Y178.28 E732.46554
G1 F4800 E722.46554
;MESH:NONMESH
G0 F300 X148.28 Y178.28 Z14
G0 F15000 X147.663 Y177.663
;TIME_ELAPSED:3210.677321
;LAYER:69
;TYPE:WALL-INNER
;MESH:Top Carcaza.stl
G1 F4800 E732.46554
G1 X147.663 Y74.337 E736.24584
G1 X104.338 Y74.338 E737.83093
G1 X104.338 Y177.662 E741.61116
G1 X147.663 Y177.663 E743.19626
G0 F15000 X147.223 Y177.223
;TYPE:WALL-OUTER
G1 F3600 X147.223 Y74.777 E746.94436
G1 X104.778 Y74.778 E748.49726
G1 X104.778 Y177.222 E752.24529
G1 X147.223 Y177.223 E753.79819
G0 F15000 X147.84 Y177.84
;TYPE:WALL-INNER
G1 F4800 X147.663 Y177.84 E753.803
G1 X104.338 Y177.84 E754.4439
G1 X104.16 Y177.84 E754.44875
G1 X104.16 Y177.662 E754.4536
G1 X104.16 Y74.338 E755.98635
G1 X104.16 Y74.16 E755.9912
G1 X104.338 Y74.16 E755.99605
G1 X147.663 Y74.16 E756.63695
G1 X147.84 Y74.16 E756.64176
G1 X147.84 Y74.337 E756.64657
G1 X147.84 Y177.663 E758.17075
G1 X147.84 Y177.84 E758.17556
G0 F15000 X148.28 Y178.28
;TYPE:WALL-OUTER
G1 F3600 X103.72 Y178.28 E759.80584
G1 X103.72 Y73.72 E763.63129
G1 X148.28 Y73.72 E765.26156
G1 X148.28 Y178.28 E769.08701
G1 F4800 E759.08701
;MESH:NONMESH
G0 F300 X148.28 Y178.28 Z14.2
G0 F15000 X147.663 Y177.663
;TIME_ELAPSED:3230.516691
;LAYER:70
;TYPE:WALL-INNER
;MESH:Top Carcaza.stl
G1 F4800 E769.08701
G1 X147.663 Y74.337 E772.86731
G1 X104.338 Y74.338 E774.45241
G1 X104.338 Y177.662 E778.23263
G1 X147.663 Y177.663 E779.81773
G0 F15000 X147.223 Y177.223
;TYPE:WALL-OUTER
G1 F3600 X147.223 Y74.777 E783.56583
G1 X104.778 Y74.778 E785.11873
G1 X104.778 Y177.222 E788.86676
G1 X147.223 Y177.223 E790.41966
G0 F15000 X147.84 Y177.84
;TYPE:WALL-INNER
G1 F4800 X147.663 Y177.84 E790.42448
G1 X104.338 Y177.84 E791.06537
G1 X104.16 Y177.84 E791.07022
G1 X104.16 Y177.662 E791.07507
G1 X104.16 Y74.338 E792.60783
G1 X104.16 Y74.16 E792.61267
G1 X104.338 Y74.16 E792.61752
G1 X147.663 Y74.16 E793.25842
G1 X147.84 Y74.16 E793.26323
G1 X147.84 Y74.337 E793.26804
G1 X147.84 Y177.663 E794.79222
G1 X147.84 Y177.84 E794.79703
G0 F15000 X148.28 Y178.28
;TYPE:WALL-OUTER
G1 F3600 X103.72 Y178.28 E796.42731
G1 X103.72 Y73.72 E800.25276
G1 X148.28 Y73.72 E801.88304
G1 X148.28 Y178.28 E805.70849
G1 F4800 E795.70849
;MESH:NONMESH
G0 F300 X148.28 Y178.28 Z14.4
G0 F15000 X147.663 Y177.663
;TIME_ELAPSED:3250.356060
;LAYER:71
;TYPE:WALL-INNER
;MESH:Top Carcaza.stl
G1 F4800 E805.70849
G1 X147.663 Y74.337 E809.48879
G1 X104.338 Y74.338 E811.07388
G1 X104.338 Y177.662 E814.85411
G1 X147.663 Y177.663 E816.4392
G0 F15000 X147.223 Y177.223
;TYPE:WALL-OUTER
G1 F3600 X147.223 Y74.777 E820.18731
G1 X104.778 Y74.778 E821.74021
G1 X104.778 Y177.222 E825.48824
G1 X147.223 Y177.223 E827.04114
G0 F15000 X147.84 Y177.84
;TYPE:WALL-INNER
G1 F4800 X147.663 Y177.84 E827.04595
G1 X104.338 Y177.84 E827.68685
G1 X104.16 Y177.84 E827.69169
G1 X104.16 Y177.662 E827.69654
G1 X104.16 Y74.338 E829.2293
G1 X104.16 Y74.16 E829.23415
G1 X104.338 Y74.16 E829.23899
G1 X147.663 Y74.16 E829.87989
G1 X147.84 Y74.16 E829.8847
G1 X147.84 Y74.337 E829.88952
G1 X147.84 Y177.663 E831.41369
G1 X147.84 Y177.84 E831.41851
G0 F15000 X148.28 Y178.28
;TYPE:WALL-OUTER
G1 F3600 X103.72 Y178.28 E833.04878
G1 X103.72 Y73.72 E836.87423
G1 X148.28 Y73.72 E838.50451
G1 X148.28 Y178.28 E842.32996
G1 F4800 E832.32996
;MESH:NONMESH
G0 F300 X148.28 Y178.28 Z14.6
G0 F15000 X147.663 Y177.663
;TIME_ELAPSED:3270.195430
;LAYER:72
;TYPE:WALL-INNER
;MESH:Top Carcaza.stl
G1 F4800 E842.32996
G1 X147.663 Y74.337 E846.11026
G1 X104.338 Y74.338 E847.69535
G1 X104.338 Y177.662 E851.47558
G1 X147.663 Y177.663 E853.06068
G0 F15000 X147.223 Y177.223
;TYPE:WALL-OUTER
G1 F3600 X147.223 Y74.777 E856.80878
G1 X104.778 Y74.778 E858.36168
G1 X104.778 Y177.222 E862.10971
G1 X147.223 Y177.223 E863.66261
G0 F15000 X147.84 Y177.84
;TYPE:WALL-INNER
G1 F4800 X147.663 Y177.84 E863.66742
G1 X104.338 Y177.84 E864.30832
G1 X104.16 Y177.84 E864.31317
G1 X104.16 Y177.662 E864.31802
G1 X104.16 Y74.338 E865.85077
G1 X104.16 Y74.16 E865.85562
G1 X104.338 Y74.16 E865.86047
G1 X147.663 Y74.16 E866.50137
G1 X147.84 Y74.16 E866.50618
G1 X147.84 Y74.337 E866.51099
G1 X147.84 Y177.663 E868.03517
G1 X147.84 Y177.84 E868.03998
G0 F15000 X148.28 Y178.28
;TYPE:WALL-OUTER
G1 F3600 X103.72 Y178.28 E869.67026
G1 X103.72 Y73.72 E873.49571
G1 X148.28 Y73.72 E875.12598
G1 X148.28 Y178.28 E878.95143
G1 F4800 E868.95143
;MESH:NONMESH
G0 F300 X148.28 Y178.28 Z14.8
G0 F15000 X147.663 Y177.663
;TIME_ELAPSED:3290.034800
;LAYER:73
;TYPE:WALL-INNER
;MESH:Top Carcaza.stl
G1 F4800 E878.95143
G1 X147.663 Y74.337 E882.73173
G1 X104.338 Y74.338 E884.31683
G1 X104.338 Y177.662 E888.09705
G1 X147.663 Y177.663 E889.68215
G0 F15000 X147.223 Y177.223
;TYPE:WALL-OUTER
G1 F3600 X147.223 Y74.777 E893.43025
G1 X104.778 Y74.778 E894.98315
G1 X104.778 Y177.222 E898.73118
G1 X147.223 Y177.223 E900.28408
G0 F15000 X147.84 Y177.84
;TYPE:WALL-INNER
G1 F4800 X147.663 Y177.84 E900.2889
G1 X104.338 Y177.84 E900.92979
G1 X104.16 Y177.84 E900.93464
G1 X104.16 Y177.662 E900.93949
G1 X104.16 Y74.338 E902.47225
G1 X104.16 Y74.16 E902.47709
G1 X104.338 Y74.16 E902.48194
G1 X147.663 Y74.16 E903.12284
G1 X147.84 Y74.16 E903.12765
G1 X147.84 Y74.337 E903.13246
G1 X147.84 Y177.663 E904.65664
G1 X147.84 Y177.84 E904.66145
G0 F15000 X148.28 Y178.28
;TYPE:WALL-OUTER
G1 F3600 X103.72 Y178.28 E906.29173
G1 X103.72 Y73.72 E910.11718
G1 X148.28 Y73.72 E911.74746
G1 X148.28 Y178.28 E915.57291
G1 F4800 E905.57291
;MESH:NONMESH
G0 F300 X148.28 Y178.28 Z15
G0 F15000 X147.663 Y177.663
;TIME_ELAPSED:3309.874170
;LAYER:74
;TYPE:WALL-INNER
;MESH:Top Carcaza.stl
G1 F4800 E915.57291
G1 X147.663 Y74.337 E919.35321
G1 X104.338 Y74.338 E920.9383
G1 X104.338 Y177.662 E924.71853
G1 X147.663 Y177.663 E926.30362
G0 F15000 X147.223 Y177.223
;TYPE:WALL-OUTER
G1 F3600 X147.223 Y74.777 E930.05173
G1 X104.778 Y74.778 E931.60463
G1 X104.778 Y177.222 E935.35266
G1 X147.223 Y177.223 E936.90556
G0 F15000 X147.84 Y177.84
;TYPE:WALL-INNER
G1 F4800 X147.663 Y177.84 E936.91037
G1 X104.338 Y177.84 E937.55127
G1 X104.16 Y177.84 E937.55612
G1 X104.16 Y177.662 E937.56096
G1 X104.16 Y74.338 E939.09372
G1 X104.16 Y74.16 E939.09857
G1 X104.338 Y74.16 E939.10341
G1 X147.663 Y74.16 E939.74431
G1 X147.84 Y74.16 E939.74913
G1 X147.84 Y74.337 E939.75394
G1 X147.84 Y177.663 E941.27811
G1 X147.84 Y177.84 E941.28293
G0 F15000 X148.28 Y178.28
;TYPE:WALL-OUTER
G1 F3600 X103.72 Y178.28 E942.9132
G1 X103.72 Y73.72 E946.73865
G1 X148.28 Y73.72 E948.36893
G1 X148.28 Y178.28 E952.19438
G1 F4800 E942.19438
;MESH:NONMESH
G0 F300 X148.28 Y178.28 Z15.2
G0 F15000 X147.663 Y177.663
;TIME_ELAPSED:3329.713539
;LAYER:75
;TYPE:WALL-INNER
;MESH:Top Carcaza.stl
G1 F4800 E952.19438
G1 X147.663 Y74.337 E955.97468
G1 X104.338 Y74.338 E957.55977
G1 X104.338 Y177.662 E961.34
G1 X147.663 Y177.663 E962.9251
G0 F15000 X147.223 Y177.223
;TYPE:WALL-OUTER
G1 F3600 X147.223 Y74.777 E966.6732
G1 X104.778 Y74.778 E968.2261
G1 X104.778 Y177.222 E971.97413
G1 X147.223 Y177.223 E973.52703
G0 F15000 X147.84 Y177.84
;TYPE:WALL-INNER
G1 F4800 X147.663 Y177.84 E973.53184
G1 X104.338 Y177.84 E974.17274
G1 X104.16 Y177.84 E974.17759
G1 X104.16 Y177.662 E974.18244
G1 X104.16 Y74.338 E975.71519
G1 X104.16 Y74.16 E975.72004
G1 X104.338 Y74.16 E975.72489
G1 X147.663 Y74.16 E976.36579
G1 X147.84 Y74.16 E976.3706
G1 X147.84 Y74.337 E976.37541
G1 X147.84 Y177.663 E977.89959
G1 X147.84 Y177.84 E977.9044
G0 F15000 X148.28 Y178.28
;TYPE:WALL-OUTER
G1 F3600 X103.72 Y178.28 E979.53468
G1 X103.72 Y73.72 E983.36013
G1 X148.28 Y73.72 E984.9904
G1 X148.28 Y178.28 E988.81585
G1 F4800 E978.81585
;MESH:NONMESH
G0 F300 X148.28 Y178.28 Z15.4
G0 F15000 X147.663 Y177.663
;TIME_ELAPSED:3349.552909
;LAYER:76
;TYPE:WALL-INNER
;MESH:Top Carcaza.stl
G1 F4800 E988.81585
G1 X147.663 Y74.337 E992.59615
G1 X104.338 Y74.338 E994.18125
G1 X104.338 Y177.662 E997.96147
G1 X147.663 Y177.663 E999.54657
G0 F15000 X147.223 Y177.223
;TYPE:WALL-OUTER
G1 F3600 X147.223 Y74.777 E1003.29467
G1 X104.778 Y74.778 E1004.84757
G1 X104.778 Y177.222 E1008.5956
G1 X147.223 Y177.223 E1010.1485
G0 F15000 X147.84 Y177.84
;TYPE:WALL-INNER
G1 F4800 X147.663 Y177.84 E1010.15332
G1 X104.338 Y177.84 E1010.79421
G1 X104.16 Y177.84 E1010.79906
G1 X104.16 Y177.662 E1010.80391
G1 X104.16 Y74.338 E1012.33667
G1 X104.16 Y74.16 E1012.34151
G1 X104.338 Y74.16 E1012.34636
G1 X147.663 Y74.16 E1012.98726
G1 X147.84 Y74.16 E1012.99207
G1 X147.84 Y74.337 E1012.99688
G1 X147.84 Y177.663 E1014.52106
G1 X147.84 Y177.84 E1014.52587
G0 F15000 X148.28 Y178.28
;TYPE:WALL-OUTER
G1 F3600 X103.72 Y178.28 E1016.15615
G1 X103.72 Y73.72 E1019.9816
G1 X148.28 Y73.72 E1021.61188
G1 X148.28 Y178.28 E1025.43733
G1 F4800 E1015.43733
;MESH:NONMESH
G0 F300 X148.28 Y178.28 Z15.6
G0 F15000 X147.663 Y177.663
;TIME_ELAPSED:3369.392279
;LAYER:77
;TYPE:WALL-INNER
;MESH:Top Carcaza.stl
G1 F4800 E1025.43733
G1 X147.663 Y74.337 E1029.21763
G1 X104.338 Y74.338 E1030.80272
G1 X104.338 Y177.662 E1034.58295
G1 X147.663 Y177.663 E1036.16804
G0 F15000 X147.223 Y177.223
;TYPE:WALL-OUTER
G1 F3600 X147.223 Y74.777 E1039.91615
G1 X104.778 Y74.778 E1041.46905
G1 X104.778 Y177.222 E1045.21708
G1 X147.223 Y177.223 E1046.76998
G0 F15000 X147.84 Y177.84
;TYPE:WALL-INNER
G1 F4800 X147.663 Y177.84 E1046.77479
G1 X104.338 Y177.84 E1047.41569
G1 X104.16 Y177.84 E1047.42054
G1 X104.16 Y177.662 E1047.42538
G1 X104.16 Y74.338 E1048.95814
G1 X104.16 Y74.16 E1048.96299
G1 X104.338 Y74.16 E1048.96783
G1 X147.663 Y74.16 E1049.60873
G1 X147.84 Y74.16 E1049.61355
G1 X147.84 Y74.337 E1049.61836
G1 X147.84 Y177.663 E1051.14253
G1 X147.84 Y177.84 E1051.14735
G0 F15000 X148.28 Y178.28
;TYPE:WALL-OUTER
G1 F3600 X103.72 Y178.28 E1052.77763
G1 X103.72 Y73.72 E1056.60307
G1 X148.28 Y73.72 E1058.23335
G1 X148.28 Y178.28 E1062.0588
G1 F4800 E1052.0588
;MESH:NONMESH
G0 F300 X148.28 Y178.28 Z15.8
G0 F15000 X147.663 Y177.663
;TIME_ELAPSED:3389.231649
;LAYER:78
;TYPE:WALL-INNER
;MESH:Top Carcaza.stl
G1 F4800 E1062.0588
G1 X147.663 Y74.337 E1065.8391
G1 X104.338 Y74.338 E1067.42419
G1 X104.338 Y177.662 E1071.20442
G1 X147.663 Y177.663 E1072.78952
G0 F15000 X147.223 Y177.223
;TYPE:WALL-OUTER
G1 F3600 X147.223 Y74.777 E1076.53762
G1 X104.778 Y74.778 E1078.09052
G1 X104.778 Y177.222 E1081.83855
G1 X147.223 Y177.223 E1083.39145
G0 F15000 X147.84 Y177.84
;TYPE:WALL-INNER
G1 F4800 X147.663 Y177.84 E1083.39626
G1 X104.338 Y177.84 E1084.03716
G1 X104.16 Y177.84 E1084.04201
G1 X104.16 Y177.662 E1084.04686
G1 X104.16 Y74.338 E1085.57961
G1 X104.16 Y74.16 E1085.58446
G1 X104.338 Y74.16 E1085.58931
G1 X147.663 Y74.16 E1086.23021
G1 X147.84 Y74.16 E1086.23502
G1 X147.84 Y74.337 E1086.23983
G1 X147.84 Y177.663 E1087.76401
G1 X147.84 Y177.84 E1087.76882
G0 F15000 X148.28 Y178.28
;TYPE:WALL-OUTER
G1 F3600 X103.72 Y178.28 E1089.3991
G1 X103.72 Y73.72 E1093.22455
G1 X148.28 Y73.72 E1094.85483
G1 X148.28 Y178.28 E1098.68027
G1 F4800 E1088.68027
;MESH:NONMESH
G0 F300 X148.28 Y178.28 Z16
G0 F15000 X147.663 Y177.663
;TIME_ELAPSED:3409.071018
;LAYER:79
;TYPE:WALL-INNER
;MESH:Top Carcaza.stl
G1 F4800 E1098.68027
G1 X147.663 Y74.337 E1102.46057
G1 X104.338 Y74.338 E1104.04567
G1 X104.338 Y177.662 E1107.8259
G1 X147.663 Y177.663 E1109.41099
G0 F15000 X147.223 Y177.223
;TYPE:WALL-OUTER
G1 F3600 X147.223 Y74.777 E1113.15909
G1 X104.778 Y74.778 E1114.71199
G1 X104.778 Y177.222 E1118.46003
G1 X147.223 Y177.223 E1120.01292
G0 F15000 X147.84 Y177.84
;TYPE:WALL-INNER
G1 F4800 X147.663 Y177.84 E1120.01774
G1 X104.338 Y177.84 E1120.65864
G1 X104.16 Y177.84 E1120.66348
G1 X104.16 Y177.662 E1120.66833
G1 X104.16 Y74.338 E1122.20109
G1 X104.16 Y74.16 E1122.20593
G1 X104.338 Y74.16 E1122.21078
G1 X147.663 Y74.16 E1122.85168
G1 X147.84 Y74.16 E1122.85649
G1 X147.84 Y74.337 E1122.8613
G1 X147.84 Y177.663 E1124.38548
G1 X147.84 Y177.84 E1124.39029
G0 F15000 X148.28 Y178.28
;TYPE:WALL-OUTER
G1 F3600 X103.72 Y178.28 E1126.02057
G1 X103.72 Y73.72 E1129.84602
G1 X148.28 Y73.72 E1131.4763
G1 X148.28 Y178.28 E1135.30175
G1 F4800 E1125.30175
;MESH:NONMESH
G0 F300 X148.28 Y178.28 Z16.2
G0 F15000 X147.663 Y177.663
;TIME_ELAPSED:3428.910388
;LAYER:80
;TYPE:WALL-INNER
;MESH:Top Carcaza.stl
G1 F4800 E1135.30175
G1 X147.663 Y74.337 E1139.08205
G1 X104.338 Y74.338 E1140.66714
G1 X104.338 Y177.662 E1144.44737
G1 X147.663 Y177.663 E1146.03246
G0 F15000 X147.223 Y177.223
;TYPE:WALL-OUTER
G1 F3600 X147.223 Y74.777 E1149.78057
G1 X104.778 Y74.778 E1151.33347
G1 X104.778 Y177.222 E1155.0815
G1 X147.223 Y177.223 E1156.6344
G0 F15000 X147.84 Y177.84
;TYPE:WALL-INNER
G1 F4800 X147.663 Y177.84 E1156.63921
G1 X104.338 Y177.84 E1157.28011
G1 X104.16 Y177.84 E1157.28496
G1 X104.16 Y177.662 E1157.2898
G1 X104.16 Y74.338 E1158.82256
G1 X104.16 Y74.16 E1158.82741
G1 X104.338 Y74.16 E1158.83225
G1 X147.663 Y74.16 E1159.47315
G1 X147.84 Y74.16 E1159.47797
G1 X147.84 Y74.337 E1159.48278
G1 X147.84 Y177.663 E1161.00695
G1 X147.84 Y177.84 E1161.01177
G0 F15000 X148.28 Y178.28
;TYPE:WALL-OUTER
G1 F3600 X103.72 Y178.28 E1162.64205
G1 X103.72 Y73.72 E1166.46749
G1 X148.28 Y73.72 E1168.09777
G1 X148.28 Y178.28 E1171.92322
G1 F4800 E1161.92322
;MESH:NONMESH
G0 F300 X148.28 Y178.28 Z16.4
G0 F15000 X147.663 Y177.663
;TIME_ELAPSED:3448.749758
;LAYER:81
;TYPE:WALL-INNER
;MESH:Top Carcaza.stl
G1 F4800 E1171.92322
G1 X147.663 Y74.337 E1175.70352
G1 X104.338 Y74.338 E1177.28862
G1 X104.338 Y177.662 E1181.06884
G1 X147.663 Y177.663 E1182.65394
G0 F15000 X147.223 Y177.223
;TYPE:WALL-OUTER
G1 F3600 X147.223 Y74.777 E1186.40204
G1 X104.778 Y74.778 E1187.95494
G1 X104.778 Y177.222 E1191.70297
G1 X147.223 Y177.223 E1193.25587
G0 F15000 X147.84 Y177.84
;TYPE:WALL-INNER
G1 F4800 X147.663 Y177.84 E1193.26068
G1 X104.338 Y177.84 E1193.90158
G1 X104.16 Y177.84 E1193.90643
G1 X104.16 Y177.662 E1193.91128
G1 X104.16 Y74.338 E1195.44403
G1 X104.16 Y74.16 E1195.44888
G1 X104.338 Y74.16 E1195.45373
G1 X147.663 Y74.16 E1196.09463
G1 X147.84 Y74.16 E1196.09944
G1 X147.84 Y74.337 E1196.10425
G1 X147.84 Y177.663 E1197.62843
G1 X147.84 Y177.84 E1197.63324
G0 F15000 X148.28 Y178.28
;TYPE:WALL-OUTER
G1 F3600 X103.72 Y178.28 E1199.26352
G1 X103.72 Y73.72 E1203.08897
G1 X148.28 Y73.72 E1204.71925
G1 X148.28 Y178.28 E1208.54469
G1 F4800 E1198.54469
;MESH:NONMESH
G0 F300 X148.28 Y178.28 Z16.6
G0 F15000 X122.6 Y74.6
;TIME_ELAPSED:3469.428891
;LAYER:82
;TYPE:WALL-INNER
;MESH:Top Carcaza.stl
G1 F4800 E1208.54469
G1 X130.4 Y74.6 E1208.83007
G1 X130.4 Y75.65 E1208.86848
G1 X122.6 Y75.65 E1209.15385
G1 X122.6 Y74.6 E1209.19227
G1 F4800 E1199.19227
G0 F15000 X104.6 Y147.6
G1 F4800 E1209.19227
G1 X105.65 Y147.6 E1209.23068
G1 X105.65 Y155.4 E1209.51606
G1 X104.6 Y155.4 E1209.55447
G1 X104.6 Y147.6 E1209.83984
G1 F4800 E1199.83984
G0 F15000 X146.35 Y147.6
G1 F4800 E1209.83984
G1 X147.4 Y147.6 E1209.87826
G1 X147.4 Y155.4 E1210.16363
G1 X146.35 Y155.4 E1210.20205
G1 X146.35 Y147.6 E1210.48742
G1 F4800 E1200.48742
G0 F15000 X147.663 Y177.663
G1 F4800 E1210.48742
G1 X147.663 Y155.84 E1211.28584
G1 X145.91 Y155.84 E1211.34997
G1 X145.91 Y147.16 E1211.66754
G1 X147.663 Y147.16 E1211.73168
G1 X147.663 Y74.337 E1214.39599
G1 X130.84 Y74.337 E1215.01148
G1 X130.84 Y76.09 E1215.07561
G1 X122.16 Y76.09 E1215.39318
G1 X122.16 Y74.337 E1215.45732
G1 X104.337 Y74.337 E1216.10939
G1 X104.337 Y147.16 E1218.7737
G1 X106.09 Y147.16 E1218.83784
G1 X106.09 Y155.84 E1219.15541
G1 X104.337 Y155.84 E1219.21954
G1 X104.337 Y177.663 E1220.01796
G1 X147.663 Y177.663 E1221.60309
G0 F15000 X147.223 Y177.223
;TYPE:WALL-OUTER
G1 F3600 X147.223 Y156.28 E1222.36932
G1 X145.47 Y156.28 E1222.43345
G1 X145.47 Y146.72 E1222.78322
G1 X147.223 Y146.72 E1222.84735
G1 X147.223 Y74.777 E1225.47947
G1 X131.28 Y74.777 E1226.06276
G1 X131.28 Y76.53 E1226.1269
G1 X121.72 Y76.53 E1226.47666
G1 X121.72 Y74.777 E1226.5408
G1 X104.777 Y74.777 E1227.16068
G1 X104.777 Y146.72 E1229.79279
G1 X106.53 Y146.72 E1229.85693
G1 X106.53 Y156.28 E1230.20669
G1 X104.777 Y156.28 E1230.27083
G1 X104.777 Y177.223 E1231.03705
G1 X147.223 Y177.223 E1232.58999
G0 F15000 X147.84 Y177.84
;TYPE:WALL-INNER
G1 F4800 X147.663 Y177.84 E1232.5948
G1 X104.337 Y177.84 E1233.23391
G1 X104.16 Y177.84 E1233.23872
G1 X104.16 Y177.663 E1233.24353
G1 X104.16 Y155.84 E1233.56545
G1 X104.16 Y147.16 E1233.88302
G1 X104.16 Y74.337 E1234.95724
G1 X104.16 Y74.16 E1234.96205
G1 X104.337 Y74.16 E1234.96686
G1 X122.16 Y74.16 E1235.22977
G1 X130.84 Y74.16 E1235.54734
G1 X147.663 Y74.16 E1235.7955
G1 X147.84 Y74.16 E1235.80031
G1 X147.84 Y74.337 E1235.80512
G1 X147.84 Y147.16 E1236.87935
G1 X147.84 Y155.84 E1237.19691
G1 X147.84 Y177.663 E1237.51883
G1 X147.84 Y177.84 E1237.52364
G0 F15000 X148.28 Y178.28
;TYPE:WALL-OUTER
G1 F3600 X103.72 Y178.28 E1239.15392
G1 X103.72 Y73.72 E1242.97937
G1 X148.28 Y73.72 E1244.60964
G1 X148.28 Y178.28 E1248.43509
G1 F4800 E1238.43509
G0 F15000 X146.97 Y154.97
;TYPE:SKIN
G1 F4800 E1248.43509
G1 F2250 X146.78 Y154.97 E1248.44204
G1 X146.78 Y148.03 E1248.69595
G1 X146.97 Y148.03 E1248.7029
G1 X146.97 Y154.97 E1248.95681
G1 F4800 E1238.95681
G0 F15000 X105.22 Y154.97
G1 F4800 E1248.95681
G1 F2250 X105.03 Y154.97 E1248.96376
G1 X105.03 Y148.03 E1249.21767
G1 X105.22 Y148.03 E1249.22462
G1 X105.22 Y154.97 E1249.47853
G1 F4800 E1239.47853
G0 F15000 X123.03 Y75.22
G1 F4800 E1249.47853
G1 F2250 X123.03 Y75.03 E1249.48548
G1 X129.97 Y75.03 E1249.73939
G1 X129.97 Y75.22 E1249.74634
G1 X123.03 Y75.22 E1250.00025
G1 F4800 E1240.00025
;MESH:NONMESH
G0 F300 X123.03 Y75.22 Z16.8
G0 F15000 X122.6 Y74.6
;TIME_ELAPSED:3501.893542
;LAYER:83
;TYPE:WALL-INNER
;MESH:Top Carcaza.stl
G1 F4800 E1250.00025
G1 X130.4 Y74.6 E1250.28562
G1 X130.4 Y75.65 E1250.32404
G1 X122.6 Y75.65 E1250.60941
G1 X122.6 Y74.6 E1250.64782
G1 F4800 E1240.64782
G0 F15000 X104.6 Y147.6
G1 F4800 E1250.64782
G1 X105.65 Y147.6 E1250.68624
G1 X105.65 Y155.4 E1250.97161
G1 X104.6 Y155.4 E1251.01003
G1 X104.6 Y147.6 E1251.2954
G1 F4800 E1241.2954
G0 F15000 X146.35 Y147.6
G1 F4800 E1251.2954
G1 X147.4 Y147.6 E1251.33381
G1 X147.4 Y155.4 E1251.61919
G1 X146.35 Y155.4 E1251.6576
G1 X146.35 Y147.6 E1251.94297
G1 F4800 E1241.94297
G0 F15000 X147.663 Y177.663
G1 F4800 E1251.94297
G1 X147.663 Y155.84 E1252.74139
G1 X145.91 Y155.84 E1252.80553
G1 X145.91 Y147.16 E1253.1231
G1 X147.663 Y147.16 E1253.18723
G1 X147.663 Y74.337 E1255.85154
G1 X130.84 Y74.337 E1256.46703
G1 X130.84 Y76.09 E1256.53117
G1 X122.16 Y76.09 E1256.84874
G1 X122.16 Y74.337 E1256.91287
G1 X104.337 Y74.337 E1257.56495
G1 X104.337 Y147.16 E1260.22926
G1 X106.09 Y147.16 E1260.2934
G1 X106.09 Y155.84 E1260.61096
G1 X104.337 Y155.84 E1260.6751
G1 X104.337 Y177.663 E1261.47352
G1 X147.663 Y177.663 E1263.05865
G0 F15000 X147.223 Y177.223
;TYPE:WALL-OUTER
G1 F3600 X147.223 Y156.28 E1263.82487
G1 X145.47 Y156.28 E1263.88901
G1 X145.47 Y146.72 E1264.23877
G1 X147.223 Y146.72 E1264.30291
G1 X147.223 Y74.777 E1266.93503
G1 X131.28 Y74.777 E1267.51832
G1 X131.28 Y76.53 E1267.58245
G1 X121.72 Y76.53 E1267.93222
G1 X121.72 Y74.777 E1267.99635
G1 X104.777 Y74.777 E1268.61623
G1 X104.777 Y146.72 E1271.24835
G1 X106.53 Y146.72 E1271.31248
G1 X106.53 Y156.28 E1271.66225
G1 X104.777 Y156.28 E1271.72638
G1 X104.777 Y177.223 E1272.49261
G1 X147.223 Y177.223 E1274.04554
G0 F15000 X147.84 Y177.84
;TYPE:WALL-INNER
G1 F4800 X147.663 Y177.84 E1274.05036
G1 X104.337 Y177.84 E1274.68946
G1 X104.16 Y177.84 E1274.69428
G1 X104.16 Y177.663 E1274.69909
G1 X104.16 Y155.84 E1275.021
G1 X104.16 Y147.16 E1275.33857
G1 X104.16 Y74.337 E1276.41279
G1 X104.16 Y74.16 E1276.4176
G1 X104.337 Y74.16 E1276.42242
G1 X122.16 Y74.16 E1276.68533
G1 X130.84 Y74.16 E1277.00289
G1 X147.663 Y74.16 E1277.25105
G1 X147.84 Y74.16 E1277.25587
G1 X147.84 Y74.337 E1277.26068
G1 X147.84 Y147.16 E1278.3349
G1 X147.84 Y155.84 E1278.65247
G1 X147.84 Y177.663 E1278.97438
G1 X147.84 Y177.84 E1278.97919
G0 F15000 X148.28 Y178.28
;TYPE:WALL-OUTER
G1 F3600 X103.72 Y178.28 E1280.60947
G1 X103.72 Y73.72 E1284.43492
G1 X148.28 Y73.72 E1286.0652
G1 X148.28 Y178.28 E1289.89065
G1 F4800 E1279.89065
G0 F15000 X146.97 Y154.97
;TYPE:SKIN
G1 F4800 E1289.89065
G1 F2250 X146.78 Y154.97 E1289.8976
G1 X146.78 Y148.03 E1290.15151
G1 X146.97 Y148.03 E1290.15846
G1 X146.97 Y154.97 E1290.41237
G1 F4800 E1280.41237
G0 F15000 X105.22 Y154.97
G1 F4800 E1290.41237
G1 F2250 X105.03 Y154.97 E1290.41932
G1 X105.03 Y148.03 E1290.67323
G1 X105.22 Y148.03 E1290.68018
G1 X105.22 Y154.97 E1290.93408
G1 F4800 E1280.93408
G0 F15000 X123.03 Y75.22
G1 F4800 E1290.93408
G1 F2250 X123.03 Y75.03 E1290.94104
G1 X129.97 Y75.03 E1291.19494
G1 X129.97 Y75.22 E1291.2019
G1 X123.03 Y75.22 E1291.4558
G1 F4800 E1281.4558
;MESH:NONMESH
G0 F300 X123.03 Y75.22 Z17
G0 F15000 X122.6 Y74.6
;TIME_ELAPSED:3534.358192
;LAYER:84
;TYPE:WALL-INNER
;MESH:Top Carcaza.stl
G1 F4800 E1291.4558
G1 X130.4 Y74.6 E1291.74117
G1 X130.4 Y75.65 E1291.77959
G1 X122.6 Y75.65 E1292.06496
G1 X122.6 Y74.6 E1292.10338
G1 F4800 E1282.10338
G0 F15000 X104.6 Y147.6
G1 F4800 E1292.10338
G1 X105.65 Y147.6 E1292.14179
G1 X105.65 Y155.4 E1292.42717
G1 X104.6 Y155.4 E1292.46558
G1 X104.6 Y147.6 E1292.75095
G1 F4800 E1282.75095
G0 F15000 X146.35 Y147.6
G1 F4800 E1292.75095
G1 X147.4 Y147.6 E1292.78937
G1 X147.4 Y155.4 E1293.07474
G1 X146.35 Y155.4 E1293.11316
G1 X146.35 Y147.6 E1293.39853
G1 F4800 E1283.39853
G0 F15000 X147.663 Y177.663
G1 F4800 E1293.39853
G1 X147.663 Y155.84 E1294.19695
G1 X145.91 Y155.84 E1294.26108
G1 X145.91 Y147.16 E1294.57865
G1 X147.663 Y147.16 E1294.64279
G1 X147.663 Y74.337 E1297.3071
G1 X130.84 Y74.337 E1297.92259
G1 X130.84 Y76.09 E1297.98672
G1 X122.16 Y76.09 E1298.30429
G1 X122.16 Y74.337 E1298.36843
G1 X104.337 Y74.337 E1299.0205
G1 X104.337 Y147.16 E1301.68481
G1 X106.09 Y147.16 E1301.74895
G1 X106.09 Y155.84 E1302.06652
G1 X104.337 Y155.84 E1302.13065
G1 X104.337 Y177.663 E1302.92907
G1 X147.663 Y177.663 E1304.5142
G0 F15000 X147.223 Y177.223
;TYPE:WALL-OUTER
G1 F3600 X147.223 Y156.28 E1305.28043
G1 X145.47 Y156.28 E1305.34456
G1 X145.47 Y146.72 E1305.69433
G1 X147.223 Y146.72 E1305.75846
G1 X147.223 Y74.777 E1308.39058
G1 X131.28 Y74.777 E1308.97387
G1 X131.28 Y76.53 E1309.03801
G1 X121.72 Y76.53 E1309.38777
G1 X121.72 Y74.777 E1309.45191
G1 X104.777 Y74.777 E1310.07179
G1 X104.777 Y146.72 E1312.7039
G1 X106.53 Y146.72 E1312.76804
G1 X106.53 Y156.28 E1313.1178
G1 X104.777 Y156.28 E1313.18194
G1 X104.777 Y177.223 E1313.94816
G1 X147.223 Y177.223 E1315.5011
G0 F15000 X147.84 Y177.84
;TYPE:WALL-INNER
G1 F4800 X147.663 Y177.84 E1315.50591
G1 X104.337 Y177.84 E1316.14502
G1 X104.16 Y177.84 E1316.14983
G1 X104.16 Y177.663 E1316.15464
G1 X104.16 Y155.84 E1316.47656
G1 X104.16 Y147.16 E1316.79413
G1 X104.16 Y74.337 E1317.86835
G1 X104.16 Y74.16 E1317.87316
G1 X104.337 Y74.16 E1317.87797
G1 X122.16 Y74.16 E1318.14088
G1 X130.84 Y74.16 E1318.45845
G1 X147.663 Y74.16 E1318.70661
G1 X147.84 Y74.16 E1318.71142
G1 X147.84 Y74.337 E1318.71623
G1 X147.84 Y147.16 E1319.79046
G1 X147.84 Y155.84 E1320.10802
G1 X147.84 Y177.663 E1320.42994
G1 X147.84 Y177.84 E1320.43475
G0 F15000 X148.28 Y178.28
;TYPE:WALL-OUTER
G1 F3600 X103.72 Y178.28 E1322.06503
G1 X103.72 Y73.72 E1325.89048
G1 X148.28 Y73.72 E1327.52075
G1 X148.28 Y178.28 E1331.3462
G1 F4800 E1321.3462
G0 F15000 X146.97 Y154.97
;TYPE:SKIN
G1 F4800 E1331.3462
G1 F2250 X146.78 Y154.97 E1331.35315
G1 X146.78 Y148.03 E1331.60706
G1 X146.97 Y148.03 E1331.61401
G1 X146.97 Y154.97 E1331.86792
G1 F4800 E1321.86792
G0 F15000 X105.22 Y154.97
G1 F4800 E1331.86792
G1 F2250 X105.03 Y154.97 E1331.87487
G1 X105.03 Y148.03 E1332.12878
G1 X105.22 Y148.03 E1332.13573
G1 X105.22 Y154.97 E1332.38964
G1 F4800 E1322.38964
G0 F15000 X123.03 Y75.22
G1 F4800 E1332.38964
G1 F2250 X123.03 Y75.03 E1332.39659
G1 X129.97 Y75.03 E1332.6505
G1 X129.97 Y75.22 E1332.65745
G1 X123.03 Y75.22 E1332.91136
G1 F4800 E1322.91136
;MESH:NONMESH
G0 F300 X123.03 Y75.22 Z17.2
G0 F15000 X122.6 Y74.6
;TIME_ELAPSED:3566.822843
;LAYER:85
;TYPE:WALL-INNER
;MESH:Top Carcaza.stl
G1 F4800 E1332.91136
G1 X130.4 Y74.6 E1333.19673
G1 X130.4 Y75.65 E1333.23515
G1 X122.6 Y75.65 E1333.52052
G1 X122.6 Y74.6 E1333.55893
G1 F4800 E1323.55893
G0 F15000 X104.6 Y147.6
G1 F4800 E1333.55893
G1 X105.65 Y147.6 E1333.59735
G1 X105.65 Y155.4 E1333.88272
G1 X104.6 Y155.4 E1333.92114
G1 X104.6 Y147.6 E1334.20651
G1 F4800 E1324.20651
G0 F15000 X146.35 Y147.6
G1 F4800 E1334.20651
G1 X147.4 Y147.6 E1334.24492
G1 X147.4 Y155.4 E1334.53029
G1 X146.35 Y155.4 E1334.56871
G1 X146.35 Y147.6 E1334.85408
G1 F4800 E1324.85408
G0 F15000 X147.663 Y177.663
G1 F4800 E1334.85408
G1 X147.663 Y155.84 E1335.6525
G1 X145.91 Y155.84 E1335.71664
G1 X145.91 Y147.16 E1336.03421
G1 X147.663 Y147.16 E1336.09834
G1 X147.663 Y74.337 E1338.76265
G1 X130.84 Y74.337 E1339.37814
G1 X130.84 Y76.09 E1339.44228
G1 X122.16 Y76.09 E1339.75985
G1 X122.16 Y74.337 E1339.82398
G1 X104.337 Y74.337 E1340.47606
G1 X104.337 Y147.16 E1343.14037
G1 X106.09 Y147.16 E1343.2045
G1 X106.09 Y155.84 E1343.52207
G1 X104.337 Y155.84 E1343.58621
G1 X104.337 Y177.663 E1344.38463
G1 X147.663 Y177.663 E1345.96976
G0 F15000 X147.223 Y177.223
;TYPE:WALL-OUTER
G1 F3600 X147.223 Y156.28 E1346.73598
G1 X145.47 Y156.28 E1346.80012
G1 X145.47 Y146.72 E1347.14988
G1 X147.223 Y146.72 E1347.21402
G1 X147.223 Y74.777 E1349.84613
G1 X131.28 Y74.777 E1350.42943
G1 X131.28 Y76.53 E1350.49356
G1 X121.72 Y76.53 E1350.84333
G1 X121.72 Y74.777 E1350.90746
G1 X104.777 Y74.777 E1351.52734
G1 X104.777 Y146.72 E1354.15946
G1 X106.53 Y146.72 E1354.22359
G1 X106.53 Y156.28 E1354.57336
G1 X104.777 Y156.28 E1354.63749
G1 X104.777 Y177.223 E1355.40372
G1 X147.223 Y177.223 E1356.95665
G0 F15000 X147.84 Y177.84
;TYPE:WALL-INNER
G1 F4800 X147.663 Y177.84 E1356.96147
G1 X104.337 Y177.84 E1357.60057
G1 X104.16 Y177.84 E1357.60539
G1 X104.16 Y177.663 E1357.6102
G1 X104.16 Y155.84 E1357.93211
G1 X104.16 Y147.16 E1358.24968
G1 X104.16 Y74.337 E1359.3239
G1 X104.16 Y74.16 E1359.32871
G1 X104.337 Y74.16 E1359.33353
G1 X122.16 Y74.16 E1359.59644
G1 X130.84 Y74.16 E1359.914
G1 X147.663 Y74.16 E1360.16216
G1 X147.84 Y74.16 E1360.16698
G1 X147.84 Y74.337 E1360.17179
G1 X147.84 Y147.16 E1361.24601
G1 X147.84 Y155.84 E1361.56358
G1 X147.84 Y177.663 E1361.88549
G1 X147.84 Y177.84 E1361.8903
G0 F15000 X148.28 Y178.28
;TYPE:WALL-OUTER
G1 F3600 X103.72 Y178.28 E1363.52058
G1 X103.72 Y73.72 E1367.34603
G1 X148.28 Y73.72 E1368.97631
G1 X148.28 Y178.28 E1372.80176
G1 F4800 E1362.80176
G0 F15000 X146.97 Y154.97
;TYPE:SKIN
G1 F4800 E1372.80176
G1 F2250 X146.78 Y154.97 E1372.80871
G1 X146.78 Y148.03 E1373.06262
G1 X146.97 Y148.03 E1373.06957
G1 X146.97 Y154.97 E1373.32348
G1 F4800 E1363.32348
G0 F15000 X105.22 Y154.97
G1 F4800 E1373.32348
G1 F2250 X105.03 Y154.97 E1373.33043
G1 X105.03 Y148.03 E1373.58434
G1 X105.22 Y148.03 E1373.59129
G1 X105.22 Y154.97 E1373.84519
G1 F4800 E1363.84519
G0 F15000 X123.03 Y75.22
G1 F4800 E1373.84519
G1 F2250 X123.03 Y75.03 E1373.85215
G1 X129.97 Y75.03 E1374.10605
G1 X129.97 Y75.22 E1374.113
G1 X123.03 Y75.22 E1374.36691
G1 F4800 E1364.36691
;MESH:NONMESH
G0 F300 X123.03 Y75.22 Z17.4
G0 F15000 X122.6 Y74.6
;TIME_ELAPSED:3599.287493
;LAYER:86
;TYPE:WALL-INNER
;MESH:Top Carcaza.stl
G1 F4800 E1374.36691
G1 X130.4 Y74.6 E1374.65228
G1 X130.4 Y75.65 E1374.6907
G1 X122.6 Y75.65 E1374.97607
G1 X122.6 Y74.6 E1375.01449
G1 F4800 E1365.01449
G0 F15000 X104.6 Y147.6
G1 F4800 E1375.01449
G1 X105.65 Y147.6 E1375.0529
G1 X105.65 Y155.4 E1375.33827
G1 X104.6 Y155.4 E1375.37669
G1 X104.6 Y147.6 E1375.66206
G1 F4800 E1365.66206
G0 F15000 X146.35 Y147.6
G1 F4800 E1375.66206
G1 X147.4 Y147.6 E1375.70048
G1 X147.4 Y155.4 E1375.98585
G1 X146.35 Y155.4 E1376.02427
G1 X146.35 Y147.6 E1376.30964
G1 F4800 E1366.30964
G0 F15000 X147.663 Y177.663
G1 F4800 E1376.30964
G1 X147.663 Y155.84 E1377.10806
G1 X145.91 Y155.84 E1377.17219
G1 X145.91 Y147.16 E1377.48976
G1 X147.663 Y147.16 E1377.5539
G1 X147.663 Y74.337 E1380.21821
G1 X130.84 Y74.337 E1380.8337
G1 X130.84 Y76.09 E1380.89783
G1 X122.16 Y76.09 E1381.2154
G1 X122.16 Y74.337 E1381.27954
G1 X104.337 Y74.337 E1381.93161
G1 X104.337 Y147.16 E1384.59592
G1 X106.09 Y147.16 E1384.66006
G1 X106.09 Y155.84 E1384.97763
G1 X104.337 Y155.84 E1385.04176
G1 X104.337 Y177.663 E1385.84018
G1 X147.663 Y177.663 E1387.42531
G0 F15000 X147.223 Y177.223
;TYPE:WALL-OUTER
G1 F3600 X147.223 Y156.28 E1388.19154
G1 X145.47 Y156.28 E1388.25567
G1 X145.47 Y146.72 E1388.60544
G1 X147.223 Y146.72 E1388.66957
G1 X147.223 Y74.777 E1391.30169
G1 X131.28 Y74.777 E1391.88498
G1 X131.28 Y76.53 E1391.94912
G1 X121.72 Y76.53 E1392.29888
G1 X121.72 Y74.777 E1392.36302
G1 X104.777 Y74.777 E1392.9829
G1 X104.777 Y146.72 E1395.61501
G1 X106.53 Y146.72 E1395.67915
G1 X106.53 Y156.28 E1396.02891
G1 X104.777 Y156.28 E1396.09305
G1 X104.777 Y177.223 E1396.85927
G1 X147.223 Y177.223 E1398.41221
G0 F15000 X147.84 Y177.84
;TYPE:WALL-INNER
G1 F4800 X147.663 Y177.84 E1398.41702
G1 X104.337 Y177.84 E1399.05613
G1 X104.16 Y177.84 E1399.06094
G1 X104.16 Y177.663 E1399.06575
G1 X104.16 Y155.84 E1399.38767
G1 X104.16 Y147.16 E1399.70523
G1 X104.16 Y74.337 E1400.77946
G1 X104.16 Y74.16 E1400.78427
G1 X104.337 Y74.16 E1400.78908
G1 X122.16 Y74.16 E1401.05199
G1 X130.84 Y74.16 E1401.36956
G1 X147.663 Y74.16 E1401.61772
G1 X147.84 Y74.16 E1401.62253
G1 X147.84 Y74.337 E1401.62734
G1 X147.84 Y147.16 E1402.70156
G1 X147.84 Y155.84 E1403.01913
G1 X147.84 Y177.663 E1403.34105
G1 X147.84 Y177.84 E1403.34586
G0 F15000 X148.28 Y178.28
;TYPE:WALL-OUTER
G1 F3600 X103.72 Y178.28 E1404.97614
G1 X103.72 Y73.72 E1408.80159
G1 X148.28 Y73.72 E1410.43186
G1 X148.28 Y178.28 E1414.25731
G1 F4800 E1404.25731
G0 F15000 X146.97 Y154.97
;TYPE:SKIN
G1 F4800 E1414.25731
G1 F2250 X146.78 Y154.97 E1414.26426
G1 X146.78 Y148.03 E1414.51817
G1 X146.97 Y148.03 E1414.52512
G1 X146.97 Y154.97 E1414.77903
G1 F4800 E1404.77903
G0 F15000 X105.22 Y154.97
G1 F4800 E1414.77903
G1 F2250 X105.03 Y154.97 E1414.78598
G1 X105.03 Y148.03 E1415.03989
G1 X105.22 Y148.03 E1415.04684
G1 X105.22 Y154.97 E1415.30075
G1 F4800 E1405.30075
G0 F15000 X123.03 Y75.22
G1 F4800 E1415.30075
G1 F2250 X123.03 Y75.03 E1415.3077
G1 X129.97 Y75.03 E1415.56161
G1 X129.97 Y75.22 E1415.56856
G1 X123.03 Y75.22 E1415.82247
G1 F4800 E1405.82247
;MESH:NONMESH
G0 F300 X123.03 Y75.22 Z17.6
G0 F15000 X122.6 Y74.6
;TIME_ELAPSED:3631.752143
;LAYER:87
;TYPE:WALL-INNER
;MESH:Top Carcaza.stl
G1 F4800 E1415.82247
G1 X130.4 Y74.6 E1416.10784
G1 X130.4 Y75.65 E1416.14626
G1 X122.6 Y75.65 E1416.43163
G1 X122.6 Y74.6 E1416.47004
G1 F4800 E1406.47004
G0 F15000 X104.6 Y147.6
G1 F4800 E1416.47004
G1 X105.65 Y147.6 E1416.50846
G1 X105.65 Y155.4 E1416.79383
G1 X104.6 Y155.4 E1416.83225
G1 X104.6 Y147.6 E1417.11762
G1 F4800 E1407.11762
G0 F15000 X146.35 Y147.6
G1 F4800 E1417.11762
G1 X147.4 Y147.6 E1417.15603
G1 X147.4 Y155.4 E1417.4414
G1 X146.35 Y155.4 E1417.47982
G1 X146.35 Y147.6 E1417.76519
G1 F4800 E1407.76519
G0 F15000 X147.663 Y177.663
G1 F4800 E1417.76519
G1 X147.663 Y155.84 E1418.56361
G1 X145.91 Y155.84 E1418.62775
G1 X145.91 Y147.16 E1418.94531
G1 X147.663 Y147.16 E1419.00945
G1 X147.663 Y74.337 E1421.67376
G1 X130.84 Y74.337 E1422.28925
G1 X130.84 Y76.09 E1422.35339
G1 X122.16 Y76.09 E1422.67096
G1 X122.16 Y74.337 E1422.73509
G1 X104.337 Y74.337 E1423.38717
G1 X104.337 Y147.16 E1426.05148
G1 X106.09 Y147.16 E1426.11561
G1 X106.09 Y155.84 E1426.43318
G1 X104.337 Y155.84 E1426.49732
G1 X104.337 Y177.663 E1427.29574
G1 X147.663 Y177.663 E1428.88087
G0 F15000 X147.223 Y177.223
;TYPE:WALL-OUTER
G1 F3600 X147.223 Y156.28 E1429.64709
G1 X145.47 Y156.28 E1429.71123
G1 X145.47 Y146.72 E1430.06099
G1 X147.223 Y146.72 E1430.12513
G1 X147.223 Y74.777 E1432.75724
G1 X131.28 Y74.777 E1433.34054
G1 X131.28 Y76.53 E1433.40467
G1 X121.72 Y76.53 E1433.75444
G1 X121.72 Y74.777 E1433.81857
G1 X104.777 Y74.777 E1434.43845
G1 X104.777 Y146.72 E1437.07057
G1 X106.53 Y146.72 E1437.1347
G1 X106.53 Y156.28 E1437.48447
G1 X104.777 Y156.28 E1437.5486
G1 X104.777 Y177.223 E1438.31483
G1 X147.223 Y177.223 E1439.86776
G0 F15000 X147.84 Y177.84
;TYPE:WALL-INNER
G1 F4800 X147.663 Y177.84 E1439.87258
G1 X104.337 Y177.84 E1440.51168
G1 X104.16 Y177.84 E1440.5165
G1 X104.16 Y177.663 E1440.52131
G1 X104.16 Y155.84 E1440.84322
G1 X104.16 Y147.16 E1441.16079
G1 X104.16 Y74.337 E1442.23501
G1 X104.16 Y74.16 E1442.23982
G1 X104.337 Y74.16 E1442.24464
G1 X122.16 Y74.16 E1442.50755
G1 X130.84 Y74.16 E1442.82511
G1 X147.663 Y74.16 E1443.07327
G1 X147.84 Y74.16 E1443.07809
G1 X147.84 Y74.337 E1443.0829
G1 X147.84 Y147.16 E1444.15712
G1 X147.84 Y155.84 E1444.47469
G1 X147.84 Y177.663 E1444.7966
G1 X147.84 Y177.84 E1444.80141
G0 F15000 X148.28 Y178.28
;TYPE:WALL-OUTER
G1 F3600 X103.72 Y178.28 E1446.43169
G1 X103.72 Y73.72 E1450.25714
G1 X148.28 Y73.72 E1451.88742
G1 X148.28 Y178.28 E1455.71287
G1 F4800 E1445.71287
G0 F15000 X146.97 Y154.97
;TYPE:SKIN
G1 F4800 E1455.71287
G1 F2250 X146.78 Y154.97 E1455.71982
G1 X146.78 Y148.03 E1455.97373
G1 X146.97 Y148.03 E1455.98068
G1 X146.97 Y154.97 E1456.23459
G1 F4800 E1446.23459
G0 F15000 X105.22 Y154.97
G1 F4800 E1456.23459
G1 F2250 X105.03 Y154.97 E1456.24154
G1 X105.03 Y148.03 E1456.49544
G1 X105.22 Y148.03 E1456.5024
G1 X105.22 Y154.97 E1456.7563
G1 F4800 E1446.7563
G0 F15000 X123.03 Y75.22
G1 F4800 E1456.7563
G1 F2250 X123.03 Y75.03 E1456.76326
G1 X129.97 Y75.03 E1457.01716
G1 X129.97 Y75.22 E1457.02411
G1 X123.03 Y75.22 E1457.27802
G1 F4800 E1447.27802
;MESH:NONMESH
G0 F300 X123.03 Y75.22 Z17.8
G0 F15000 X122.6 Y74.6
;TIME_ELAPSED:3664.216794
;LAYER:88
;TYPE:WALL-INNER
;MESH:Top Carcaza.stl
G1 F4800 E1457.27802
G1 X130.4 Y74.6 E1457.56339
G1 X130.4 Y75.65 E1457.60181
G1 X122.6 Y75.65 E1457.88718
G1 X122.6 Y74.6 E1457.9256
G1 F4800 E1447.9256
G0 F15000 X104.6 Y147.6
G1 F4800 E1457.9256
G1 X105.65 Y147.6 E1457.96401
G1 X105.65 Y155.4 E1458.24938
G1 X104.6 Y155.4 E1458.2878
G1 X104.6 Y147.6 E1458.57317
G1 F4800 E1448.57317
G0 F15000 X146.35 Y147.6
G1 F4800 E1458.57317
G1 X147.4 Y147.6 E1458.61159
G1 X147.4 Y155.4 E1458.89696
G1 X146.35 Y155.4 E1458.93538
G1 X146.35 Y147.6 E1459.22075
G1 F4800 E1449.22075
G0 F15000 X147.663 Y177.663
G1 F4800 E1459.22075
G1 X147.663 Y155.84 E1460.01917
G1 X145.91 Y155.84 E1460.0833
G1 X145.91 Y147.16 E1460.40087
G1 X147.663 Y147.16 E1460.46501
G1 X147.663 Y74.337 E1463.12932
G1 X130.84 Y74.337 E1463.74481
G1 X130.84 Y76.09 E1463.80894
G1 X122.16 Y76.09 E1464.12651
G1 X122.16 Y74.337 E1464.19065
G1 X104.337 Y74.337 E1464.84272
G1 X104.337 Y147.16 E1467.50703
G1 X106.09 Y147.16 E1467.57117
G1 X106.09 Y155.84 E1467.88874
G1 X104.337 Y155.84 E1467.95287
G1 X104.337 Y177.663 E1468.75129
G1 X147.663 Y177.663 E1470.33642
G0 F15000 X147.223 Y177.223
;TYPE:WALL-OUTER
G1 F3600 X147.223 Y156.28 E1471.10265
G1 X145.47 Y156.28 E1471.16678
G1 X145.47 Y146.72 E1471.51655
G1 X147.223 Y146.72 E1471.58068
G1 X147.223 Y74.777 E1474.2128
G1 X131.28 Y74.777 E1474.79609
G1 X131.28 Y76.53 E1474.86023
G1 X121.72 Y76.53 E1475.20999
G1 X121.72 Y74.777 E1475.27413
G1 X104.777 Y74.777 E1475.89401
G1 X104.777 Y146.72 E1478.52612
G1 X106.53 Y146.72 E1478.59026
G1 X106.53 Y156.28 E1478.94002
G1 X104.777 Y156.28 E1479.00416
G1 X104.777 Y177.223 E1479.77038
G1 X147.223 Y177.223 E1481.32332
G0 F15000 X147.84 Y177.84
;TYPE:WALL-INNER
G1 F4800 X147.663 Y177.84 E1481.32813
G1 X104.337 Y177.84 E1481.96724
G1 X104.16 Y177.84 E1481.97205
G1 X104.16 Y177.663 E1481.97686
G1 X104.16 Y155.84 E1482.29878
G1 X104.16 Y147.16 E1482.61634
G1 X104.16 Y74.337 E1483.69057
G1 X104.16 Y74.16 E1483.69538
G1 X104.337 Y74.16 E1483.70019
G1 X122.16 Y74.16 E1483.9631
G1 X130.84 Y74.16 E1484.28067
G1 X147.663 Y74.16 E1484.52883
G1 X147.84 Y74.16 E1484.53364
G1 X147.84 Y74.337 E1484.53845
G1 X147.84 Y147.16 E1485.61267
G1 X147.84 Y155.84 E1485.93024
G1 X147.84 Y177.663 E1486.25216
G1 X147.84 Y177.84 E1486.25697
G0 F15000 X148.28 Y178.28
;TYPE:WALL-OUTER
G1 F3600 X103.72 Y178.28 E1487.88725
G1 X103.72 Y73.72 E1491.7127
G1 X148.28 Y73.72 E1493.34297
G1 X148.28 Y178.28 E1497.16842
G1 F4800 E1487.16842
G0 F15000 X146.97 Y154.97
;TYPE:SKIN
G1 F4800 E1497.16842
G1 F2250 X146.78 Y154.97 E1497.17537
G1 X146.78 Y148.03 E1497.42928
G1 X146.97 Y148.03 E1497.43623
G1 X146.97 Y154.97 E1497.69014
G1 F4800 E1487.69014
G0 F15000 X105.22 Y154.97
G1 F4800 E1497.69014
G1 F2250 X105.03 Y154.97 E1497.69709
G1 X105.03 Y148.03 E1497.951
G1 X105.22 Y148.03 E1497.95795
G1 X105.22 Y154.97 E1498.21186
G1 F4800 E1488.21186
G0 F15000 X123.03 Y75.22
G1 F4800 E1498.21186
G1 F2250 X123.03 Y75.03 E1498.21881
G1 X129.97 Y75.03 E1498.47272
G1 X129.97 Y75.22 E1498.47967
G1 X123.03 Y75.22 E1498.73358
;TIME_ELAPSED:3696.270472
G1 F4800 E1488.73358
M140 S0
M107
G91 ;Relative positionning
G1 E-2 F2700 ;Retract a bit
G1 E-2 Z0.2 F2400 ;Retract and raise Z
G1 X5 Y5 F3000 ;Wipe out
G1 Z10 ;Raise Z more
G90 ;Absolute positionning

G28 X Y ;Present print
M106 S0 ;Turn-off fan
M104 S0 ;Turn-off hotend
M140 S0 ;Turn-off bed

M84 X Y E ;Disable all steppers but Z

M82 ;absolute extrusion mode
M104 S0
;End of Gcode
