;FLAVOR:Marlin
;TIME:1179
;Filament used: 1.69683m
;Layer height: 0.2
;MINX:94.9
;MINY:64.9
;MINZ:0.2
;MAXX:157.1
;MAXY:187.1
;MAXZ:1
;Generated with Creality Slicer 4.8.2-204
M140 S65
M105
M190 S65
M104 S220
M105
M109 S220
M82 ;absolute extrusion mode

G28 ;Home

G92 E0 ;Reset Extruder
G1 Z2.0 F3000 ;Move Z Axis up
G1 X10.1 Y20 Z0.28 F5000.0 ;Move to start position
G1 X10.1 Y200.0 Z0.28 F1500.0 E15 ;Draw the first line
G1 X10.4 Y200.0 Z0.28 F5000.0 ;Move to side a little
G1 X10.4 Y20 Z0.28 F1500.0 E30 ;Draw the second line
G92 E0 ;Reset Extruder
G1 Z2.0 F3000 ;Move Z Axis up

G92 E0
G92 E0
G1 F4800 E-10
;LAYER_COUNT:5
;LAYER:0
M107
G0 F3000 X96.897 Y69.67 Z0.2
;TYPE:SKIRT
G1 F4800 E0
G1 F1200 X97.468 Y68.92 E0.03449
G1 X98.1 Y68.221 E0.06896
G1 X98.788 Y67.579 E0.10339
G1 X99.529 Y66.997 E0.13786
G1 X100.317 Y66.48 E0.17235
G1 X101.146 Y66.031 E0.20684
G1 X102.009 Y65.655 E0.24128
G1 X102.902 Y65.353 E0.27577
G1 X103.816 Y65.128 E0.31021
G1 X104.747 Y64.981 E0.34469
G1 X105.698 Y64.913 E0.37957
G1 X106.33 Y64.9 E0.4027
G1 X145.293 Y64.9 E1.82821
G1 X146.15 Y64.911 E1.85956
G1 X147.091 Y64.965 E1.89405
G1 X148.023 Y65.098 E1.92849
G1 X148.941 Y65.309 E1.96295
G1 X149.838 Y65.598 E1.99743
G1 X150.707 Y65.962 E2.0319
G1 X151.542 Y66.398 E2.06636
G1 X152.337 Y66.903 E2.10082
G1 X153.087 Y67.474 E2.13531
G1 X153.785 Y68.107 E2.16978
G1 X154.427 Y68.796 E2.20424
G1 X155.009 Y69.537 E2.23871
G1 X155.525 Y70.325 E2.27317
G1 X155.973 Y71.154 E2.30765
G1 X156.348 Y72.018 E2.34211
G1 X156.65 Y72.911 E2.3766
G1 X156.874 Y73.826 E2.41106
G1 X157.02 Y74.757 E2.44554
G1 X157.087 Y75.698 E2.48005
G1 X157.1 Y76.33 E2.50318
G1 X157.099 Y175.401 E6.12781
G1 X157.09 Y176.128 E6.15441
G1 X157.039 Y177.069 E6.18889
G1 X156.907 Y178.002 E6.22336
G1 X156.697 Y178.921 E6.25785
G1 X156.41 Y179.818 E6.29231
G1 X156.048 Y180.688 E6.32678
G1 X155.614 Y181.524 E6.36124
G1 X155.11 Y182.32 E6.39571
G1 X154.541 Y183.07 E6.43016
G1 X153.909 Y183.77 E6.46466
G1 X153.221 Y184.413 E6.49911
G1 X152.481 Y184.996 E6.53358
G1 X151.694 Y185.514 E6.56805
G1 X150.866 Y185.963 E6.60251
G1 X150.003 Y186.341 E6.63698
G1 X149.111 Y186.644 E6.67145
G1 X148.196 Y186.87 E6.70593
G1 X147.266 Y187.018 E6.74038
G1 X146.302 Y187.087 E6.77574
G1 X145.67 Y187.1 E6.79887
G1 X106.564 Y187.099 E8.22961
G1 X105.866 Y187.09 E8.25515
G1 X104.925 Y187.038 E8.28963
G1 X103.992 Y186.906 E8.3241
G1 X103.074 Y186.696 E8.35856
G1 X102.177 Y186.408 E8.39302
G1 X101.307 Y186.046 E8.4275
G1 X100.471 Y185.611 E8.46198
G1 X99.676 Y185.107 E8.49642
G1 X98.925 Y184.537 E8.53091
G1 X98.226 Y183.905 E8.56539
G1 X97.583 Y183.217 E8.59984
G1 X97.001 Y182.476 E8.63431
G1 X96.483 Y181.689 E8.66878
G1 X96.034 Y180.861 E8.70324
G1 X95.657 Y179.997 E8.73773
G1 X95.355 Y179.105 E8.77219
G1 X95.129 Y178.191 E8.80663
G1 X94.982 Y177.26 E8.84112
G1 X94.913 Y176.291 E8.87666
G1 X94.9 Y175.658 E8.89982
G1 X94.901 Y76.524 E12.52675
G1 X94.91 Y75.859 E12.55109
G1 X94.963 Y74.918 E12.58557
G1 X95.095 Y73.985 E12.62004
G1 X95.306 Y73.067 E12.65451
G1 X95.594 Y72.17 E12.68897
G1 X95.957 Y71.301 E12.72343
G1 X96.392 Y70.465 E12.75791
G1 X96.897 Y69.67 E12.79237
G0 F3000 X97.333 Y69.815
G1 F1200 X97.901 Y69.088 E12.82612
G1 X98.531 Y68.412 E12.85993
G1 X99.216 Y67.794 E12.89368
G1 X99.952 Y67.237 E12.92745
G1 X100.734 Y66.746 E12.96123
G1 X101.556 Y66.324 E12.99504
G1 X102.41 Y65.975 E13.02879
G1 X103.292 Y65.701 E13.06258
G1 X104.194 Y65.505 E13.09635
G1 X105.11 Y65.387 E13.13014
G1 X106.031 Y65.344 E13.16387
G1 X106.33 Y65.34 E13.17481
G1 X145.293 Y65.34 E14.60032
G1 X146.144 Y65.351 E14.63146
G1 X147.065 Y65.404 E14.66521
G1 X147.979 Y65.537 E14.699
G1 X148.878 Y65.748 E14.73279
G1 X149.755 Y66.037 E14.76657
G1 X150.604 Y66.4 E14.80035
G1 X151.418 Y66.835 E14.83412
G1 X152.192 Y67.339 E14.86791
G1 X152.919 Y67.908 E14.90169
G1 X153.594 Y68.538 E14.93547
G1 X154.212 Y69.224 E14.96925
G1 X154.768 Y69.96 E15.003
G1 X155.259 Y70.743 E15.03681
G1 X155.68 Y71.564 E15.07056
G1 X156.028 Y72.419 E15.10434
G1 X156.301 Y73.301 E15.13812
G1 X156.497 Y74.203 E15.17189
G1 X156.614 Y75.119 E15.20567
G1 X156.656 Y76.03 E15.23904
G1 X156.66 Y76.33 E15.25002
G1 X156.659 Y175.396 E18.87446
G1 X156.65 Y176.123 E18.90106
G1 X156.599 Y177.045 E18.93484
G1 X156.468 Y177.959 E18.96862
G1 X156.258 Y178.858 E19.0024
G1 X155.972 Y179.736 E19.03618
G1 X155.61 Y180.585 E19.06995
G1 X155.177 Y181.4 E19.10372
G1 X154.674 Y182.175 E19.13752
G1 X154.107 Y182.903 E19.17128
G1 X153.478 Y183.579 E19.20506
G1 X152.793 Y184.199 E19.23886
G1 X152.058 Y184.756 E19.2726
G1 X151.276 Y185.248 E19.30641
G1 X150.456 Y185.671 E19.34016
G1 X149.601 Y186.021 E19.37396
G1 X148.72 Y186.296 E19.40773
G1 X147.818 Y186.493 E19.44151
G1 X146.902 Y186.612 E19.4753
G1 X145.969 Y186.656 E19.50948
G1 X145.67 Y186.66 E19.52042
G1 X106.57 Y186.659 E20.95094
G1 X105.872 Y186.65 E20.97647
G1 X104.95 Y186.598 E21.01026
G1 X104.036 Y186.467 E21.04404
G1 X103.137 Y186.257 E21.07782
G1 X102.259 Y185.97 E21.11161
G1 X101.41 Y185.608 E21.14538
G1 X100.595 Y185.174 E21.17916
G1 X99.821 Y184.671 E21.21293
G1 X99.093 Y184.103 E21.24672
G1 X98.417 Y183.474 E21.2805
G1 X97.798 Y182.789 E21.31428
G1 X97.241 Y182.053 E21.34805
G1 X96.749 Y181.272 E21.38182
G1 X96.327 Y180.451 E21.41559
G1 X95.977 Y179.596 E21.44939
G1 X95.703 Y178.715 E21.48315
G1 X95.506 Y177.813 E21.51693
G1 X95.388 Y176.897 E21.55072
G1 X95.344 Y175.946 E21.58555
G1 X95.34 Y175.658 E21.59608
G1 X95.341 Y76.53 E25.2228
G1 X95.35 Y75.865 E25.24713
G1 X95.402 Y74.943 E25.28091
G1 X95.534 Y74.029 E25.3147
G1 X95.745 Y73.13 E25.34849
G1 X96.033 Y72.253 E25.38226
G1 X96.395 Y71.404 E25.41602
G1 X96.83 Y70.589 E25.44982
G1 X97.333 Y69.815 E25.4836
G0 F3000 X97.768 Y69.964
G1 F1200 X98.335 Y69.259 E25.5167
G1 X98.961 Y68.608 E25.54974
G1 X99.643 Y68.014 E25.58283
G1 X100.374 Y67.483 E25.61588
G1 X101.15 Y67.018 E25.64898
G1 X101.963 Y66.624 E25.68203
G1 X102.809 Y66.303 E25.71514
G1 X103.679 Y66.058 E25.74821
G1 X104.567 Y65.891 E25.78127
G1 X105.723 Y65.793 E25.82371
G1 X106.33 Y65.78 E25.84592
G1 X145.293 Y65.78 E27.27143
G1 X146.137 Y65.791 E27.30231
G1 X147.04 Y65.844 E27.33541
G1 X147.934 Y65.976 E27.36847
G1 X148.813 Y66.187 E27.40154
G1 X149.67 Y66.475 E27.43462
G1 X150.498 Y66.838 E27.46769
G1 X151.291 Y67.272 E27.50077
G1 X152.043 Y67.774 E27.53385
G1 X152.747 Y68.341 E27.56692
G1 X153.398 Y68.968 E27.59999
G1 X153.991 Y69.65 E27.63305
G1 X154.522 Y70.382 E27.66614
G1 X154.986 Y71.158 E27.69922
G1 X155.379 Y71.972 E27.73229
G1 X155.699 Y72.817 E27.76535
G1 X155.944 Y73.688 E27.79845
G1 X156.11 Y74.576 E27.8315
G1 X156.207 Y75.723 E27.87361
G1 X156.22 Y76.33 E27.89583
G1 X156.219 Y175.391 E31.52009
G1 X156.21 Y176.118 E31.54669
G1 X156.159 Y177.02 E31.57974
G1 X156.028 Y177.915 E31.61283
G1 X155.819 Y178.794 E31.64589
G1 X155.533 Y179.651 E31.67894
G1 X155.172 Y180.48 E31.71203
G1 X154.74 Y181.274 E31.7451
G1 X154.238 Y182.027 E31.77821
G1 X153.673 Y182.732 E31.81126
G1 X153.047 Y183.384 E31.84433
G1 X152.366 Y183.979 E31.87742
G1 X151.635 Y184.511 E31.91049
G1 X150.861 Y184.976 E31.94353
G1 X150.047 Y185.371 E31.97663
G1 X149.203 Y185.693 E32.00968
G1 X148.333 Y185.939 E32.04276
G1 X147.445 Y186.107 E32.07582
G1 X146.277 Y186.207 E32.11871
G1 X145.67 Y186.22 E32.14092
G1 X106.575 Y186.219 E33.57126
G1 X105.877 Y186.21 E33.5968
G1 X104.975 Y186.159 E33.62985
G1 X104.08 Y186.027 E33.66295
G1 X103.201 Y185.818 E33.69601
G1 X102.344 Y185.531 E33.72907
G1 X101.515 Y185.17 E33.76215
G1 X100.721 Y184.737 E33.79524
G1 X99.969 Y184.235 E33.82832
G1 X99.264 Y183.669 E33.8614
G1 X98.612 Y183.043 E33.89447
G1 X98.018 Y182.362 E33.92753
G1 X97.486 Y181.631 E33.96061
G1 X97.021 Y180.856 E33.99367
G1 X96.626 Y180.043 E34.02674
G1 X96.305 Y179.198 E34.05981
G1 X96.06 Y178.328 E34.09288
G1 X95.892 Y177.439 E34.12598
G1 X95.793 Y176.267 E34.16901
G1 X95.78 Y175.658 E34.1913
G1 X95.781 Y76.536 E37.81779
G1 X95.79 Y75.871 E37.84212
G1 X95.842 Y74.968 E37.87522
G1 X95.974 Y74.074 E37.90828
G1 X96.184 Y73.195 E37.94134
G1 X96.471 Y72.337 E37.97444
G1 X96.833 Y71.509 E38.00751
G1 X97.267 Y70.716 E38.04058
G1 X97.768 Y69.964 E38.07364
G1 F4800 E28.07364
;MESH:Botton Carcaza (1).stl
G0 F3000 X107.1 Y77.1
;TYPE:WALL-INNER
G1 F4800 E38.07364
G1 F600 X107.774 Y77.1 E38.0983
G1 X107.959 Y77.1 E38.10507
G1 X108.546 Y77.1 E38.12654
G1 X107.959 Y77.379 E38.13525
G1 X107.832 Y77.513 E38.14087
G1 X107.513 Y77.851 E38.15787
G1 X107.355 Y78.019 E38.16631
G1 X107.1 Y78.517 E38.18678
G1 X107.1 Y78.019 E38.19166
G1 X107.1 Y77.788 E38.19846
G1 X107.1 Y77.1 E38.22363
G1 F4800 E28.22363
G0 F3000 X107.1 Y80.483
G1 F4800 E38.22363
G1 F1200 X107.384 Y81.038 E38.24644
G1 X107.516 Y81.17 E38.25327
G1 X107.962 Y81.616 E38.27635
G1 X108.693 Y81.989 E38.30637
G1 X109.5 Y82.115 E38.33626
G1 X110.307 Y81.989 E38.36614
G1 X111.038 Y81.616 E38.39617
G1 X111.616 Y81.038 E38.42607
G1 X111.989 Y80.307 E38.4561
G1 X112.117 Y79.485 E38.48653
G1 X111.96 Y78.637 E38.51808
G1 X111.618 Y77.962 E38.54577
G1 X111.17 Y77.516 E38.5689
G1 X111.038 Y77.384 E38.57573
G1 X110.483 Y77.1 E38.59854
G1 X111.038 Y77.1 E38.60467
G1 X111.225 Y77.1 E38.6104
G1 X140.775 Y77.1 E39.69152
G1 X140.962 Y77.1 E39.69836
G1 X141.517 Y77.1 E39.71867
G1 X140.962 Y77.384 E39.7273
G1 X140.83 Y77.516 E39.73301
G1 X140.384 Y77.962 E39.75608
G1 X140.011 Y78.693 E39.78611
G1 X139.885 Y79.5 E39.81599
G1 X140.011 Y80.307 E39.84587
G1 X140.384 Y81.038 E39.8759
G1 X140.962 Y81.616 E39.9058
G1 X141.693 Y81.989 E39.93583
G1 X142.5 Y82.115 E39.96571
G1 X143.307 Y81.989 E39.9956
G1 X144.038 Y81.616 E40.02562
G1 X144.484 Y81.17 E40.0487
G1 X144.617 Y81.038 E40.05555
G1 X144.9 Y80.482 E40.07838
G1 X144.9 Y81.038 E40.0845
G1 X144.9 Y81.226 E40.09025
G1 X144.9 Y170.775 E43.36651
G1 X144.9 Y170.962 E43.37335
G1 X144.9 Y171.517 E43.39365
G1 X144.616 Y170.962 E43.40228
G1 X144.484 Y170.83 E43.40799
G1 X144.038 Y170.384 E43.43107
G1 X143.307 Y170.011 E43.4611
G1 X142.5 Y169.885 E43.49098
G1 X141.693 Y170.011 E43.52086
G1 X140.962 Y170.384 E43.55089
G1 X140.384 Y170.962 E43.58079
G1 X140.011 Y171.693 E43.61082
G1 X139.885 Y172.5 E43.6407
G1 X140.011 Y173.307 E43.67058
G1 X140.384 Y174.038 E43.70061
G1 X140.83 Y174.484 E43.72368
G1 X140.962 Y174.616 E43.73051
G1 X141.517 Y174.9 E43.75332
G1 X140.962 Y174.9 E43.75946
G1 X140.775 Y174.9 E43.76519
G1 X107.1 Y174.9 E44.99722
G1 X107.1 Y81.225 E48.42443
G1 X107.1 Y81.038 E48.43016
G1 X107.1 Y80.483 E48.43629
G1 F4800 E38.43629
G0 F3000 X143.483 Y77.1
G1 F4800 E48.43629
G1 F600 X144.038 Y77.1 E48.4566
G1 X144.225 Y77.1 E48.46344
G1 X144.9 Y77.1 E48.48814
G1 X144.9 Y77.775 E48.51283
G1 X144.9 Y77.962 E48.51967
G1 X144.9 Y78.518 E48.54002
G1 X144.616 Y77.962 E48.54865
G1 X144.484 Y77.83 E48.55437
G1 X144.17 Y77.516 E48.57061
G1 X144.038 Y77.384 E48.57632
G1 X143.483 Y77.1 E48.58495
G1 F4800 E38.58495
G0 F3000 X144.9 Y173.483
G1 F4800 E48.58495
G1 F600 X144.9 Y174.038 E48.60526
G1 X144.9 Y174.225 E48.6121
G1 X144.9 Y174.9 E48.6368
G1 X144.225 Y174.9 E48.66149
G1 X144.038 Y174.9 E48.66833
G1 X143.483 Y174.9 E48.68864
G1 X144.038 Y174.616 E48.69727
G1 X144.17 Y174.484 E48.70298
G1 X144.484 Y174.17 E48.71923
G1 X144.616 Y174.038 E48.72494
G1 X144.9 Y173.483 E48.73357
G1 F4800 E38.73357
G0 F3000 X108.222 Y77.741
G1 F4800 E48.73357
G1 F600 X107.718 Y78.275 E48.76043
G1 X107.435 Y78.829 E48.78319
G1 X107.328 Y79.5 E48.80805
G1 X107.435 Y80.171 E48.83291
G1 X107.744 Y80.776 E48.85776
G1 X108.224 Y81.256 E48.8826
G1 X108.83 Y81.565 E48.90749
G1 X109.5 Y81.67 E48.9323
G1 X110.17 Y81.565 E48.95711
G1 X110.776 Y81.256 E48.982
G1 X111.256 Y80.776 E49.00683
G1 X111.565 Y80.17 E49.03172
G1 X111.671 Y79.491 E49.05686
G1 X111.539 Y78.78 E49.08332
G1 X111.257 Y78.224 E49.10613
G1 X110.776 Y77.744 E49.13099
G1 X110.171 Y77.435 E49.15585
G1 X109.5 Y77.328 E49.1807
G1 X108.886 Y77.426 E49.20345
G1 X108.222 Y77.741 E49.23034
G0 F3000 X108.485 Y78.103
;TYPE:WALL-OUTER
G1 F600 X108.081 Y78.531 E49.25187
G1 X107.859 Y78.967 E49.26977
G1 X107.774 Y79.5 E49.28952
G1 X107.859 Y80.033 E49.30927
G1 X108.104 Y80.514 E49.32902
G1 X108.486 Y80.896 E49.34878
G1 X108.967 Y81.141 E49.36853
G1 X109.5 Y81.225 E49.38827
G1 X110.033 Y81.141 E49.40801
G1 X110.514 Y80.896 E49.42776
G1 X110.896 Y80.514 E49.44753
G1 X111.141 Y80.033 E49.46728
G1 X111.225 Y79.497 E49.48713
G1 X111.118 Y78.923 E49.50849
G1 X110.896 Y78.486 E49.52642
G1 X110.514 Y78.104 E49.54619
G1 X110.033 Y77.859 E49.56594
G1 X109.5 Y77.774 E49.58568
G1 X109.017 Y77.851 E49.60358
G1 X108.485 Y78.103 E49.62511
G0 F3000 X108.201 Y77.712
G1 F4800 E39.62511
G0 F3000 X144.675 Y79.5
;TYPE:WALL-INNER
G1 F4800 E49.62511
G1 F600 X144.539 Y78.779 E49.65196
G1 X144.256 Y78.224 E49.67475
G1 X143.776 Y77.744 E49.69959
G1 X143.171 Y77.435 E49.72444
G1 X142.5 Y77.328 E49.7493
G1 X141.829 Y77.435 E49.77416
G1 X141.224 Y77.744 E49.79901
G1 X140.744 Y78.224 E49.82385
G1 X140.435 Y78.83 E49.84874
G1 X140.33 Y79.5 E49.87355
G1 X140.435 Y80.17 E49.89836
G1 X140.744 Y80.776 E49.92325
G1 X141.224 Y81.256 E49.94808
G1 X141.83 Y81.565 E49.97297
G1 X142.5 Y81.67 E49.99778
G1 X143.17 Y81.565 E50.02259
G1 X143.776 Y81.256 E50.04748
G1 X144.257 Y80.776 E50.07234
G1 X144.538 Y80.223 E50.09504
G1 X144.675 Y79.5 E50.12196
G0 F3000 X144.227 Y79.5
;TYPE:WALL-OUTER
G1 F600 X144.118 Y78.922 E50.14348
G1 X143.896 Y78.486 E50.16138
G1 X143.514 Y78.104 E50.18114
G1 X143.033 Y77.859 E50.20089
G1 X142.5 Y77.774 E50.22064
G1 X141.967 Y77.859 E50.24039
G1 X141.486 Y78.104 E50.26014
G1 X141.104 Y78.486 E50.2799
G1 X140.859 Y78.967 E50.29965
G1 X140.775 Y79.5 E50.31939
G1 X140.859 Y80.033 E50.33913
G1 X141.104 Y80.514 E50.35888
G1 X141.486 Y80.896 E50.37865
G1 X141.967 Y81.141 E50.3984
G1 X142.5 Y81.225 E50.41814
G1 X143.033 Y81.141 E50.43788
G1 X143.514 Y80.896 E50.45763
G1 X143.896 Y80.514 E50.47739
G1 X144.117 Y80.079 E50.49524
G1 X144.227 Y79.5 E50.51681
G0 F3000 X144.711 Y79.5
G1 F4800 E40.51681
G0 F3000 X142.5 Y174.672
;TYPE:WALL-INNER
G1 F4800 E50.51681
G1 F600 X143.171 Y174.565 E50.54167
G1 X143.776 Y174.256 E50.56652
G1 X144.256 Y173.776 E50.59136
G1 X144.565 Y173.171 E50.61621
G1 X144.672 Y172.5 E50.64107
G1 X144.565 Y171.829 E50.66593
G1 X144.256 Y171.224 E50.69078
G1 X143.776 Y170.744 E50.71562
G1 X143.17 Y170.435 E50.74051
G1 X142.5 Y170.33 E50.76532
G1 X141.83 Y170.435 E50.79013
G1 X141.224 Y170.744 E50.81502
G1 X140.744 Y171.224 E50.83985
G1 X140.435 Y171.83 E50.86474
G1 X140.33 Y172.5 E50.88955
G1 X140.435 Y173.17 E50.91436
G1 X140.744 Y173.776 E50.93925
G1 X141.224 Y174.256 E50.96409
G1 X141.829 Y174.565 E50.98894
G1 X142.5 Y174.672 E51.0138
G0 F3000 X142.5 Y174.226
;TYPE:WALL-OUTER
G1 F600 X143.033 Y174.141 E51.03355
G1 X143.514 Y173.896 E51.0533
G1 X143.896 Y173.514 E51.07306
G1 X144.141 Y173.033 E51.09281
G1 X144.226 Y172.5 E51.11256
G1 X144.141 Y171.967 E51.1323
G1 X143.896 Y171.486 E51.15205
G1 X143.514 Y171.104 E51.17182
G1 X143.033 Y170.859 E51.19157
G1 X142.5 Y170.775 E51.21131
G1 X141.967 Y170.859 E51.23105
G1 X141.486 Y171.104 E51.2508
G1 X141.104 Y171.486 E51.27056
G1 X140.859 Y171.967 E51.29031
G1 X140.775 Y172.5 E51.31005
G1 X140.859 Y173.033 E51.3298
G1 X141.104 Y173.514 E51.34954
G1 X141.486 Y173.896 E51.36931
G1 X141.967 Y174.141 E51.38906
G1 X142.5 Y174.226 E51.40881
G0 F3000 X142.5 Y174.71
G1 F4800 E41.40881
G0 F3000 X145.34 Y175.34
;TYPE:WALL-INNER
G1 F4800 E51.40881
G1 F1200 X106.66 Y175.34 E52.82396
G1 X106.66 Y76.66 E56.43428
G1 X145.34 Y76.66 E57.84943
G1 X145.34 Y175.34 E61.45975
G0 F3000 X145.78 Y175.78
;TYPE:WALL-OUTER
G1 F1200 X106.22 Y175.78 E62.9071
G1 X106.22 Y76.22 E66.54962
G1 X145.78 Y76.22 E67.99697
G1 X145.78 Y175.78 E71.63948
G1 F4800 E61.63948
G0 F3000 X144.47 Y170.208
;TYPE:SKIN
G1 F4800 E71.63948
G1 F1200 X144.294 Y170.032 E71.64859
G1 X143.442 Y169.597 E71.68359
G1 X142.5 Y169.449 E71.71848
G1 X141.558 Y169.597 E71.75336
G1 X140.706 Y170.032 E71.78836
G1 X140.032 Y170.706 E71.82323
G1 X139.597 Y171.558 E71.85823
G1 X139.449 Y172.5 E71.89312
G1 X139.597 Y173.442 E71.92801
G1 X140.032 Y174.294 E71.96301
G1 X140.208 Y174.47 E71.97211
G1 X107.53 Y174.47 E73.16768
G1 X107.53 Y81.792 E76.55841
G1 X107.706 Y81.968 E76.56751
G1 X108.558 Y82.403 E76.60251
G1 X109.5 Y82.551 E76.6374
G1 X110.442 Y82.403 E76.67229
G1 X111.294 Y81.968 E76.70728
G1 X111.968 Y81.294 E76.74216
G1 X112.403 Y80.442 E76.77716
G1 X112.553 Y79.479 E76.81281
G1 X112.372 Y78.498 E76.84931
G1 X111.97 Y77.706 E76.88181
G1 X111.793 Y77.53 E76.89094
G1 X140.208 Y77.53 E77.93053
G1 X140.032 Y77.706 E77.93964
G1 X139.597 Y78.558 E77.97464
G1 X139.449 Y79.5 E78.00953
G1 X139.597 Y80.442 E78.04441
G1 X140.032 Y81.294 E78.07941
G1 X140.706 Y81.968 E78.11429
G1 X141.558 Y82.403 E78.14928
G1 X142.5 Y82.551 E78.18417
G1 X143.442 Y82.403 E78.21906
G1 X144.294 Y81.968 E78.25406
G1 X144.47 Y81.792 E78.26316
G1 X144.47 Y170.208 E81.49797
G1 F4800 E71.49797
G0 F3000 X108.334 Y174.293
G1 F4800 E81.49797
G1 F1200 X107.705 Y173.664 E81.53051
G0 F3000 X107.705 Y173.042
G1 F1200 X108.956 Y174.293 E81.59524
G0 F3000 X109.578 Y174.293
G1 F1200 X107.705 Y172.42 E81.69215
G0 F3000 X107.705 Y171.797
G1 F1200 X110.201 Y174.293 E81.82129
G0 F3000 X110.823 Y174.293
G1 F1200 X107.705 Y171.175 E81.98262
G0 F3000 X107.705 Y170.553
G1 F1200 X111.445 Y174.293 E82.17613
G0 F3000 X112.067 Y174.293
G1 F1200 X107.705 Y169.931 E82.40182
G0 F3000 X107.705 Y169.308
G1 F1200 X112.69 Y174.293 E82.65975
G0 F3000 X113.312 Y174.293
G1 F1200 X107.705 Y168.686 E82.94986
G0 F3000 X107.705 Y168.064
G1 F1200 X113.934 Y174.293 E83.27215
G0 F3000 X114.556 Y174.293
G1 F1200 X107.705 Y167.442 E83.62663
G0 F3000 X107.705 Y166.819
G1 F1200 X115.179 Y174.293 E84.01334
G0 F3000 X115.801 Y174.293
G1 F1200 X107.705 Y166.197 E84.43223
G0 F3000 X107.705 Y165.575
G1 F1200 X116.423 Y174.293 E84.8833
G0 F3000 X117.045 Y174.293
G1 F1200 X107.705 Y164.953 E85.36656
G0 F3000 X107.705 Y164.33
G1 F1200 X117.668 Y174.293 E85.88205
G0 F3000 X118.29 Y174.293
G1 F1200 X107.705 Y163.708 E86.42973
G0 F3000 X107.705 Y163.086
G1 F1200 X118.912 Y174.293 E87.00958
G0 F3000 X119.534 Y174.293
G1 F1200 X107.705 Y162.464 E87.62162
G0 F3000 X107.705 Y161.841
G1 F1200 X120.157 Y174.293 E88.2659
G0 F3000 X120.779 Y174.293
G1 F1200 X107.705 Y161.219 E88.94235
G0 F3000 X107.705 Y160.597
G1 F1200 X121.401 Y174.293 E89.65099
G0 F3000 X122.024 Y174.293
G1 F1200 X107.705 Y159.975 E90.39184
G0 F3000 X107.705 Y159.352
G1 F1200 X122.646 Y174.293 E91.1649
G0 F3000 X123.268 Y174.293
G1 F1200 X107.705 Y158.73 E91.97014
G0 F3000 X107.705 Y158.108
G1 F1200 X123.89 Y174.293 E92.80756
G0 F3000 X124.513 Y174.293
G1 F1200 X107.705 Y157.486 E93.67719
G0 F3000 X107.705 Y156.863
G1 F1200 X125.135 Y174.293 E94.57903
G0 F3000 X125.757 Y174.293
G1 F1200 X107.705 Y156.241 E95.51305
G0 F3000 X107.705 Y155.619
G1 F1200 X126.379 Y174.293 E96.47926
G0 F3000 X127.002 Y174.293
G1 F1200 X107.705 Y154.997 E97.47767
G0 F3000 X107.705 Y154.374
G1 F1200 X127.624 Y174.293 E98.50829
G0 F3000 X128.246 Y174.293
G1 F1200 X107.705 Y153.752 E99.5711
G0 F3000 X107.705 Y153.13
G1 F1200 X128.868 Y174.293 E100.66608
G0 F3000 X129.491 Y174.293
G1 F1200 X107.705 Y152.508 E101.79328
G0 F3000 X107.705 Y151.885
G1 F1200 X130.113 Y174.293 E102.95268
G0 F3000 X130.735 Y174.293
G1 F1200 X107.705 Y151.263 E104.14427
G0 F3000 X107.705 Y150.641
G1 F1200 X131.357 Y174.293 E105.36804
G0 F3000 X131.98 Y174.293
G1 F1200 X107.705 Y150.019 E106.62402
G0 F3000 X107.705 Y149.396
G1 F1200 X132.602 Y174.293 E107.9122
G0 F3000 X133.224 Y174.293
G1 F1200 X107.705 Y148.774 E109.23257
G0 F3000 X107.705 Y148.152
G1 F1200 X133.846 Y174.293 E110.58512
G0 F3000 X134.469 Y174.293
G1 F1200 X107.705 Y147.53 E111.96988
G0 F3000 X107.705 Y146.907
G1 F1200 X135.091 Y174.293 E113.38685
G0 F3000 X135.713 Y174.293
G1 F1200 X107.705 Y146.285 E114.836
G0 F3000 X107.705 Y145.663
G1 F1200 X136.335 Y174.293 E116.31734
G0 F3000 X136.958 Y174.293
G1 F1200 X107.705 Y145.041 E117.83088
G0 F3000 X107.705 Y144.418
G1 F1200 X137.58 Y174.293 E119.37663
G0 F3000 X138.202 Y174.293
G1 F1200 X107.705 Y143.796 E120.95457
G0 F3000 X107.705 Y143.174
G1 F1200 X138.824 Y174.293 E122.56468
G0 F3000 X139.447 Y174.293
G1 F1200 X107.705 Y142.552 E124.20701
G0 F3000 X107.705 Y141.929
G1 F1200 X139.588 Y173.812 E125.85665
G0 F3000 X139.339 Y172.941
G1 F1200 X107.705 Y141.307 E127.49342
G0 F3000 X107.705 Y140.685
G1 F1200 X139.304 Y172.283 E129.12834
G0 F3000 X139.388 Y171.745
G1 F1200 X107.705 Y140.063 E130.76762
G0 F3000 X107.705 Y139.44
G1 F1200 X139.541 Y171.276 E132.41483
G0 F3000 X139.752 Y170.865
G1 F1200 X107.705 Y138.818 E134.07296
G0 F3000 X107.705 Y138.196
G1 F1200 X139.998 Y170.489 E135.74382
G0 F3000 X140.309 Y170.177
G1 F1200 X107.705 Y137.573 E137.43077
G0 F3000 X107.705 Y136.951
G1 F1200 X140.627 Y169.873 E139.13418
G0 F3000 X141.038 Y169.662
G1 F1200 X107.705 Y136.329 E140.85885
G0 F3000 X107.705 Y135.707
G1 F1200 X141.451 Y169.452 E142.60486
G0 F3000 X141.972 Y169.352
G1 F1200 X107.705 Y135.084 E144.37788
G0 F3000 X107.705 Y134.462
G1 F1200 X142.514 Y169.271 E146.17892
G0 F3000 X143.252 Y169.387
G1 F1200 X107.705 Y133.84 E148.01815
G0 F3000 X107.705 Y133.218
G1 F1200 X144.293 Y169.806 E149.91123
G0 F3000 X144.293 Y169.183
G1 F1200 X107.705 Y132.595 E151.80432
G0 F3000 X107.705 Y131.973
G1 F1200 X144.293 Y168.561 E153.69741
G0 F3000 X144.293 Y167.939
G1 F1200 X107.705 Y131.351 E155.59049
G0 F3000 X107.705 Y130.729
G1 F1200 X144.293 Y167.317 E157.48358
G0 F3000 X144.293 Y166.694
G1 F1200 X107.705 Y130.106 E159.37666
G0 F3000 X107.705 Y129.484
G1 F1200 X144.293 Y166.072 E161.26975
G0 F3000 X144.293 Y165.45
G1 F1200 X107.705 Y128.862 E163.16284
G0 F3000 X107.705 Y128.24
G1 F1200 X144.293 Y164.828 E165.05592
G0 F3000 X144.293 Y164.205
G1 F1200 X107.705 Y127.617 E166.94901
G0 F3000 X107.705 Y126.995
G1 F1200 X144.293 Y163.583 E168.84209
G0 F3000 X144.293 Y162.961
G1 F1200 X107.705 Y126.373 E170.73518
G0 F3000 X107.705 Y125.751
G1 F1200 X144.293 Y162.338 E172.62824
G0 F3000 X144.293 Y161.716
G1 F1200 X107.705 Y125.128 E174.52133
G0 F3000 X107.705 Y124.506
G1 F1200 X144.293 Y161.094 E176.41441
G0 F3000 X144.293 Y160.472
G1 F1200 X107.705 Y123.884 E178.3075
G0 F3000 X107.705 Y123.262
G1 F1200 X144.293 Y159.849 E180.20056
G0 F3000 X144.293 Y159.227
G1 F1200 X107.705 Y122.639 E182.09365
G0 F3000 X107.705 Y122.017
G1 F1200 X144.293 Y158.605 E183.98673
G0 F3000 X144.293 Y157.983
G1 F1200 X107.705 Y121.395 E185.87982
G0 F3000 X107.705 Y120.773
G1 F1200 X144.293 Y157.36 E187.77288
G0 F3000 X144.293 Y156.738
G1 F1200 X107.705 Y120.15 E189.66596
G0 F3000 X107.705 Y119.528
G1 F1200 X144.293 Y156.116 E191.55905
G0 F3000 X144.293 Y155.494
G1 F1200 X107.705 Y118.906 E193.45214
G0 F3000 X107.705 Y118.284
G1 F1200 X144.293 Y154.871 E195.3452
G0 F3000 X144.293 Y154.249
G1 F1200 X107.705 Y117.661 E197.23828
G0 F3000 X107.705 Y117.039
G1 F1200 X144.293 Y153.627 E199.13137
G0 F3000 X144.293 Y153.005
G1 F1200 X107.705 Y116.417 E201.02445
G0 F3000 X107.705 Y115.795
G1 F1200 X144.293 Y152.382 E202.91751
G0 F3000 X144.293 Y151.76
G1 F1200 X107.705 Y115.172 E204.8106
G0 F3000 X107.705 Y114.55
G1 F1200 X144.293 Y151.138 E206.70369
G0 F3000 X144.293 Y150.516
G1 F1200 X107.705 Y113.928 E208.59677
G0 F3000 X107.705 Y113.306
G1 F1200 X144.293 Y149.893 E210.48983
G0 F3000 X144.293 Y149.271
G1 F1200 X107.705 Y112.683 E212.38292
G0 F3000 X107.705 Y112.061
G1 F1200 X144.293 Y148.649 E214.27601
G0 F3000 X144.293 Y148.027
G1 F1200 X107.705 Y111.439 E216.16909
G0 F3000 X107.705 Y110.817
G1 F1200 X144.293 Y147.404 E218.06215
G0 F3000 X144.293 Y146.782
G1 F1200 X107.705 Y110.194 E219.95524
G0 F3000 X107.705 Y109.572
G1 F1200 X144.293 Y146.16 E221.84832
G0 F3000 X144.293 Y145.538
G1 F1200 X107.705 Y108.95 E223.74141
G0 F3000 X107.705 Y108.328
G1 F1200 X144.293 Y144.915 E225.63447
G0 F3000 X144.293 Y144.293
G1 F1200 X107.705 Y107.705 E227.52756
G0 F3000 X107.705 Y107.083
G1 F1200 X144.293 Y143.671 E229.42064
G0 F3000 X144.293 Y143.049
G1 F1200 X107.705 Y106.461 E231.31373
G0 F3000 X107.705 Y105.839
G1 F1200 X144.293 Y142.426 E233.20679
G0 F3000 X144.293 Y141.804
G1 F1200 X107.705 Y105.216 E235.09987
G0 F3000 X107.705 Y104.594
G1 F1200 X144.293 Y141.182 E236.99296
G0 F3000 X144.293 Y140.56
G1 F1200 X107.705 Y103.972 E238.88605
G0 F3000 X107.705 Y103.35
G1 F1200 X144.293 Y139.937 E240.77911
G0 F3000 X144.293 Y139.315
G1 F1200 X107.705 Y102.727 E242.67219
G0 F3000 X107.705 Y102.105
G1 F1200 X144.293 Y138.693 E244.56528
G0 F3000 X144.293 Y138.071
G1 F1200 X107.705 Y101.483 E246.45837
G0 F3000 X107.705 Y100.861
G1 F1200 X144.293 Y137.448 E248.35143
G0 F3000 X144.293 Y136.826
G1 F1200 X107.705 Y100.238 E250.24451
G0 F3000 X107.705 Y99.616
G1 F1200 X144.293 Y136.204 E252.1376
G0 F3000 X144.293 Y135.582
G1 F1200 X107.705 Y98.994 E254.03068
G0 F3000 X107.705 Y98.371
G1 F1200 X144.293 Y134.959 E255.92377
G0 F3000 X144.293 Y134.337
G1 F1200 X107.705 Y97.749 E257.81686
G0 F3000 X107.705 Y97.127
G1 F1200 X144.293 Y133.715 E259.70994
G0 F3000 X144.293 Y133.093
G1 F1200 X107.705 Y96.505 E261.60303
G0 F3000 X107.705 Y95.882
G1 F1200 X144.293 Y132.47 E263.49611
G0 F3000 X144.293 Y131.848
G1 F1200 X107.705 Y95.26 E265.3892
G0 F3000 X107.705 Y94.638
G1 F1200 X144.293 Y131.226 E267.28229
G0 F3000 X144.293 Y130.604
G1 F1200 X107.705 Y94.016 E269.17537
G0 F3000 X107.705 Y93.393
G1 F1200 X144.293 Y129.981 E271.06846
G0 F3000 X144.293 Y129.359
G1 F1200 X107.705 Y92.771 E272.96154
G0 F3000 X107.705 Y92.149
G1 F1200 X144.293 Y128.737 E274.85463
G0 F3000 X144.293 Y128.115
G1 F1200 X107.705 Y91.527 E276.74772
G0 F3000 X107.705 Y90.904
G1 F1200 X144.293 Y127.492 E278.6408
G0 F3000 X144.293 Y126.87
G1 F1200 X107.705 Y90.282 E280.53389
G0 F3000 X107.705 Y89.66
G1 F1200 X144.293 Y126.248 E282.42697
G0 F3000 X144.293 Y125.626
G1 F1200 X107.705 Y89.038 E284.32006
G0 F3000 X107.705 Y88.415
G1 F1200 X144.293 Y125.003 E286.21315
G0 F3000 X144.293 Y124.381
G1 F1200 X107.705 Y87.793 E288.10623
G0 F3000 X107.705 Y87.171
G1 F1200 X144.293 Y123.759 E289.99932
G0 F3000 X144.293 Y123.136
G1 F1200 X107.705 Y86.549 E291.89238
G0 F3000 X107.705 Y85.926
G1 F1200 X144.293 Y122.514 E293.78547
G0 F3000 X144.293 Y121.892
G1 F1200 X107.705 Y85.304 E295.67855
G0 F3000 X107.705 Y84.682
G1 F1200 X144.293 Y121.27 E297.57164
G0 F3000 X144.293 Y120.647
G1 F1200 X107.705 Y84.06 E299.4647
G0 F3000 X107.705 Y83.437
G1 F1200 X144.293 Y120.025 E301.35778
G0 F3000 X144.293 Y119.403
G1 F1200 X107.705 Y82.815 E303.25087
G0 F3000 X107.705 Y82.193
G1 F1200 X144.293 Y118.781 E305.14396
G0 F3000 X144.293 Y118.158
G1 F1200 X108.746 Y82.611 E306.98318
G0 F3000 X109.484 Y82.727
G1 F1200 X144.293 Y117.536 E308.78422
G0 F3000 X144.293 Y116.914
G1 F1200 X110.026 Y82.647 E310.55722
G0 F3000 X110.548 Y82.546
G1 F1200 X144.293 Y116.292 E312.30323
G0 F3000 X144.293 Y115.669
G1 F1200 X110.959 Y82.336 E314.02793
G0 F3000 X111.371 Y82.125
G1 F1200 X144.293 Y115.047 E315.73133
G0 F3000 X144.293 Y114.425
G1 F1200 X111.688 Y81.82 E317.41833
G0 F3000 X112 Y81.509
G1 F1200 X144.293 Y113.803 E319.08922
G0 F3000 X144.293 Y113.18
G1 F1200 X112.246 Y81.133 E320.74735
G0 F3000 X112.456 Y80.721
G1 F1200 X144.293 Y112.558 E322.39462
G0 F3000 X144.293 Y111.936
G1 F1200 X112.61 Y80.253 E324.03392
G0 F3000 X112.693 Y79.714
G1 F1200 X144.293 Y111.314 E325.66892
G0 F3000 X144.293 Y110.691
G1 F1200 X112.652 Y79.051 E327.30602
G0 F3000 X112.41 Y78.186
G1 F1200 X144.293 Y110.069 E328.95567
G0 F3000 X144.293 Y109.447
G1 F1200 X112.552 Y77.706 E330.59796
G0 F3000 X113.174 Y77.706
G1 F1200 X144.293 Y108.825 E332.20808
G0 F3000 X144.293 Y108.202
G1 F1200 X113.796 Y77.706 E333.78599
G0 F3000 X114.419 Y77.706
G1 F1200 X144.293 Y107.58 E335.33169
G0 F3000 X144.293 Y106.958
G1 F1200 X115.041 Y77.706 E336.84521
G0 F3000 X115.663 Y77.706
G1 F1200 X144.293 Y106.336 E338.32654
G0 F3000 X144.293 Y105.713
G1 F1200 X116.285 Y77.706 E339.77567
G0 F3000 X116.908 Y77.706
G1 F1200 X144.293 Y105.091 E341.19258
G0 F3000 X144.293 Y104.469
G1 F1200 X117.53 Y77.706 E342.57732
G0 F3000 X118.152 Y77.706
G1 F1200 X144.293 Y103.847 E343.92987
G0 F3000 X144.293 Y103.224
G1 F1200 X118.774 Y77.706 E345.25021
G0 F3000 X119.397 Y77.706
G1 F1200 X144.293 Y102.602 E346.53835
G0 F3000 X144.293 Y101.98
G1 F1200 X120.019 Y77.706 E347.7943
G0 F3000 X120.641 Y77.706
G1 F1200 X144.293 Y101.358 E349.01807
G0 F3000 X144.293 Y100.735
G1 F1200 X121.263 Y77.706 E350.20963
G0 F3000 X121.886 Y77.706
G1 F1200 X144.293 Y100.113 E351.36898
G0 F3000 X144.293 Y99.491
G1 F1200 X122.508 Y77.706 E352.49615
G0 F3000 X123.13 Y77.706
G1 F1200 X144.293 Y98.869 E353.59114
G0 F3000 X144.293 Y98.246
G1 F1200 X123.752 Y77.706 E354.65392
G0 F3000 X124.375 Y77.706
G1 F1200 X144.293 Y97.624 E355.68449
G0 F3000 X144.293 Y97.002
G1 F1200 X124.997 Y77.706 E356.68287
G0 F3000 X125.619 Y77.706
G1 F1200 X144.293 Y96.38 E357.64908
G0 F3000 X144.293 Y95.757
G1 F1200 X126.241 Y77.706 E358.58307
G0 F3000 X126.864 Y77.706
G1 F1200 X144.293 Y95.135 E359.48486
G0 F3000 X144.293 Y94.513
G1 F1200 X127.486 Y77.706 E360.35447
G0 F3000 X128.108 Y77.706
G1 F1200 X144.293 Y93.891 E361.19189
G0 F3000 X144.293 Y93.268
G1 F1200 X128.73 Y77.706 E361.9971
G0 F3000 X129.353 Y77.706
G1 F1200 X144.293 Y92.646 E362.77011
G0 F3000 X144.293 Y92.024
G1 F1200 X129.975 Y77.706 E363.51093
G0 F3000 X130.597 Y77.706
G1 F1200 X144.293 Y91.402 E364.21957
G0 F3000 X144.293 Y90.779
G1 F1200 X131.219 Y77.706 E364.896
G0 F3000 X131.842 Y77.706
G1 F1200 X144.293 Y90.157 E365.54022
G0 F3000 X144.293 Y89.535
G1 F1200 X132.464 Y77.706 E366.15226
G0 F3000 X133.086 Y77.706
G1 F1200 X144.293 Y88.913 E366.73212
G0 F3000 X144.293 Y88.29
G1 F1200 X133.708 Y77.706 E367.27977
G0 F3000 X134.331 Y77.706
G1 F1200 X144.293 Y87.668 E367.79521
G0 F3000 X144.293 Y87.046
G1 F1200 X134.953 Y77.706 E368.27846
G0 F3000 X135.575 Y77.706
G1 F1200 X144.293 Y86.424 E368.72954
G0 F3000 X144.293 Y85.801
G1 F1200 X140.608 Y82.117 E368.92018
G0 F3000 X139.882 Y81.39
G1 F1200 X136.197 Y77.706 E369.11082
G0 F3000 X136.82 Y77.706
G1 F1200 X139.391 Y80.277 E369.24384
G0 F3000 X139.275 Y79.538
G1 F1200 X137.442 Y77.706 E369.33866
G0 F3000 X138.064 Y77.706
G1 F1200 X139.349 Y78.99 E369.40512
G0 F3000 X139.445 Y78.464
G1 F1200 X138.686 Y77.706 E369.44436
G0 F3000 X139.309 Y77.706
G1 F1200 X139.656 Y78.053 E369.46232
G1 F4800 E359.46232
G0 F3000 X141.721 Y82.607
G1 F4800 E369.46232
G1 F1200 X144.293 Y85.179 E369.59539
G0 F3000 X144.293 Y84.557
G1 F1200 X142.46 Y82.724 E369.69023
G0 F3000 X143.008 Y82.65
G1 F1200 X144.293 Y83.934 E369.75669
G0 F3000 X144.293 Y83.312
G1 F1200 X143.534 Y82.554 E369.79594
G0 F3000 X143.946 Y82.343
G1 F1200 X144.293 Y82.69 E369.81389
G1 F4800 E359.81389
;MESH:NONMESH
G0 F300 X144.293 Y82.69 Z0.4
G0 F3000 X107.1 Y77.1
;TIME_ELAPSED:546.887834
;LAYER:1
M106 S85
;TYPE:WALL-INNER
;MESH:Botton Carcaza (1).stl
G1 F4800 E369.81389
G1 F900 X107.775 Y77.1 E369.83859
G1 X107.962 Y77.1 E369.84543
G1 X108.517 Y77.1 E369.86574
G1 X107.962 Y77.384 E369.87437
G1 X107.83 Y77.516 E369.88008
G1 X107.516 Y77.83 E369.89632
G1 X107.384 Y77.962 E369.90315
G1 X107.1 Y78.517 E369.92596
G1 X107.1 Y77.962 E369.9321
G1 X107.1 Y77.775 E369.93782
G1 X107.1 Y77.1 E369.96252
G1 F4800 E359.96252
G0 F9000 X107.1 Y80.483
G1 F4800 E369.96252
G1 F3000 X107.384 Y81.038 E369.98533
G1 X107.516 Y81.17 E369.99216
G1 X107.962 Y81.616 E370.01524
G1 X108.693 Y81.989 E370.04526
G1 X109.5 Y82.115 E370.07514
G1 X110.307 Y81.989 E370.10503
G1 X111.038 Y81.616 E370.13505
G1 X111.616 Y81.038 E370.16496
G1 X111.989 Y80.307 E370.19498
G1 X112.115 Y79.5 E370.22487
G1 X111.989 Y78.693 E370.25475
G1 X111.616 Y77.962 E370.28477
G1 X111.17 Y77.516 E370.30785
G1 X111.038 Y77.384 E370.31468
G1 X110.483 Y77.1 E370.33749
G1 X111.038 Y77.1 E370.34362
G1 X111.225 Y77.1 E370.34935
G1 X140.775 Y77.1 E371.43047
G1 X140.962 Y77.1 E371.43731
G1 X141.517 Y77.1 E371.45762
G1 X140.962 Y77.384 E371.46625
G1 X140.83 Y77.516 E371.47196
G1 X140.384 Y77.962 E371.49503
G1 X140.011 Y78.693 E371.52506
G1 X139.885 Y79.5 E371.55494
G1 X140.011 Y80.307 E371.58483
G1 X140.384 Y81.038 E371.61485
G1 X140.962 Y81.616 E371.64476
G1 X141.693 Y81.989 E371.67478
G1 X142.5 Y82.115 E371.70466
G1 X143.307 Y81.989 E371.73455
G1 X144.038 Y81.616 E371.76457
G1 X144.484 Y81.17 E371.78765
G1 X144.616 Y81.038 E371.79448
G1 X144.9 Y80.483 E371.81729
G1 X144.9 Y81.038 E371.82342
G1 X144.9 Y81.225 E371.82915
G1 X144.9 Y170.775 E375.10544
G1 X144.9 Y170.962 E375.11228
G1 X144.9 Y171.517 E375.13259
G1 X144.616 Y170.962 E375.14122
G1 X144.484 Y170.83 E375.14693
G1 X144.038 Y170.384 E375.17
G1 X143.307 Y170.011 E375.20003
G1 X142.5 Y169.885 E375.22991
G1 X141.693 Y170.011 E375.25979
G1 X140.962 Y170.384 E375.28982
G1 X140.384 Y170.962 E375.31972
G1 X140.011 Y171.693 E375.34975
G1 X139.885 Y172.5 E375.37963
G1 X140.011 Y173.307 E375.40951
G1 X140.384 Y174.038 E375.43954
G1 X140.83 Y174.484 E375.46262
G1 X140.962 Y174.616 E375.46945
G1 X141.517 Y174.9 E375.49226
G1 X140.962 Y174.9 E375.49839
G1 X140.775 Y174.9 E375.50412
G1 X107.1 Y174.9 E376.73616
G1 X107.1 Y81.225 E380.16336
G1 X107.1 Y81.038 E380.16909
G1 X107.1 Y80.483 E380.17523
G1 F4800 E370.17523
G0 F9000 X143.483 Y77.1
G1 F4800 E380.17523
G1 F900 X144.038 Y77.1 E380.19553
G1 X144.225 Y77.1 E380.20237
G1 X144.9 Y77.1 E380.22707
G1 X144.9 Y77.775 E380.25176
G1 X144.9 Y77.962 E380.25861
G1 X144.9 Y78.517 E380.27891
G1 X144.616 Y77.962 E380.28754
G1 X144.484 Y77.83 E380.29325
G1 X144.17 Y77.516 E380.3095
G1 X144.038 Y77.384 E380.31521
G1 X143.483 Y77.1 E380.32384
G1 F4800 E370.32384
G0 F9000 X144.9 Y173.483
G1 F4800 E380.32384
G1 F900 X144.9 Y174.038 E380.34414
G1 X144.9 Y174.225 E380.35099
G1 X144.9 Y174.9 E380.37568
G1 X144.225 Y174.9 E380.40038
G1 X144.038 Y174.9 E380.40722
G1 X143.483 Y174.9 E380.42752
G1 X144.038 Y174.616 E380.43615
G1 X144.17 Y174.484 E380.44186
G1 X144.484 Y174.17 E380.45811
G1 X144.616 Y174.038 E380.46382
G1 X144.9 Y173.483 E380.47245
G1 F4800 E370.47245
G0 F9000 X107.328 Y79.5
G1 F4800 E380.47245
G1 F900 X107.435 Y80.171 E380.49731
G1 X107.744 Y80.776 E380.52217
G1 X108.224 Y81.256 E380.547
G1 X108.83 Y81.565 E380.57189
G1 X109.5 Y81.67 E380.5967
G1 X110.17 Y81.565 E380.62151
G1 X110.776 Y81.256 E380.6464
G1 X111.256 Y80.776 E380.67123
G1 X111.565 Y80.17 E380.69612
G1 X111.67 Y79.5 E380.72093
G1 X111.565 Y78.83 E380.74575
G1 X111.256 Y78.224 E380.77063
G1 X110.776 Y77.744 E380.79547
G1 X110.171 Y77.435 E380.82032
G1 X109.5 Y77.328 E380.84518
G1 X108.829 Y77.435 E380.87004
G1 X108.224 Y77.744 E380.8949
G1 X107.744 Y78.224 E380.91973
G1 X107.435 Y78.829 E380.94459
G1 X107.328 Y79.5 E380.96945
G0 F9000 X107.774 Y79.5
;TYPE:WALL-OUTER
G1 F720 X107.859 Y80.033 E380.98919
G1 X108.104 Y80.514 E381.00894
G1 X108.486 Y80.896 E381.02871
G1 X108.967 Y81.141 E381.04846
G1 X109.5 Y81.225 E381.0682
G1 X110.033 Y81.141 E381.08794
G1 X110.514 Y80.896 E381.10769
G1 X110.896 Y80.514 E381.12745
G1 X111.141 Y80.033 E381.1472
G1 X111.225 Y79.5 E381.16694
G1 X111.141 Y78.967 E381.18668
G1 X110.896 Y78.486 E381.20643
G1 X110.514 Y78.104 E381.2262
G1 X110.033 Y77.859 E381.24595
G1 X109.5 Y77.774 E381.26569
G1 X108.967 Y77.859 E381.28544
G1 X108.486 Y78.104 E381.30519
G1 X108.104 Y78.486 E381.32496
G1 X107.859 Y78.967 E381.3447
G1 X107.774 Y79.5 E381.36445
G0 F9000 X107.29 Y79.5
G1 F4800 E371.36445
G0 F9000 X144.672 Y79.5
;TYPE:WALL-INNER
G1 F4800 E381.36445
G1 F900 X144.565 Y78.829 E381.38931
G1 X144.256 Y78.224 E381.41417
G1 X143.776 Y77.744 E381.439
G1 X143.171 Y77.435 E381.46386
G1 X142.5 Y77.328 E381.48871
G1 X141.829 Y77.435 E381.51357
G1 X141.224 Y77.744 E381.53843
G1 X140.744 Y78.224 E381.56326
G1 X140.435 Y78.83 E381.58815
G1 X140.33 Y79.5 E381.61296
G1 X140.435 Y80.17 E381.63778
G1 X140.744 Y80.776 E381.66266
G1 X141.224 Y81.256 E381.6875
G1 X141.83 Y81.565 E381.71238
G1 X142.5 Y81.67 E381.7372
G1 X143.17 Y81.565 E381.76201
G1 X143.776 Y81.256 E381.7869
G1 X144.256 Y80.776 E381.81173
G1 X144.565 Y80.171 E381.83659
G1 X144.672 Y79.5 E381.86145
G0 F9000 X144.226 Y79.5
;TYPE:WALL-OUTER
G1 F720 X144.141 Y78.967 E381.88119
G1 X143.896 Y78.486 E381.90094
G1 X143.514 Y78.104 E381.92071
G1 X143.033 Y77.859 E381.94046
G1 X142.5 Y77.774 E381.9602
G1 X141.967 Y77.859 E381.97995
G1 X141.486 Y78.104 E381.9997
G1 X141.104 Y78.486 E382.01946
G1 X140.859 Y78.967 E382.03921
G1 X140.775 Y79.5 E382.05895
G1 X140.859 Y80.033 E382.07869
G1 X141.104 Y80.514 E382.09844
G1 X141.486 Y80.896 E382.11821
G1 X141.967 Y81.141 E382.13796
G1 X142.5 Y81.225 E382.1577
G1 X143.033 Y81.141 E382.17744
G1 X143.514 Y80.896 E382.19719
G1 X143.896 Y80.514 E382.21695
G1 X144.141 Y80.033 E382.2367
G1 X144.226 Y79.5 E382.25645
G0 F9000 X144.71 Y79.5
G1 F4800 E372.25645
G0 F9000 X142.5 Y174.672
;TYPE:WALL-INNER
G1 F4800 E382.25645
G1 F900 X143.171 Y174.565 E382.28131
G1 X143.776 Y174.256 E382.30616
G1 X144.256 Y173.776 E382.331
G1 X144.565 Y173.171 E382.35585
G1 X144.672 Y172.5 E382.38071
G1 X144.565 Y171.829 E382.40557
G1 X144.256 Y171.224 E382.43043
G1 X143.776 Y170.744 E382.45526
G1 X143.17 Y170.435 E382.48015
G1 X142.5 Y170.33 E382.50496
G1 X141.83 Y170.435 E382.52977
G1 X141.224 Y170.744 E382.55466
G1 X140.744 Y171.224 E382.5795
G1 X140.435 Y171.83 E382.60438
G1 X140.33 Y172.5 E382.6292
G1 X140.435 Y173.17 E382.65401
G1 X140.744 Y173.776 E382.6789
G1 X141.224 Y174.256 E382.70373
G1 X141.829 Y174.565 E382.72859
G1 X142.5 Y174.672 E382.75344
G0 F9000 X142.5 Y174.226
;TYPE:WALL-OUTER
G1 F720 X143.033 Y174.141 E382.77319
G1 X143.514 Y173.896 E382.79294
G1 X143.896 Y173.514 E382.81271
G1 X144.141 Y173.033 E382.83246
G1 X144.226 Y172.5 E382.8522
G1 X144.141 Y171.967 E382.87195
G1 X143.896 Y171.486 E382.8917
G1 X143.514 Y171.104 E382.91146
G1 X143.033 Y170.859 E382.93121
G1 X142.5 Y170.775 E382.95095
G1 X141.967 Y170.859 E382.97069
G1 X141.486 Y171.104 E382.99044
G1 X141.104 Y171.486 E383.01021
G1 X140.859 Y171.967 E383.02996
G1 X140.775 Y172.5 E383.0497
G1 X140.859 Y173.033 E383.06944
G1 X141.104 Y173.514 E383.08919
G1 X141.486 Y173.896 E383.10895
G1 X141.967 Y174.141 E383.1287
G1 X142.5 Y174.226 E383.14845
G0 F9000 X142.5 Y174.71
G1 F4800 E373.14845
G0 F9000 X145.34 Y175.34
;TYPE:WALL-INNER
G1 F4800 E383.14845
G1 F3000 X106.66 Y175.34 E384.5636
G1 X106.66 Y76.66 E388.17392
G1 X145.34 Y76.66 E389.58908
G1 X145.34 Y175.34 E393.1994
G0 F9000 X145.78 Y175.78
;TYPE:WALL-OUTER
G1 F2400 X106.22 Y175.78 E394.64675
G1 X106.22 Y76.22 E398.28926
G1 X145.78 Y76.22 E399.73661
G1 X145.78 Y175.78 E403.37913
G1 F4800 E393.37913
G0 F9000 X144.47 Y170.208
;TYPE:SKIN
G1 F4800 E403.37913
G1 F4350 X144.294 Y170.032 E403.38823
G1 X143.442 Y169.597 E403.42323
G1 X142.5 Y169.449 E403.45812
G1 X141.558 Y169.597 E403.49301
G1 X140.706 Y170.032 E403.52801
G1 X140.032 Y170.706 E403.56288
G1 X139.597 Y171.558 E403.59788
G1 X139.449 Y172.5 E403.63276
G1 X139.597 Y173.442 E403.66765
G1 X140.032 Y174.294 E403.70265
G1 X140.208 Y174.47 E403.71176
G1 X107.53 Y174.47 E404.90732
G1 X107.53 Y81.792 E408.29805
G1 X107.706 Y81.968 E408.30716
G1 X108.558 Y82.403 E408.34216
G1 X109.5 Y82.551 E408.37704
G1 X110.442 Y82.403 E408.41193
G1 X111.294 Y81.968 E408.44693
G1 X111.968 Y81.294 E408.4818
G1 X112.403 Y80.442 E408.5168
G1 X112.551 Y79.5 E408.55169
G1 X112.403 Y78.558 E408.58658
G1 X111.968 Y77.706 E408.62157
G1 X111.792 Y77.53 E408.63068
G1 X140.208 Y77.53 E409.67031
G1 X140.032 Y77.706 E409.67942
G1 X139.597 Y78.558 E409.71442
G1 X139.449 Y79.5 E409.74931
G1 X139.597 Y80.442 E409.78419
G1 X140.032 Y81.294 E409.81919
G1 X140.706 Y81.968 E409.85406
G1 X141.558 Y82.403 E409.88906
G1 X142.5 Y82.551 E409.92395
G1 X143.442 Y82.403 E409.95884
G1 X144.294 Y81.968 E409.99384
G1 X144.47 Y81.792 E410.00294
G1 X144.47 Y170.208 E413.23774
G0 F9000 X143.954 Y169.661
G1 F4350 X144.292 Y169.323 E413.25523
G0 F9000 X144.292 Y168.7
G1 F4350 X143.543 Y169.45 E413.29401
G0 F9000 X143.02 Y169.351
G1 F4350 X144.292 Y168.078 E413.35985
G0 F9000 X144.292 Y167.456
G1 F4350 X142.475 Y169.273 E413.45386
G0 F9000 X141.737 Y169.389
G1 F4350 X144.292 Y166.834 E413.58606
G0 F9000 X144.292 Y166.211
G1 F4350 X140.635 Y169.869 E413.7753
G0 F9000 X139.869 Y170.635
G1 F4350 X136.211 Y174.293 E413.96457
G0 F9000 X136.833 Y174.293
G1 F4350 X139.389 Y171.737 E414.09682
G0 F9000 X139.273 Y172.476
G1 F4350 X137.455 Y174.293 E414.19086
G0 F9000 X138.078 Y174.293
G1 F4350 X139.35 Y173.02 E414.2567
G0 F9000 X139.449 Y173.543
G1 F4350 X138.7 Y174.293 E414.29548
G0 F9000 X139.322 Y174.293
G1 F4350 X139.66 Y173.955 E414.31297
G1 F4800 E404.31297
G0 F9000 X135.589 Y174.293
G1 F4800 E414.31297
G1 F4350 X144.292 Y165.589 E414.76329
G0 F9000 X144.292 Y164.967
G1 F4350 X134.966 Y174.293 E415.24582
G0 F9000 X134.344 Y174.293
G1 F4350 X144.292 Y164.345 E415.76054
G0 F9000 X144.292 Y163.722
G1 F4350 X133.722 Y174.293 E416.30746
G0 F9000 X133.1 Y174.293
G1 F4350 X144.292 Y163.1 E416.88657
G0 F9000 X144.292 Y162.478
G1 F4350 X132.477 Y174.293 E417.49789
G0 F9000 X131.855 Y174.293
G1 F4350 X144.292 Y161.856 E418.14138
G0 F9000 X144.292 Y161.233
G1 F4350 X131.233 Y174.293 E418.81709
G0 F9000 X130.611 Y174.293
G1 F4350 X144.292 Y160.611 E419.52498
G0 F9000 X144.292 Y159.989
G1 F4350 X129.988 Y174.293 E420.26508
G0 F9000 X129.366 Y174.293
G1 F4350 X144.292 Y159.367 E421.03736
G0 F9000 X144.292 Y158.744
G1 F4350 X128.744 Y174.293 E421.84185
G0 F9000 X128.122 Y174.293
G1 F4350 X144.292 Y158.122 E422.67852
G0 F9000 X144.292 Y157.5
G1 F4350 X127.499 Y174.293 E423.5474
G0 F9000 X126.877 Y174.293
G1 F4350 X144.292 Y156.878 E424.44846
G0 F9000 X144.292 Y156.255
G1 F4350 X126.255 Y174.293 E425.38174
G0 F9000 X125.633 Y174.293
G1 F4350 X144.292 Y155.633 E426.34719
G0 F9000 X144.292 Y155.011
G1 F4350 X125.01 Y174.293 E427.34485
G0 F9000 X124.388 Y174.293
G1 F4350 X144.292 Y154.388 E428.37472
G0 F9000 X144.292 Y153.766
G1 F4350 X123.766 Y174.293 E429.43678
G0 F9000 X123.144 Y174.293
G1 F4350 X144.292 Y153.144 E430.53101
G0 F9000 X144.292 Y152.522
G1 F4350 X122.521 Y174.293 E431.65746
G0 F9000 X121.899 Y174.293
G1 F4350 X144.292 Y151.899 E432.81611
G0 F9000 X144.292 Y151.277
G1 F4350 X121.277 Y174.293 E434.00695
G0 F9000 X120.655 Y174.293
G1 F4350 X144.292 Y150.655 E435.22997
G0 F9000 X144.292 Y150.033
G1 F4350 X120.032 Y174.293 E436.4852
G0 F9000 X119.41 Y174.293
G1 F4350 X144.292 Y149.41 E437.77263
G0 F9000 X144.292 Y148.788
G1 F4350 X118.788 Y174.293 E439.09225
G0 F9000 X118.166 Y174.293
G1 F4350 X144.292 Y148.166 E440.44405
G0 F9000 X144.292 Y147.544
G1 F4350 X117.543 Y174.293 E441.82806
G0 F9000 X116.921 Y174.293
G1 F4350 X144.292 Y146.921 E443.24428
G0 F9000 X144.292 Y146.299
G1 F4350 X116.299 Y174.293 E444.69268
G0 F9000 X115.677 Y174.293
G1 F4350 X144.292 Y145.677 E446.17327
G0 F9000 X144.292 Y145.055
G1 F4350 X115.054 Y174.293 E447.68606
G0 F9000 X114.432 Y174.293
G1 F4350 X144.292 Y144.432 E449.23106
G0 F9000 X144.292 Y143.81
G1 F4350 X113.81 Y174.293 E450.80824
G0 F9000 X113.187 Y174.293
G1 F4350 X144.292 Y143.188 E452.41764
G0 F9000 X144.292 Y142.566
G1 F4350 X112.565 Y174.293 E454.05921
G0 F9000 X111.943 Y174.293
G1 F4350 X144.292 Y141.943 E455.73299
G0 F9000 X144.292 Y141.321
G1 F4350 X111.321 Y174.293 E457.43896
G0 F9000 X110.698 Y174.293
G1 F4350 X144.292 Y140.699 E459.17713
G0 F9000 X144.292 Y140.077
G1 F4350 X110.076 Y174.293 E460.94749
G0 F9000 X109.454 Y174.293
G1 F4350 X144.292 Y139.454 E462.75006
G0 F9000 X144.292 Y138.832
G1 F4350 X108.832 Y174.293 E464.58481
G0 F9000 X108.209 Y174.293
G1 F4350 X144.292 Y138.21 E466.45176
G0 F9000 X144.292 Y137.588
G1 F4350 X107.706 Y174.174 E468.34475
G0 F9000 X107.706 Y173.552
G1 F4350 X144.292 Y136.965 E470.23775
G0 F9000 X144.292 Y136.343
G1 F4350 X107.706 Y172.93 E472.13076
G0 F9000 X107.706 Y172.307
G1 F4350 X144.292 Y135.721 E474.02375
G0 F9000 X144.292 Y135.099
G1 F4350 X107.706 Y171.685 E475.91673
G0 F9000 X107.706 Y171.063
G1 F4350 X144.292 Y134.476 E477.80974
G0 F9000 X144.292 Y133.854
G1 F4350 X107.706 Y170.441 E479.70275
G0 F9000 X107.706 Y169.818
G1 F4350 X144.292 Y133.232 E481.59573
G0 F9000 X144.292 Y132.61
G1 F4350 X107.706 Y169.196 E483.48871
G0 F9000 X107.706 Y168.574
G1 F4350 X144.292 Y131.987 E485.38172
G0 F9000 X144.292 Y131.365
G1 F4350 X107.706 Y167.952 E487.27473
G0 F9000 X107.706 Y167.329
G1 F4350 X144.292 Y130.743 E489.16771
G0 F9000 X144.292 Y130.121
G1 F4350 X107.706 Y166.707 E491.06069
G0 F9000 X107.706 Y166.085
G1 F4350 X144.292 Y129.498 E492.9537
G0 F9000 X144.292 Y128.876
G1 F4350 X107.706 Y165.462 E494.84668
G0 F9000 X107.706 Y164.84
G1 F4350 X144.292 Y128.254 E496.73967
G0 F9000 X144.292 Y127.632
G1 F4350 X107.706 Y164.218 E498.63265
G0 F9000 X107.706 Y163.596
G1 F4350 X144.292 Y127.009 E500.52566
G0 F9000 X144.292 Y126.387
G1 F4350 X107.706 Y162.973 E502.41864
G0 F9000 X107.706 Y162.351
G1 F4350 X144.292 Y125.765 E504.31162
G0 F9000 X144.292 Y125.143
G1 F4350 X107.706 Y161.729 E506.20461
G0 F9000 X107.706 Y161.107
G1 F4350 X144.292 Y124.52 E508.09761
G0 F9000 X144.292 Y123.898
G1 F4350 X107.706 Y160.484 E509.9906
G0 F9000 X107.706 Y159.862
G1 F4350 X144.292 Y123.276 E511.88358
G0 F9000 X144.292 Y122.654
G1 F4350 X107.706 Y159.24 E513.77656
G0 F9000 X107.706 Y158.618
G1 F4350 X144.292 Y122.031 E515.66957
G0 F9000 X144.292 Y121.409
G1 F4350 X107.706 Y157.995 E517.56255
G0 F9000 X107.706 Y157.373
G1 F4350 X144.292 Y120.787 E519.45553
G0 F9000 X144.292 Y120.165
G1 F4350 X107.706 Y156.751 E521.34852
G0 F9000 X107.706 Y156.129
G1 F4350 X144.292 Y119.542 E523.24153
G0 F9000 X144.292 Y118.92
G1 F4350 X107.706 Y155.506 E525.13451
G0 F9000 X107.706 Y154.884
G1 F4350 X144.292 Y118.298 E527.02749
G0 F9000 X144.292 Y117.676
G1 F4350 X107.706 Y154.262 E528.92047
G0 F9000 X107.706 Y153.64
G1 F4350 X144.292 Y117.053 E530.81348
G0 F9000 X144.292 Y116.431
G1 F4350 X107.706 Y153.017 E532.70646
G0 F9000 X107.706 Y152.395
G1 F4350 X144.292 Y115.809 E534.59945
G0 F9000 X144.292 Y115.186
G1 F4350 X107.706 Y151.773 E536.49246
G0 F9000 X107.706 Y151.151
G1 F4350 X144.292 Y114.564 E538.38546
G0 F9000 X144.292 Y113.942
G1 F4350 X107.706 Y150.528 E540.27845
G0 F9000 X107.706 Y149.906
G1 F4350 X144.292 Y113.32 E542.17143
G0 F9000 X144.292 Y112.697
G1 F4350 X107.706 Y149.284 E544.06444
G0 F9000 X107.706 Y148.662
G1 F4350 X144.292 Y112.075 E545.95745
G0 F9000 X144.292 Y111.453
G1 F4350 X107.706 Y148.039 E547.85043
G0 F9000 X107.706 Y147.417
G1 F4350 X144.292 Y110.831 E549.74341
G0 F9000 X144.292 Y110.208
G1 F4350 X107.706 Y146.795 E551.63642
G0 F9000 X107.706 Y146.173
G1 F4350 X144.292 Y109.586 E553.52943
G0 F9000 X144.292 Y108.964
G1 F4350 X107.706 Y145.55 E555.42241
G0 F9000 X107.706 Y144.928
G1 F4350 X144.292 Y108.342 E557.31539
G0 F9000 X144.292 Y107.719
G1 F4350 X107.706 Y144.306 E559.2084
G0 F9000 X107.706 Y143.684
G1 F4350 X144.292 Y107.097 E561.10141
G0 F9000 X144.292 Y106.475
G1 F4350 X107.706 Y143.061 E562.99439
G0 F9000 X107.706 Y142.439
G1 F4350 X144.292 Y105.853 E564.88738
G0 F9000 X144.292 Y105.23
G1 F4350 X107.706 Y141.817 E566.78038
G0 F9000 X107.706 Y141.195
G1 F4350 X144.292 Y104.608 E568.67339
G0 F9000 X144.292 Y103.986
G1 F4350 X107.706 Y140.572 E570.56638
G0 F9000 X107.706 Y139.95
G1 F4350 X144.292 Y103.364 E572.45936
G0 F9000 X144.292 Y102.741
G1 F4350 X107.706 Y139.328 E574.35237
G0 F9000 X107.706 Y138.706
G1 F4350 X144.292 Y102.119 E576.24538
G0 F9000 X144.292 Y101.497
G1 F4350 X107.706 Y138.083 E578.13836
G0 F9000 X107.706 Y137.461
G1 F4350 X144.292 Y100.875 E580.03134
G0 F9000 X144.292 Y100.252
G1 F4350 X107.706 Y136.839 E581.92435
G0 F9000 X107.706 Y136.217
G1 F4350 X144.292 Y99.63 E583.81736
G0 F9000 X144.292 Y99.008
G1 F4350 X107.706 Y135.594 E585.71034
G0 F9000 X107.706 Y134.972
G1 F4350 X144.292 Y98.386 E587.60332
G0 F9000 X144.292 Y97.763
G1 F4350 X107.706 Y134.35 E589.49633
G0 F9000 X107.706 Y133.728
G1 F4350 X144.292 Y97.141 E591.38934
G0 F9000 X144.292 Y96.519
G1 F4350 X107.706 Y133.105 E593.28232
G0 F9000 X107.706 Y132.483
G1 F4350 X144.292 Y95.897 E595.1753
G0 F9000 X144.292 Y95.274
G1 F4350 X107.706 Y131.861 E597.06831
G0 F9000 X107.706 Y131.239
G1 F4350 X144.292 Y94.652 E598.96132
G0 F9000 X144.292 Y94.03
G1 F4350 X107.706 Y130.616 E600.8543
G0 F9000 X107.706 Y129.994
G1 F4350 X144.292 Y93.408 E602.74729
G0 F9000 X144.292 Y92.785
G1 F4350 X107.706 Y129.372 E604.6403
G0 F9000 X107.706 Y128.75
G1 F4350 X144.292 Y92.163 E606.5333
G0 F9000 X144.292 Y91.541
G1 F4350 X107.706 Y128.127 E608.42629
G0 F9000 X107.706 Y127.505
G1 F4350 X144.292 Y90.919 E610.31927
G0 F9000 X144.292 Y90.296
G1 F4350 X107.706 Y126.883 E612.21228
G0 F9000 X107.706 Y126.26
G1 F4350 X144.292 Y89.674 E614.10526
G0 F9000 X144.292 Y89.052
G1 F4350 X107.706 Y125.638 E615.99824
G0 F9000 X107.706 Y125.016
G1 F4350 X144.292 Y88.43 E617.89122
G0 F9000 X144.292 Y87.807
G1 F4350 X107.706 Y124.394 E619.78423
G0 F9000 X107.706 Y123.771
G1 F4350 X144.292 Y87.185 E621.67722
G0 F9000 X144.292 Y86.563
G1 F4350 X107.706 Y123.149 E623.5702
G0 F9000 X107.706 Y122.527
G1 F4350 X144.292 Y85.941 E625.46318
G0 F9000 X144.292 Y85.318
G1 F4350 X107.706 Y121.905 E627.35619
G0 F9000 X107.706 Y121.282
G1 F4350 X144.292 Y84.696 E629.24917
G0 F9000 X144.292 Y84.074
G1 F4350 X107.706 Y120.66 E631.14215
G0 F9000 X107.706 Y120.038
G1 F4350 X144.292 Y83.452 E633.03514
G0 F9000 X144.292 Y82.829
G1 F4350 X107.706 Y119.416 E634.92815
G0 F9000 X107.706 Y118.793
G1 F4350 X144.292 Y82.207 E636.82113
G0 F9000 X143.269 Y82.608
G1 F4350 X107.706 Y118.171 E638.66118
G0 F9000 X107.706 Y117.549
G1 F4350 X142.531 Y82.724 E640.46305
G0 F9000 X141.984 Y82.648
G1 F4350 X107.706 Y116.927 E642.23664
G0 F9000 X107.706 Y116.304
G1 F4350 X141.46 Y82.551 E643.98307
G0 F9000 X141.048 Y82.34
G1 F4350 X107.706 Y115.682 E645.7082
G0 F9000 X107.706 Y115.06
G1 F4350 X140.636 Y82.13 E647.41202
G0 F9000 X140.316 Y81.828
G1 F4350 X107.706 Y114.438 E649.09928
G0 F9000 X107.706 Y113.815
G1 F4350 X140.005 Y81.517 E650.77043
G0 F9000 X139.756 Y81.144
G1 F4350 X107.706 Y113.193 E652.42869
G0 F9000 X107.706 Y112.571
G1 F4350 X139.545 Y80.732 E654.07606
G0 F9000 X139.389 Y80.266
G1 F4350 X107.706 Y111.949 E655.71536
G0 F9000 X107.706 Y111.326
G1 F4350 X139.304 Y79.729 E657.35023
G0 F9000 X139.335 Y79.075
G1 F4350 X107.706 Y110.704 E658.98674
G0 F9000 X107.706 Y110.082
G1 F4350 X139.572 Y78.216 E660.6355
G0 F9000 X139.46 Y77.706
G1 F4350 X107.706 Y109.46 E662.27847
G0 F9000 X107.706 Y108.837
G1 F4350 X138.838 Y77.706 E663.88924
G0 F9000 X138.216 Y77.706
G1 F4350 X107.706 Y108.215 E665.46782
G0 F9000 X107.706 Y107.593
G1 F4350 X137.593 Y77.706 E667.01419
G0 F9000 X136.971 Y77.706
G1 F4350 X107.706 Y106.971 E668.52838
G0 F9000 X107.706 Y106.348
G1 F4350 X136.349 Y77.706 E670.01036
G0 F9000 X135.727 Y77.706
G1 F4350 X107.706 Y105.726 E671.46016
G0 F9000 X107.706 Y105.104
G1 F4350 X135.104 Y77.706 E672.87775
G0 F9000 X134.482 Y77.706
G1 F4350 X107.706 Y104.482 E674.26316
G0 F9000 X107.706 Y103.859
G1 F4350 X133.86 Y77.706 E675.61635
G0 F9000 X133.238 Y77.706
G1 F4350 X107.706 Y103.237 E676.93737
G0 F9000 X107.706 Y102.615
G1 F4350 X132.615 Y77.706 E678.22618
G0 F9000 X131.993 Y77.706
G1 F4350 X107.706 Y101.993 E679.4828
G0 F9000 X107.706 Y101.37
G1 F4350 X131.371 Y77.706 E680.70722
G0 F9000 X130.748 Y77.706
G1 F4350 X107.706 Y100.748 E681.89943
G0 F9000 X107.706 Y100.126
G1 F4350 X130.126 Y77.706 E683.05945
G0 F9000 X129.504 Y77.706
G1 F4350 X107.706 Y99.504 E684.18729
G0 F9000 X107.706 Y98.881
G1 F4350 X128.882 Y77.706 E685.28293
G0 F9000 X128.259 Y77.706
G1 F4350 X107.706 Y98.259 E686.34635
G0 F9000 X107.706 Y97.637
G1 F4350 X127.637 Y77.706 E687.37759
G0 F9000 X127.015 Y77.706
G1 F4350 X107.706 Y97.015 E688.37665
G0 F9000 X107.706 Y96.392
G1 F4350 X126.393 Y77.706 E689.34351
G0 F9000 X125.77 Y77.706
G1 F4350 X107.706 Y95.77 E690.27815
G0 F9000 X107.706 Y95.148
G1 F4350 X125.148 Y77.706 E691.18061
G0 F9000 X124.526 Y77.706
G1 F4350 X107.706 Y94.526 E692.05089
G0 F9000 X107.706 Y93.903
G1 F4350 X123.904 Y77.706 E692.88895
G0 F9000 X123.281 Y77.706
G1 F4350 X107.706 Y93.281 E693.69481
G0 F9000 X107.706 Y92.659
G1 F4350 X122.659 Y77.706 E694.46849
G0 F9000 X122.037 Y77.706
G1 F4350 X107.706 Y92.037 E695.20999
G0 F9000 X107.706 Y91.414
G1 F4350 X121.415 Y77.706 E695.91927
G0 F9000 X120.792 Y77.706
G1 F4350 X107.706 Y90.792 E696.59635
G0 F9000 X107.706 Y90.17
G1 F4350 X120.17 Y77.706 E697.24125
G0 F9000 X119.548 Y77.706
G1 F4350 X107.706 Y89.548 E697.85396
G0 F9000 X107.706 Y88.925
G1 F4350 X118.926 Y77.706 E698.43446
G0 F9000 X118.303 Y77.706
G1 F4350 X107.706 Y88.303 E698.98276
G0 F9000 X107.706 Y87.681
G1 F4350 X117.681 Y77.706 E699.49887
G0 F9000 X117.059 Y77.706
G1 F4350 X107.706 Y87.058 E699.98278
G0 F9000 X107.706 Y86.436
G1 F4350 X116.437 Y77.706 E700.4345
G0 F9000 X115.814 Y77.706
G1 F4350 X107.706 Y85.814 E700.85401
G0 F9000 X107.706 Y85.192
G1 F4350 X110.293 Y82.604 E700.98789
G0 F9000 X109.555 Y82.72
G1 F4350 X107.706 Y84.569 E701.08356
G0 F9000 X107.706 Y83.947
G1 F4350 X109.002 Y82.651 E701.15061
G0 F9000 X108.473 Y82.558
G1 F4350 X107.706 Y83.325 E701.1903
G0 F9000 X107.706 Y82.703
G1 F4350 X108.062 Y82.347 E701.20872
G1 F4800 E691.20872
G0 F9000 X112.605 Y80.293
G1 F4800 E701.20872
G1 F4350 X115.192 Y77.706 E701.34257
G0 F9000 X114.57 Y77.706
G1 F4350 X112.721 Y79.555 E701.43824
G0 F9000 X112.652 Y79.002
G1 F4350 X113.948 Y77.706 E701.50529
G0 F9000 X113.325 Y77.706
G1 F4350 X112.558 Y78.473 E701.54498
G0 F9000 X112.347 Y78.061
G1 F4350 X112.703 Y77.706 E701.56337
G1 F4800 E691.56337
;MESH:NONMESH
G0 F300 X112.703 Y77.706 Z0.6
G0 F9000 X107.1 Y77.1
;TIME_ELAPSED:730.926554
;LAYER:2
M106 S170
;TYPE:WALL-INNER
;MESH:Botton Carcaza (1).stl
G1 F4800 E701.56337
G1 F1440 X107.775 Y77.1 E701.58807
G1 X107.962 Y77.1 E701.59491
G1 X108.517 Y77.1 E701.61522
G1 X107.962 Y77.384 E701.62385
G1 X107.83 Y77.516 E701.62956
G1 X107.516 Y77.83 E701.6458
G1 X107.384 Y77.962 E701.65263
G1 X107.1 Y78.517 E701.67544
G1 X107.1 Y77.962 E701.68158
G1 X107.1 Y77.775 E701.6873
G1 X107.1 Y77.1 E701.712
G1 F4800 E691.712
G0 F15000 X107.1 Y80.483
G1 F4800 E701.712
G1 X107.384 Y81.038 E701.73481
G1 X107.516 Y81.17 E701.74164
G1 X107.962 Y81.616 E701.76472
G1 X108.693 Y81.989 E701.79474
G1 X109.5 Y82.115 E701.82462
G1 X110.307 Y81.989 E701.85451
G1 X111.038 Y81.616 E701.88453
G1 X111.616 Y81.038 E701.91444
G1 X111.989 Y80.307 E701.94446
G1 X112.115 Y79.5 E701.97435
G1 X111.989 Y78.693 E702.00423
G1 X111.616 Y77.962 E702.03425
G1 X111.17 Y77.516 E702.05733
G1 X111.038 Y77.384 E702.06416
G1 X110.483 Y77.1 E702.08697
G1 X111.038 Y77.1 E702.0931
G1 X111.225 Y77.1 E702.09883
G1 X140.775 Y77.1 E703.17995
G1 X140.962 Y77.1 E703.18679
G1 X141.517 Y77.1 E703.2071
G1 X140.962 Y77.384 E703.21573
G1 X140.83 Y77.516 E703.22144
G1 X140.384 Y77.962 E703.24452
G1 X140.011 Y78.693 E703.27454
G1 X139.885 Y79.5 E703.30442
G1 X140.011 Y80.307 E703.33431
G1 X140.384 Y81.038 E703.36433
G1 X140.962 Y81.616 E703.39424
G1 X141.693 Y81.989 E703.42426
G1 X142.5 Y82.115 E703.45414
G1 X143.307 Y81.989 E703.48403
G1 X144.038 Y81.616 E703.51405
G1 X144.484 Y81.17 E703.53713
G1 X144.616 Y81.038 E703.54396
G1 X144.9 Y80.483 E703.56677
G1 X144.9 Y81.038 E703.5729
G1 X144.9 Y81.225 E703.57863
G1 X144.9 Y170.775 E706.85492
G1 X144.9 Y170.962 E706.86176
G1 X144.9 Y171.517 E706.88207
G1 X144.616 Y170.962 E706.8907
G1 X144.484 Y170.83 E706.89641
G1 X144.038 Y170.384 E706.91948
G1 X143.307 Y170.011 E706.94951
G1 X142.5 Y169.885 E706.97939
G1 X141.693 Y170.011 E707.00927
G1 X140.962 Y170.384 E707.0393
G1 X140.384 Y170.962 E707.0692
G1 X140.011 Y171.693 E707.09923
G1 X139.885 Y172.5 E707.12911
G1 X140.011 Y173.307 E707.159
G1 X140.384 Y174.038 E707.18902
G1 X140.83 Y174.484 E707.2121
G1 X140.962 Y174.616 E707.21893
G1 X141.517 Y174.9 E707.24174
G1 X140.962 Y174.9 E707.24787
G1 X140.775 Y174.9 E707.2536
G1 X107.1 Y174.9 E708.48564
G1 X107.1 Y81.225 E711.91284
G1 X107.1 Y81.038 E711.91857
G1 X107.1 Y80.483 E711.92471
G1 F4800 E701.92471
G0 F15000 X143.483 Y77.1
G1 F4800 E711.92471
G1 F1440 X144.038 Y77.1 E711.94501
G1 X144.225 Y77.1 E711.95185
G1 X144.9 Y77.1 E711.97655
G1 X144.9 Y77.775 E712.00124
G1 X144.9 Y77.962 E712.00809
G1 X144.9 Y78.517 E712.02839
G1 X144.616 Y77.962 E712.03702
G1 X144.484 Y77.83 E712.04273
G1 X144.17 Y77.516 E712.05898
G1 X144.038 Y77.384 E712.06469
G1 X143.483 Y77.1 E712.07332
G1 F4800 E702.07332
G0 F15000 X144.9 Y173.483
G1 F4800 E712.07332
G1 F1440 X144.9 Y174.038 E712.09362
G1 X144.9 Y174.225 E712.10047
G1 X144.9 Y174.9 E712.12516
G1 X144.225 Y174.9 E712.14986
G1 X144.038 Y174.9 E712.1567
G1 X143.483 Y174.9 E712.177
G1 X144.038 Y174.616 E712.18563
G1 X144.17 Y174.484 E712.19134
G1 X144.484 Y174.17 E712.20759
G1 X144.616 Y174.038 E712.2133
G1 X144.9 Y173.483 E712.22193
G1 F4800 E702.22193
G0 F15000 X107.328 Y79.5
G1 F4800 E712.22193
G1 F1440 X107.435 Y80.171 E712.24679
G1 X107.744 Y80.776 E712.27165
G1 X108.224 Y81.256 E712.29648
G1 X108.83 Y81.565 E712.32137
G1 X109.5 Y81.67 E712.34618
G1 X110.17 Y81.565 E712.37099
G1 X110.776 Y81.256 E712.39588
G1 X111.256 Y80.776 E712.42071
G1 X111.565 Y80.17 E712.4456
G1 X111.67 Y79.5 E712.47041
G1 X111.565 Y78.83 E712.49523
G1 X111.256 Y78.224 E712.52011
G1 X110.776 Y77.744 E712.54495
G1 X110.171 Y77.435 E712.5698
G1 X109.5 Y77.328 E712.59466
G1 X108.829 Y77.435 E712.61952
G1 X108.224 Y77.744 E712.64438
G1 X107.744 Y78.224 E712.66921
G1 X107.435 Y78.829 E712.69407
G1 X107.328 Y79.5 E712.71893
G0 F15000 X107.774 Y79.5
;TYPE:WALL-OUTER
G1 F1080 X107.859 Y80.033 E712.73867
G1 X108.104 Y80.514 E712.75842
G1 X108.486 Y80.896 E712.77819
G1 X108.967 Y81.141 E712.79794
G1 X109.5 Y81.225 E712.81768
G1 X110.033 Y81.141 E712.83742
G1 X110.514 Y80.896 E712.85717
G1 X110.896 Y80.514 E712.87693
G1 X111.141 Y80.033 E712.89668
G1 X111.225 Y79.5 E712.91642
G1 X111.141 Y78.967 E712.93616
G1 X110.896 Y78.486 E712.95591
G1 X110.514 Y78.104 E712.97568
G1 X110.033 Y77.859 E712.99543
G1 X109.5 Y77.774 E713.01517
G1 X108.967 Y77.859 E713.03492
G1 X108.486 Y78.104 E713.05467
G1 X108.104 Y78.486 E713.07444
G1 X107.859 Y78.967 E713.09418
G1 X107.774 Y79.5 E713.11393
G0 F15000 X107.29 Y79.5
G1 F4800 E703.11393
G0 F15000 X144.672 Y79.5
;TYPE:WALL-INNER
G1 F4800 E713.11393
G1 F1440 X144.565 Y78.829 E713.13879
G1 X144.256 Y78.224 E713.16365
G1 X143.776 Y77.744 E713.18848
G1 X143.171 Y77.435 E713.21334
G1 X142.5 Y77.328 E713.23819
G1 X141.829 Y77.435 E713.26305
G1 X141.224 Y77.744 E713.28791
G1 X140.744 Y78.224 E713.31274
G1 X140.435 Y78.83 E713.33763
G1 X140.33 Y79.5 E713.36244
G1 X140.435 Y80.17 E713.38726
G1 X140.744 Y80.776 E713.41214
G1 X141.224 Y81.256 E713.43698
G1 X141.83 Y81.565 E713.46186
G1 X142.5 Y81.67 E713.48668
G1 X143.17 Y81.565 E713.51149
G1 X143.776 Y81.256 E713.53638
G1 X144.256 Y80.776 E713.56121
G1 X144.565 Y80.171 E713.58607
G1 X144.672 Y79.5 E713.61093
G0 F15000 X144.226 Y79.5
;TYPE:WALL-OUTER
G1 F1080 X144.141 Y78.967 E713.63067
G1 X143.896 Y78.486 E713.65042
G1 X143.514 Y78.104 E713.67019
G1 X143.033 Y77.859 E713.68994
G1 X142.5 Y77.774 E713.70968
G1 X141.967 Y77.859 E713.72943
G1 X141.486 Y78.104 E713.74918
G1 X141.104 Y78.486 E713.76894
G1 X140.859 Y78.967 E713.78869
G1 X140.775 Y79.5 E713.80843
G1 X140.859 Y80.033 E713.82817
G1 X141.104 Y80.514 E713.84792
G1 X141.486 Y80.896 E713.86769
G1 X141.967 Y81.141 E713.88744
G1 X142.5 Y81.225 E713.90718
G1 X143.033 Y81.141 E713.92692
G1 X143.514 Y80.896 E713.94667
G1 X143.896 Y80.514 E713.96643
G1 X144.141 Y80.033 E713.98618
G1 X144.226 Y79.5 E714.00593
G0 F15000 X144.71 Y79.5
G1 F4800 E704.00593
G0 F15000 X142.5 Y174.672
;TYPE:WALL-INNER
G1 F4800 E714.00593
G1 F1440 X143.171 Y174.565 E714.03079
G1 X143.776 Y174.256 E714.05564
G1 X144.256 Y173.776 E714.08048
G1 X144.565 Y173.171 E714.10533
G1 X144.672 Y172.5 E714.13019
G1 X144.565 Y171.829 E714.15505
G1 X144.256 Y171.224 E714.17991
G1 X143.776 Y170.744 E714.20474
G1 X143.17 Y170.435 E714.22963
G1 X142.5 Y170.33 E714.25444
G1 X141.83 Y170.435 E714.27925
G1 X141.224 Y170.744 E714.30414
G1 X140.744 Y171.224 E714.32898
G1 X140.435 Y171.83 E714.35386
G1 X140.33 Y172.5 E714.37868
G1 X140.435 Y173.17 E714.40349
G1 X140.744 Y173.776 E714.42838
G1 X141.224 Y174.256 E714.45321
G1 X141.829 Y174.565 E714.47807
G1 X142.5 Y174.672 E714.50292
G0 F15000 X142.5 Y174.226
;TYPE:WALL-OUTER
G1 F1080 X143.033 Y174.141 E714.52267
G1 X143.514 Y173.896 E714.54242
G1 X143.896 Y173.514 E714.56219
G1 X144.141 Y173.033 E714.58194
G1 X144.226 Y172.5 E714.60168
G1 X144.141 Y171.967 E714.62143
G1 X143.896 Y171.486 E714.64118
G1 X143.514 Y171.104 E714.66094
G1 X143.033 Y170.859 E714.68069
G1 X142.5 Y170.775 E714.70043
G1 X141.967 Y170.859 E714.72017
G1 X141.486 Y171.104 E714.73992
G1 X141.104 Y171.486 E714.75969
G1 X140.859 Y171.967 E714.77944
G1 X140.775 Y172.5 E714.79918
G1 X140.859 Y173.033 E714.81892
G1 X141.104 Y173.514 E714.83867
G1 X141.486 Y173.896 E714.85843
G1 X141.967 Y174.141 E714.87818
G1 X142.5 Y174.226 E714.89793
G0 F15000 X142.5 Y174.71
G1 F4800 E704.89793
G0 F15000 X145.34 Y175.34
;TYPE:WALL-INNER
G1 F4800 E714.89793
G1 X106.66 Y175.34 E716.31308
G1 X106.66 Y76.66 E719.9234
G1 X145.34 Y76.66 E721.33856
G1 X145.34 Y175.34 E724.94888
G0 F15000 X145.78 Y175.78
;TYPE:WALL-OUTER
G1 F3600 X106.22 Y175.78 E726.39623
G1 X106.22 Y76.22 E730.03874
G1 X145.78 Y76.22 E731.48609
G1 X145.78 Y175.78 E735.12861
G1 F4800 E725.12861
G0 F15000 X144.47 Y170.208
;TYPE:SKIN
G1 F4800 E735.12861
G1 F7500 X144.294 Y170.032 E735.13771
G1 X143.442 Y169.597 E735.17271
G1 X142.5 Y169.449 E735.2076
G1 X141.558 Y169.597 E735.24249
G1 X140.706 Y170.032 E735.27749
G1 X140.032 Y170.706 E735.31236
G1 X139.597 Y171.558 E735.34736
G1 X139.449 Y172.5 E735.38225
G1 X139.597 Y173.442 E735.41713
G1 X140.032 Y174.294 E735.45213
G1 X140.208 Y174.47 E735.46124
G1 X107.53 Y174.47 E736.6568
G1 X107.53 Y81.792 E740.04753
G1 X107.706 Y81.968 E740.05664
G1 X108.558 Y82.403 E740.09164
G1 X109.5 Y82.551 E740.12652
G1 X110.442 Y82.403 E740.16141
G1 X111.294 Y81.968 E740.19641
G1 X111.968 Y81.294 E740.23128
G1 X112.403 Y80.442 E740.26628
G1 X112.551 Y79.5 E740.30117
G1 X112.403 Y78.558 E740.33606
G1 X111.968 Y77.706 E740.37105
G1 X111.792 Y77.53 E740.38016
G1 X140.208 Y77.53 E741.41979
G1 X140.032 Y77.706 E741.4289
G1 X139.597 Y78.558 E741.4639
G1 X139.449 Y79.5 E741.49879
G1 X139.597 Y80.442 E741.53367
G1 X140.032 Y81.294 E741.56867
G1 X140.706 Y81.968 E741.60354
G1 X141.558 Y82.403 E741.63854
G1 X142.5 Y82.551 E741.67343
G1 X143.442 Y82.403 E741.70832
G1 X144.294 Y81.968 E741.74332
G1 X144.47 Y81.792 E741.75242
G1 X144.47 Y170.208 E744.98722
G1 F4800 E734.98722
G0 F15000 X108.334 Y174.293
G1 F4800 E744.98722
G1 F7500 X107.705 Y173.664 E745.01977
G0 F15000 X107.705 Y173.042
G1 F7500 X108.956 Y174.293 E745.0845
G0 F15000 X109.578 Y174.293
G1 F7500 X107.705 Y172.42 E745.18141
G0 F15000 X107.705 Y171.797
G1 F7500 X110.201 Y174.293 E745.31055
G0 F15000 X110.823 Y174.293
G1 F7500 X107.705 Y171.175 E745.47188
G0 F15000 X107.705 Y170.553
G1 F7500 X111.445 Y174.293 E745.66539
G0 F15000 X112.067 Y174.293
G1 F7500 X107.705 Y169.931 E745.89108
G0 F15000 X107.705 Y169.308
G1 F7500 X112.69 Y174.293 E746.14901
G0 F15000 X113.312 Y174.293
G1 F7500 X107.705 Y168.686 E746.43912
G0 F15000 X107.705 Y168.064
G1 F7500 X113.934 Y174.293 E746.76141
G0 F15000 X114.556 Y174.293
G1 F7500 X107.705 Y167.442 E747.11589
G0 F15000 X107.705 Y166.819
G1 F7500 X115.179 Y174.293 E747.50259
G0 F15000 X115.801 Y174.293
G1 F7500 X107.705 Y166.197 E747.92149
G0 F15000 X107.705 Y165.575
G1 F7500 X116.423 Y174.293 E748.37256
G0 F15000 X117.045 Y174.293
G1 F7500 X107.705 Y164.953 E748.85582
G0 F15000 X107.705 Y164.33
G1 F7500 X117.668 Y174.293 E749.37131
G0 F15000 X118.29 Y174.293
G1 F7500 X107.705 Y163.708 E749.91899
G0 F15000 X107.705 Y163.086
G1 F7500 X118.912 Y174.293 E750.49884
G0 F15000 X119.534 Y174.293
G1 F7500 X107.705 Y162.464 E751.11088
G0 F15000 X107.705 Y161.841
G1 F7500 X120.157 Y174.293 E751.75516
G0 F15000 X120.779 Y174.293
G1 F7500 X107.705 Y161.219 E752.43161
G0 F15000 X107.705 Y160.597
G1 F7500 X121.401 Y174.293 E753.14025
G0 F15000 X122.024 Y174.293
G1 F7500 X107.705 Y159.975 E753.8811
G0 F15000 X107.705 Y159.352
G1 F7500 X122.646 Y174.293 E754.65416
G0 F15000 X123.268 Y174.293
G1 F7500 X107.705 Y158.73 E755.4594
G0 F15000 X107.705 Y158.108
G1 F7500 X123.89 Y174.293 E756.29682
G0 F15000 X124.513 Y174.293
G1 F7500 X107.705 Y157.486 E757.16645
G0 F15000 X107.705 Y156.863
G1 F7500 X125.135 Y174.293 E758.06829
G0 F15000 X125.757 Y174.293
G1 F7500 X107.705 Y156.241 E759.00231
G0 F15000 X107.705 Y155.619
G1 F7500 X126.379 Y174.293 E759.96852
G0 F15000 X127.002 Y174.293
G1 F7500 X107.705 Y154.997 E760.96693
G0 F15000 X107.705 Y154.374
G1 F7500 X127.624 Y174.293 E761.99755
G0 F15000 X128.246 Y174.293
G1 F7500 X107.705 Y153.752 E763.06035
G0 F15000 X107.705 Y153.13
G1 F7500 X128.868 Y174.293 E764.15534
G0 F15000 X129.491 Y174.293
G1 F7500 X107.705 Y152.508 E765.28254
G0 F15000 X107.705 Y151.885
G1 F7500 X130.113 Y174.293 E766.44194
G0 F15000 X130.735 Y174.293
G1 F7500 X107.705 Y151.263 E767.63353
G0 F15000 X107.705 Y150.641
G1 F7500 X131.357 Y174.293 E768.8573
G0 F15000 X131.98 Y174.293
G1 F7500 X107.705 Y150.019 E770.11327
G0 F15000 X107.705 Y149.396
G1 F7500 X132.602 Y174.293 E771.40146
G0 F15000 X133.224 Y174.293
G1 F7500 X107.705 Y148.774 E772.72183
G0 F15000 X107.705 Y148.152
G1 F7500 X133.846 Y174.293 E774.07438
G0 F15000 X134.469 Y174.293
G1 F7500 X107.705 Y147.53 E775.45914
G0 F15000 X107.705 Y146.907
G1 F7500 X135.091 Y174.293 E776.87611
G0 F15000 X135.713 Y174.293
G1 F7500 X107.705 Y146.285 E778.32526
G0 F15000 X107.705 Y145.663
G1 F7500 X136.335 Y174.293 E779.8066
G0 F15000 X136.958 Y174.293
G1 F7500 X107.705 Y145.041 E781.32014
G0 F15000 X107.705 Y144.418
G1 F7500 X137.58 Y174.293 E782.86589
G0 F15000 X138.202 Y174.293
G1 F7500 X107.705 Y143.796 E784.44382
G0 F15000 X107.705 Y143.174
G1 F7500 X138.824 Y174.293 E786.05394
G0 F15000 X139.447 Y174.293
G1 F7500 X107.705 Y142.552 E787.69627
G0 F15000 X107.705 Y141.929
G1 F7500 X139.588 Y173.812 E789.34591
G0 F15000 X139.339 Y172.941
G1 F7500 X107.705 Y141.307 E790.98268
G0 F15000 X107.705 Y140.685
G1 F7500 X139.304 Y172.283 E792.6176
G0 F15000 X139.388 Y171.745
G1 F7500 X107.705 Y140.063 E794.25687
G0 F15000 X107.705 Y139.44
G1 F7500 X139.541 Y171.276 E795.90409
G0 F15000 X139.752 Y170.865
G1 F7500 X107.705 Y138.818 E797.56222
G0 F15000 X107.705 Y138.196
G1 F7500 X139.998 Y170.489 E799.23308
G0 F15000 X140.309 Y170.177
G1 F7500 X107.705 Y137.573 E800.92003
G0 F15000 X107.705 Y136.951
G1 F7500 X140.627 Y169.873 E802.62344
G0 F15000 X141.038 Y169.662
G1 F7500 X107.705 Y136.329 E804.34811
G0 F15000 X107.705 Y135.707
G1 F7500 X141.451 Y169.452 E806.09412
G0 F15000 X141.972 Y169.352
G1 F7500 X107.705 Y135.084 E807.86714
G0 F15000 X107.705 Y134.462
G1 F7500 X142.514 Y169.271 E809.66818
G0 F15000 X143.252 Y169.387
G1 F7500 X107.705 Y133.84 E811.50741
G0 F15000 X107.705 Y133.218
G1 F7500 X144.293 Y169.806 E813.40049
G0 F15000 X144.293 Y169.183
G1 F7500 X107.705 Y132.595 E815.29358
G0 F15000 X107.705 Y131.973
G1 F7500 X144.293 Y168.561 E817.18666
G0 F15000 X144.293 Y167.939
G1 F7500 X107.705 Y131.351 E819.07975
G0 F15000 X107.705 Y130.729
G1 F7500 X144.293 Y167.317 E820.97284
G0 F15000 X144.293 Y166.694
G1 F7500 X107.705 Y130.106 E822.86592
G0 F15000 X107.705 Y129.484
G1 F7500 X144.293 Y166.072 E824.75901
G0 F15000 X144.293 Y165.45
G1 F7500 X107.705 Y128.862 E826.6521
G0 F15000 X107.705 Y128.24
G1 F7500 X144.293 Y164.828 E828.54518
G0 F15000 X144.293 Y164.205
G1 F7500 X107.705 Y127.617 E830.43827
G0 F15000 X107.705 Y126.995
G1 F7500 X144.293 Y163.583 E832.33135
G0 F15000 X144.293 Y162.961
G1 F7500 X107.705 Y126.373 E834.22444
G0 F15000 X107.705 Y125.751
G1 F7500 X144.293 Y162.338 E836.1175
G0 F15000 X144.293 Y161.716
G1 F7500 X107.705 Y125.128 E838.01059
G0 F15000 X107.705 Y124.506
G1 F7500 X144.293 Y161.094 E839.90367
G0 F15000 X144.293 Y160.472
G1 F7500 X107.705 Y123.884 E841.79676
G0 F15000 X107.705 Y123.262
G1 F7500 X144.293 Y159.849 E843.68982
G0 F15000 X144.293 Y159.227
G1 F7500 X107.705 Y122.639 E845.5829
G0 F15000 X107.705 Y122.017
G1 F7500 X144.293 Y158.605 E847.47599
G0 F15000 X144.293 Y157.983
G1 F7500 X107.705 Y121.395 E849.36908
G0 F15000 X107.705 Y120.773
G1 F7500 X144.293 Y157.36 E851.26214
G0 F15000 X144.293 Y156.738
G1 F7500 X107.705 Y120.15 E853.15522
G0 F15000 X107.705 Y119.528
G1 F7500 X144.293 Y156.116 E855.04831
G0 F15000 X144.293 Y155.494
G1 F7500 X107.705 Y118.906 E856.94139
G0 F15000 X107.705 Y118.284
G1 F7500 X144.293 Y154.871 E858.83446
G0 F15000 X144.293 Y154.249
G1 F7500 X107.705 Y117.661 E860.72754
G0 F15000 X107.705 Y117.039
G1 F7500 X144.293 Y153.627 E862.62063
G0 F15000 X144.293 Y153.005
G1 F7500 X107.705 Y116.417 E864.51371
G0 F15000 X107.705 Y115.795
G1 F7500 X144.293 Y152.382 E866.40677
G0 F15000 X144.293 Y151.76
G1 F7500 X107.705 Y115.172 E868.29986
G0 F15000 X107.705 Y114.55
G1 F7500 X144.293 Y151.138 E870.19295
G0 F15000 X144.293 Y150.516
G1 F7500 X107.705 Y113.928 E872.08603
G0 F15000 X107.705 Y113.306
G1 F7500 X144.293 Y149.893 E873.97909
G0 F15000 X144.293 Y149.271
G1 F7500 X107.705 Y112.683 E875.87218
G0 F15000 X107.705 Y112.061
G1 F7500 X144.293 Y148.649 E877.76526
G0 F15000 X144.293 Y148.027
G1 F7500 X107.705 Y111.439 E879.65835
G0 F15000 X107.705 Y110.817
G1 F7500 X144.293 Y147.404 E881.55141
G0 F15000 X144.293 Y146.782
G1 F7500 X107.705 Y110.194 E883.4445
G0 F15000 X107.705 Y109.572
G1 F7500 X144.293 Y146.16 E885.33758
G0 F15000 X144.293 Y145.538
G1 F7500 X107.705 Y108.95 E887.23067
G0 F15000 X107.705 Y108.328
G1 F7500 X144.293 Y144.915 E889.12373
G0 F15000 X144.293 Y144.293
G1 F7500 X107.705 Y107.705 E891.01682
G0 F15000 X107.705 Y107.083
G1 F7500 X144.293 Y143.671 E892.9099
G0 F15000 X144.293 Y143.049
G1 F7500 X107.705 Y106.461 E894.80299
G0 F15000 X107.705 Y105.839
G1 F7500 X144.293 Y142.426 E896.69605
G0 F15000 X144.293 Y141.804
G1 F7500 X107.705 Y105.216 E898.58913
G0 F15000 X107.705 Y104.594
G1 F7500 X144.293 Y141.182 E900.48222
G0 F15000 X144.293 Y140.56
G1 F7500 X107.705 Y103.972 E902.37531
G0 F15000 X107.705 Y103.35
G1 F7500 X144.293 Y139.937 E904.26837
G0 F15000 X144.293 Y139.315
G1 F7500 X107.705 Y102.727 E906.16145
G0 F15000 X107.705 Y102.105
G1 F7500 X144.293 Y138.693 E908.05454
G0 F15000 X144.293 Y138.071
G1 F7500 X107.705 Y101.483 E909.94762
G0 F15000 X107.705 Y100.861
G1 F7500 X144.293 Y137.448 E911.84068
G0 F15000 X144.293 Y136.826
G1 F7500 X107.705 Y100.238 E913.73377
G0 F15000 X107.705 Y99.616
G1 F7500 X144.293 Y136.204 E915.62686
G0 F15000 X144.293 Y135.582
G1 F7500 X107.705 Y98.994 E917.51994
G0 F15000 X107.705 Y98.371
G1 F7500 X144.293 Y134.959 E919.41303
G0 F15000 X144.293 Y134.337
G1 F7500 X107.705 Y97.749 E921.30611
G0 F15000 X107.705 Y97.127
G1 F7500 X144.293 Y133.715 E923.1992
G0 F15000 X144.293 Y133.093
G1 F7500 X107.705 Y96.505 E925.09229
G0 F15000 X107.705 Y95.882
G1 F7500 X144.293 Y132.47 E926.98537
G0 F15000 X144.293 Y131.848
G1 F7500 X107.705 Y95.26 E928.87846
G0 F15000 X107.705 Y94.638
G1 F7500 X144.293 Y131.226 E930.77155
G0 F15000 X144.293 Y130.604
G1 F7500 X107.705 Y94.016 E932.66463
G0 F15000 X107.705 Y93.393
G1 F7500 X144.293 Y129.981 E934.55772
G0 F15000 X144.293 Y129.359
G1 F7500 X107.705 Y92.771 E936.4508
G0 F15000 X107.705 Y92.149
G1 F7500 X144.293 Y128.737 E938.34389
G0 F15000 X144.293 Y128.115
G1 F7500 X107.705 Y91.527 E940.23698
G0 F15000 X107.705 Y90.904
G1 F7500 X144.293 Y127.492 E942.13006
G0 F15000 X144.293 Y126.87
G1 F7500 X107.705 Y90.282 E944.02315
G0 F15000 X107.705 Y89.66
G1 F7500 X144.293 Y126.248 E945.91623
G0 F15000 X144.293 Y125.626
G1 F7500 X107.705 Y89.038 E947.80932
G0 F15000 X107.705 Y88.415
G1 F7500 X144.293 Y125.003 E949.70241
G0 F15000 X144.293 Y124.381
G1 F7500 X107.705 Y87.793 E951.59549
G0 F15000 X107.705 Y87.171
G1 F7500 X144.293 Y123.759 E953.48858
G0 F15000 X144.293 Y123.136
G1 F7500 X107.705 Y86.549 E955.38164
G0 F15000 X107.705 Y85.926
G1 F7500 X144.293 Y122.514 E957.27472
G0 F15000 X144.293 Y121.892
G1 F7500 X107.705 Y85.304 E959.16781
G0 F15000 X107.705 Y84.682
G1 F7500 X144.293 Y121.27 E961.0609
G0 F15000 X144.293 Y120.647
G1 F7500 X107.705 Y84.06 E962.95396
G0 F15000 X107.705 Y83.437
G1 F7500 X144.293 Y120.025 E964.84704
G0 F15000 X144.293 Y119.403
G1 F7500 X107.705 Y82.815 E966.74013
G0 F15000 X107.705 Y82.193
G1 F7500 X144.293 Y118.781 E968.63321
G0 F15000 X144.293 Y118.158
G1 F7500 X108.746 Y82.611 E970.47244
G0 F15000 X109.484 Y82.727
G1 F7500 X144.293 Y117.536 E972.27348
G0 F15000 X144.293 Y116.914
G1 F7500 X110.026 Y82.647 E974.04647
G0 F15000 X110.548 Y82.546
G1 F7500 X144.293 Y116.292 E975.79249
G0 F15000 X144.293 Y115.669
G1 F7500 X110.959 Y82.336 E977.51718
G0 F15000 X111.371 Y82.125
G1 F7500 X144.293 Y115.047 E979.22059
G0 F15000 X144.293 Y114.425
G1 F7500 X111.688 Y81.82 E980.90759
G0 F15000 X112 Y81.509
G1 F7500 X144.293 Y113.803 E982.57848
G0 F15000 X144.293 Y113.18
G1 F7500 X112.246 Y81.133 E984.23661
G0 F15000 X112.456 Y80.721
G1 F7500 X144.293 Y112.558 E985.88388
G0 F15000 X144.293 Y111.936
G1 F7500 X112.61 Y80.253 E987.52317
G0 F15000 X112.695 Y79.715
G1 F7500 X144.293 Y111.314 E989.1581
G0 F15000 X144.293 Y110.691
G1 F7500 X112.659 Y79.058 E990.79484
G0 F15000 X112.41 Y78.186
G1 F7500 X144.293 Y110.069 E992.44448
G0 F15000 X144.293 Y109.447
G1 F7500 X112.552 Y77.706 E994.08678
G0 F15000 X113.174 Y77.706
G1 F7500 X144.293 Y108.825 E995.6969
G0 F15000 X144.293 Y108.202
G1 F7500 X113.796 Y77.706 E997.27481
G0 F15000 X114.419 Y77.706
G1 F7500 X144.293 Y107.58 E998.82051
G0 F15000 X144.293 Y106.958
G1 F7500 X115.041 Y77.706 E1000.33402
G0 F15000 X115.663 Y77.706
G1 F7500 X144.293 Y106.336 E1001.81536
G0 F15000 X144.293 Y105.713
G1 F7500 X116.285 Y77.706 E1003.26448
G0 F15000 X116.908 Y77.706
G1 F7500 X144.293 Y105.091 E1004.6814
G0 F15000 X144.293 Y104.469
G1 F7500 X117.53 Y77.706 E1006.06614
G0 F15000 X118.152 Y77.706
G1 F7500 X144.293 Y103.847 E1007.41869
G0 F15000 X144.293 Y103.224
G1 F7500 X118.774 Y77.706 E1008.73903
G0 F15000 X119.397 Y77.706
G1 F7500 X144.293 Y102.602 E1010.02717
G0 F15000 X144.293 Y101.98
G1 F7500 X120.019 Y77.706 E1011.28312
G0 F15000 X120.641 Y77.706
G1 F7500 X144.293 Y101.358 E1012.50689
G0 F15000 X144.293 Y100.735
G1 F7500 X121.263 Y77.706 E1013.69845
G0 F15000 X121.886 Y77.706
G1 F7500 X144.293 Y100.113 E1014.8578
G0 F15000 X144.293 Y99.491
G1 F7500 X122.508 Y77.706 E1015.98497
G0 F15000 X123.13 Y77.706
G1 F7500 X144.293 Y98.869 E1017.07996
G0 F15000 X144.293 Y98.246
G1 F7500 X123.752 Y77.706 E1018.14273
G0 F15000 X124.375 Y77.706
G1 F7500 X144.293 Y97.624 E1019.1733
G0 F15000 X144.293 Y97.002
G1 F7500 X124.997 Y77.706 E1020.17169
G0 F15000 X125.619 Y77.706
G1 F7500 X144.293 Y96.38 E1021.1379
G0 F15000 X144.293 Y95.757
G1 F7500 X126.241 Y77.706 E1022.07189
G0 F15000 X126.864 Y77.706
G1 F7500 X144.293 Y95.135 E1022.97368
G0 F15000 X144.293 Y94.513
G1 F7500 X127.486 Y77.706 E1023.84328
G0 F15000 X128.108 Y77.706
G1 F7500 X144.293 Y93.891 E1024.68071
G0 F15000 X144.293 Y93.268
G1 F7500 X128.73 Y77.706 E1025.48592
G0 F15000 X129.353 Y77.706
G1 F7500 X144.293 Y92.646 E1026.25892
G0 F15000 X144.293 Y92.024
G1 F7500 X129.975 Y77.706 E1026.99975
G0 F15000 X130.597 Y77.706
G1 F7500 X144.293 Y91.402 E1027.70839
G0 F15000 X144.293 Y90.779
G1 F7500 X131.219 Y77.706 E1028.38482
G0 F15000 X131.842 Y77.706
G1 F7500 X144.293 Y90.157 E1029.02904
G0 F15000 X144.293 Y89.535
G1 F7500 X132.464 Y77.706 E1029.64108
G0 F15000 X133.086 Y77.706
G1 F7500 X144.293 Y88.913 E1030.22094
G0 F15000 X144.293 Y88.29
G1 F7500 X133.708 Y77.706 E1030.76859
G0 F15000 X134.331 Y77.706
G1 F7500 X144.293 Y87.668 E1031.28403
G0 F15000 X144.293 Y87.046
G1 F7500 X134.953 Y77.706 E1031.76728
G0 F15000 X135.575 Y77.706
G1 F7500 X144.293 Y86.424 E1032.21836
G0 F15000 X144.293 Y85.801
G1 F7500 X140.608 Y82.117 E1032.409
G0 F15000 X139.882 Y81.39
G1 F7500 X136.197 Y77.706 E1032.59964
G0 F15000 X136.82 Y77.706
G1 F7500 X139.391 Y80.277 E1032.73266
G0 F15000 X139.275 Y79.538
G1 F7500 X137.442 Y77.706 E1032.82748
G0 F15000 X138.064 Y77.706
G1 F7500 X139.349 Y78.99 E1032.89394
G0 F15000 X139.445 Y78.464
G1 F7500 X138.686 Y77.706 E1032.93318
G0 F15000 X139.309 Y77.706
G1 F7500 X139.656 Y78.053 E1032.95114
G1 F4800 E1022.95114
G0 F15000 X141.721 Y82.607
G1 F4800 E1032.95114
G1 F7500 X144.293 Y85.179 E1033.08421
G0 F15000 X144.293 Y84.557
G1 F7500 X142.46 Y82.724 E1033.17905
G0 F15000 X143.008 Y82.65
G1 F7500 X144.293 Y83.934 E1033.24551
G0 F15000 X144.293 Y83.312
G1 F7500 X143.534 Y82.554 E1033.28476
G0 F15000 X143.946 Y82.343
G1 F7500 X144.293 Y82.69 E1033.30271
G1 F4800 E1023.30271
;MESH:NONMESH
G0 F300 X144.293 Y82.69 Z0.8
G0 F15000 X107.1 Y77.1
;TIME_ELAPSED:881.217234
;LAYER:3
M106 S255
;TYPE:WALL-INNER
;MESH:Botton Carcaza (1).stl
G1 F4800 E1033.30271
G1 F1440 X107.775 Y77.1 E1033.32741
G1 X107.962 Y77.1 E1033.33425
G1 X108.517 Y77.1 E1033.35456
G1 X107.962 Y77.384 E1033.36318
G1 X107.83 Y77.516 E1033.3689
G1 X107.516 Y77.83 E1033.38514
G1 X107.384 Y77.962 E1033.39197
G1 X107.1 Y78.517 E1033.41478
G1 X107.1 Y77.962 E1033.42092
G1 X107.1 Y77.775 E1033.42664
G1 X107.1 Y77.1 E1033.45134
G1 F4800 E1023.45134
G0 F15000 X107.1 Y80.483
G1 F4800 E1033.45134
G1 X107.384 Y81.038 E1033.47415
G1 X107.516 Y81.17 E1033.48098
G1 X107.962 Y81.616 E1033.50406
G1 X108.693 Y81.989 E1033.53408
G1 X109.5 Y82.115 E1033.56396
G1 X110.307 Y81.989 E1033.59385
G1 X111.038 Y81.616 E1033.62387
G1 X111.616 Y81.038 E1033.65378
G1 X111.989 Y80.307 E1033.6838
G1 X112.115 Y79.5 E1033.71368
G1 X111.989 Y78.693 E1033.74357
G1 X111.616 Y77.962 E1033.77359
G1 X111.17 Y77.516 E1033.79667
G1 X111.038 Y77.384 E1033.8035
G1 X110.483 Y77.1 E1033.82631
G1 X111.038 Y77.1 E1033.83244
G1 X111.225 Y77.1 E1033.83817
G1 X140.775 Y77.1 E1034.91929
G1 X140.962 Y77.1 E1034.92613
G1 X141.517 Y77.1 E1034.94644
G1 X140.962 Y77.384 E1034.95507
G1 X140.83 Y77.516 E1034.96078
G1 X140.384 Y77.962 E1034.98385
G1 X140.011 Y78.693 E1035.01388
G1 X139.885 Y79.5 E1035.04376
G1 X140.011 Y80.307 E1035.07364
G1 X140.384 Y81.038 E1035.10367
G1 X140.962 Y81.616 E1035.13358
G1 X141.693 Y81.989 E1035.1636
G1 X142.5 Y82.115 E1035.19348
G1 X143.307 Y81.989 E1035.22337
G1 X144.038 Y81.616 E1035.25339
G1 X144.484 Y81.17 E1035.27647
G1 X144.616 Y81.038 E1035.2833
G1 X144.9 Y80.483 E1035.30611
G1 X144.9 Y81.038 E1035.31224
G1 X144.9 Y81.225 E1035.31797
G1 X144.9 Y170.775 E1038.59426
G1 X144.9 Y170.962 E1038.6011
G1 X144.9 Y171.517 E1038.62141
G1 X144.616 Y170.962 E1038.63003
G1 X144.484 Y170.83 E1038.63575
G1 X144.038 Y170.384 E1038.65882
G1 X143.307 Y170.011 E1038.68885
G1 X142.5 Y169.885 E1038.71873
G1 X141.693 Y170.011 E1038.74861
G1 X140.962 Y170.384 E1038.77864
G1 X140.384 Y170.962 E1038.80854
G1 X140.011 Y171.693 E1038.83857
G1 X139.885 Y172.5 E1038.86845
G1 X140.011 Y173.307 E1038.89833
G1 X140.384 Y174.038 E1038.92836
G1 X140.83 Y174.484 E1038.95144
G1 X140.962 Y174.616 E1038.95827
G1 X141.517 Y174.9 E1038.98107
G1 X140.962 Y174.9 E1038.98721
G1 X140.775 Y174.9 E1038.99294
G1 X107.1 Y174.9 E1040.22498
G1 X107.1 Y81.225 E1043.65218
G1 X107.1 Y81.038 E1043.65791
G1 X107.1 Y80.483 E1043.66405
G1 F4800 E1033.66405
G0 F15000 X143.483 Y77.1
G1 F4800 E1043.66405
G1 F1440 X144.038 Y77.1 E1043.68435
G1 X144.225 Y77.1 E1043.69119
G1 X144.9 Y77.1 E1043.71589
G1 X144.9 Y77.775 E1043.74058
G1 X144.9 Y77.962 E1043.74743
G1 X144.9 Y78.517 E1043.76773
G1 X144.616 Y77.962 E1043.77636
G1 X144.484 Y77.83 E1043.78207
G1 X144.17 Y77.516 E1043.79832
G1 X144.038 Y77.384 E1043.80403
G1 X143.483 Y77.1 E1043.81266
G1 F4800 E1033.81266
G0 F15000 X144.9 Y173.483
G1 F4800 E1043.81266
G1 F1440 X144.9 Y174.038 E1043.83296
G1 X144.9 Y174.225 E1043.8398
G1 X144.9 Y174.9 E1043.8645
G1 X144.225 Y174.9 E1043.8892
G1 X144.038 Y174.9 E1043.89604
G1 X143.483 Y174.9 E1043.91634
G1 X144.038 Y174.616 E1043.92497
G1 X144.17 Y174.484 E1043.93068
G1 X144.484 Y174.17 E1043.94693
G1 X144.616 Y174.038 E1043.95264
G1 X144.9 Y173.483 E1043.96127
G1 F4800 E1033.96127
G0 F15000 X107.328 Y79.5
G1 F4800 E1043.96127
G1 F1440 X107.435 Y80.171 E1043.98613
G1 X107.744 Y80.776 E1044.01098
G1 X108.224 Y81.256 E1044.03582
G1 X108.83 Y81.565 E1044.06071
G1 X109.5 Y81.67 E1044.08552
G1 X110.17 Y81.565 E1044.11033
G1 X110.776 Y81.256 E1044.13522
G1 X111.256 Y80.776 E1044.16005
G1 X111.565 Y80.17 E1044.18494
G1 X111.67 Y79.5 E1044.20975
G1 X111.565 Y78.83 E1044.23456
G1 X111.256 Y78.224 E1044.25945
G1 X110.776 Y77.744 E1044.28429
G1 X110.171 Y77.435 E1044.30914
G1 X109.5 Y77.328 E1044.334
G1 X108.829 Y77.435 E1044.35886
G1 X108.224 Y77.744 E1044.38372
G1 X107.744 Y78.224 E1044.40855
G1 X107.435 Y78.829 E1044.43341
G1 X107.328 Y79.5 E1044.45826
G0 F15000 X107.774 Y79.5
;TYPE:WALL-OUTER
G1 F1080 X107.859 Y80.033 E1044.47801
G1 X108.104 Y80.514 E1044.49776
G1 X108.486 Y80.896 E1044.51753
G1 X108.967 Y81.141 E1044.53728
G1 X109.5 Y81.225 E1044.55702
G1 X110.033 Y81.141 E1044.57676
G1 X110.514 Y80.896 E1044.59651
G1 X110.896 Y80.514 E1044.61627
G1 X111.141 Y80.033 E1044.63602
G1 X111.225 Y79.5 E1044.65576
G1 X111.141 Y78.967 E1044.6755
G1 X110.896 Y78.486 E1044.69525
G1 X110.514 Y78.104 E1044.71502
G1 X110.033 Y77.859 E1044.73477
G1 X109.5 Y77.774 E1044.75451
G1 X108.967 Y77.859 E1044.77426
G1 X108.486 Y78.104 E1044.79401
G1 X108.104 Y78.486 E1044.81377
G1 X107.859 Y78.967 E1044.83352
G1 X107.774 Y79.5 E1044.85327
G0 F15000 X107.29 Y79.5
G1 F4800 E1034.85327
G0 F15000 X144.672 Y79.5
;TYPE:WALL-INNER
G1 F4800 E1044.85327
G1 F1440 X144.565 Y78.829 E1044.87813
G1 X144.256 Y78.224 E1044.90298
G1 X143.776 Y77.744 E1044.92782
G1 X143.171 Y77.435 E1044.95267
G1 X142.5 Y77.328 E1044.97753
G1 X141.829 Y77.435 E1045.00239
G1 X141.224 Y77.744 E1045.02725
G1 X140.744 Y78.224 E1045.05208
G1 X140.435 Y78.83 E1045.07697
G1 X140.33 Y79.5 E1045.10178
G1 X140.435 Y80.17 E1045.12659
G1 X140.744 Y80.776 E1045.15148
G1 X141.224 Y81.256 E1045.17632
G1 X141.83 Y81.565 E1045.2012
G1 X142.5 Y81.67 E1045.22602
G1 X143.17 Y81.565 E1045.25083
G1 X143.776 Y81.256 E1045.27571
G1 X144.256 Y80.776 E1045.30055
G1 X144.565 Y80.171 E1045.3254
G1 X144.672 Y79.5 E1045.35026
G0 F15000 X144.226 Y79.5
;TYPE:WALL-OUTER
G1 F1080 X144.141 Y78.967 E1045.37001
G1 X143.896 Y78.486 E1045.38976
G1 X143.514 Y78.104 E1045.40953
G1 X143.033 Y77.859 E1045.42927
G1 X142.5 Y77.774 E1045.44902
G1 X141.967 Y77.859 E1045.46877
G1 X141.486 Y78.104 E1045.48852
G1 X141.104 Y78.486 E1045.50828
G1 X140.859 Y78.967 E1045.52803
G1 X140.775 Y79.5 E1045.54777
G1 X140.859 Y80.033 E1045.56751
G1 X141.104 Y80.514 E1045.58726
G1 X141.486 Y80.896 E1045.60703
G1 X141.967 Y81.141 E1045.62678
G1 X142.5 Y81.225 E1045.64652
G1 X143.033 Y81.141 E1045.66626
G1 X143.514 Y80.896 E1045.68601
G1 X143.896 Y80.514 E1045.70577
G1 X144.141 Y80.033 E1045.72552
G1 X144.226 Y79.5 E1045.74527
G0 F15000 X144.71 Y79.5
G1 F4800 E1035.74527
G0 F15000 X142.5 Y174.672
;TYPE:WALL-INNER
G1 F4800 E1045.74527
G1 F1440 X143.171 Y174.565 E1045.77013
G1 X143.776 Y174.256 E1045.79498
G1 X144.256 Y173.776 E1045.81982
G1 X144.565 Y173.171 E1045.84467
G1 X144.672 Y172.5 E1045.86953
G1 X144.565 Y171.829 E1045.89439
G1 X144.256 Y171.224 E1045.91925
G1 X143.776 Y170.744 E1045.94408
G1 X143.17 Y170.435 E1045.96897
G1 X142.5 Y170.33 E1045.99378
G1 X141.83 Y170.435 E1046.01859
G1 X141.224 Y170.744 E1046.04348
G1 X140.744 Y171.224 E1046.06832
G1 X140.435 Y171.83 E1046.0932
G1 X140.33 Y172.5 E1046.11802
G1 X140.435 Y173.17 E1046.14283
G1 X140.744 Y173.776 E1046.16771
G1 X141.224 Y174.256 E1046.19255
G1 X141.829 Y174.565 E1046.2174
G1 X142.5 Y174.672 E1046.24226
G0 F15000 X142.5 Y174.226
;TYPE:WALL-OUTER
G1 F1080 X143.033 Y174.141 E1046.26201
G1 X143.514 Y173.896 E1046.28176
G1 X143.896 Y173.514 E1046.30152
G1 X144.141 Y173.033 E1046.32127
G1 X144.226 Y172.5 E1046.34102
G1 X144.141 Y171.967 E1046.36077
G1 X143.896 Y171.486 E1046.38052
G1 X143.514 Y171.104 E1046.40028
G1 X143.033 Y170.859 E1046.42003
G1 X142.5 Y170.775 E1046.43977
G1 X141.967 Y170.859 E1046.45951
G1 X141.486 Y171.104 E1046.47926
G1 X141.104 Y171.486 E1046.49903
G1 X140.859 Y171.967 E1046.51878
G1 X140.775 Y172.5 E1046.53852
G1 X140.859 Y173.033 E1046.55826
G1 X141.104 Y173.514 E1046.57801
G1 X141.486 Y173.896 E1046.59777
G1 X141.967 Y174.141 E1046.61752
G1 X142.5 Y174.226 E1046.63727
G0 F15000 X142.5 Y174.71
G1 F4800 E1036.63727
G0 F15000 X145.34 Y175.34
;TYPE:WALL-INNER
G1 F4800 E1046.63727
G1 X106.66 Y175.34 E1048.05242
G1 X106.66 Y76.66 E1051.66274
G1 X145.34 Y76.66 E1053.0779
G1 X145.34 Y175.34 E1056.68822
G0 F15000 X145.78 Y175.78
;TYPE:WALL-OUTER
G1 F3600 X106.22 Y175.78 E1058.13556
G1 X106.22 Y76.22 E1061.77808
G1 X145.78 Y76.22 E1063.22543
G1 X145.78 Y175.78 E1066.86795
G1 F4800 E1056.86795
G0 F15000 X144.47 Y170.208
;TYPE:SKIN
G1 F4800 E1066.86795
G1 F7500 X144.294 Y170.032 E1066.87705
G1 X143.442 Y169.597 E1066.91205
G1 X142.5 Y169.449 E1066.94694
G1 X141.558 Y169.597 E1066.98183
G1 X140.706 Y170.032 E1067.01682
G1 X140.032 Y170.706 E1067.0517
G1 X139.597 Y171.558 E1067.0867
G1 X139.449 Y172.5 E1067.12158
G1 X139.597 Y173.442 E1067.15647
G1 X140.032 Y174.294 E1067.19147
G1 X140.208 Y174.47 E1067.20058
G1 X107.53 Y174.47 E1068.39614
G1 X107.53 Y81.792 E1071.78687
G1 X107.706 Y81.968 E1071.79598
G1 X108.558 Y82.403 E1071.83098
G1 X109.5 Y82.551 E1071.86586
G1 X110.442 Y82.403 E1071.90075
G1 X111.294 Y81.968 E1071.93575
G1 X111.968 Y81.294 E1071.97062
G1 X112.403 Y80.442 E1072.00562
G1 X112.551 Y79.5 E1072.04051
G1 X112.403 Y78.558 E1072.07539
G1 X111.968 Y77.706 E1072.11039
G1 X111.792 Y77.53 E1072.1195
G1 X140.208 Y77.53 E1073.15913
G1 X140.032 Y77.706 E1073.16824
G1 X139.597 Y78.558 E1073.20324
G1 X139.449 Y79.5 E1073.23812
G1 X139.597 Y80.442 E1073.27301
G1 X140.032 Y81.294 E1073.30801
G1 X140.706 Y81.968 E1073.34288
G1 X141.558 Y82.403 E1073.37788
G1 X142.5 Y82.551 E1073.41277
G1 X143.442 Y82.403 E1073.44766
G1 X144.294 Y81.968 E1073.48266
G1 X144.47 Y81.792 E1073.49176
G1 X144.47 Y170.208 E1076.72656
G0 F15000 X143.954 Y169.661
G1 F7500 X144.292 Y169.323 E1076.74405
G0 F15000 X144.292 Y168.7
G1 F7500 X143.543 Y169.45 E1076.78283
G0 F15000 X143.02 Y169.351
G1 F7500 X144.292 Y168.078 E1076.84867
G0 F15000 X144.292 Y167.456
G1 F7500 X142.475 Y169.273 E1076.94268
G0 F15000 X141.737 Y169.389
G1 F7500 X144.292 Y166.834 E1077.07488
G0 F15000 X144.292 Y166.211
G1 F7500 X140.635 Y169.869 E1077.26412
G0 F15000 X139.869 Y170.635
G1 F7500 X136.211 Y174.293 E1077.45339
G0 F15000 X136.833 Y174.293
G1 F7500 X139.389 Y171.737 E1077.58564
G0 F15000 X139.273 Y172.476
G1 F7500 X137.455 Y174.293 E1077.67968
G0 F15000 X138.078 Y174.293
G1 F7500 X139.35 Y173.02 E1077.74552
G0 F15000 X139.449 Y173.543
G1 F7500 X138.7 Y174.293 E1077.7843
G0 F15000 X139.322 Y174.293
G1 F7500 X139.66 Y173.955 E1077.80179
G1 F4800 E1067.80179
G0 F15000 X135.589 Y174.293
G1 F4800 E1077.80179
G1 F7500 X144.292 Y165.589 E1078.25211
G0 F15000 X144.292 Y164.967
G1 F7500 X134.966 Y174.293 E1078.73464
G0 F15000 X134.344 Y174.293
G1 F7500 X144.292 Y164.345 E1079.24936
G0 F15000 X144.292 Y163.722
G1 F7500 X133.722 Y174.293 E1079.79628
G0 F15000 X133.1 Y174.293
G1 F7500 X144.292 Y163.1 E1080.37539
G0 F15000 X144.292 Y162.478
G1 F7500 X132.477 Y174.293 E1080.98671
G0 F15000 X131.855 Y174.293
G1 F7500 X144.292 Y161.856 E1081.6302
G0 F15000 X144.292 Y161.233
G1 F7500 X131.233 Y174.293 E1082.30591
G0 F15000 X130.611 Y174.293
G1 F7500 X144.292 Y160.611 E1083.0138
G0 F15000 X144.292 Y159.989
G1 F7500 X129.988 Y174.293 E1083.7539
G0 F15000 X129.366 Y174.293
G1 F7500 X144.292 Y159.367 E1084.52618
G0 F15000 X144.292 Y158.744
G1 F7500 X128.744 Y174.293 E1085.33067
G0 F15000 X128.122 Y174.293
G1 F7500 X144.292 Y158.122 E1086.16734
G0 F15000 X144.292 Y157.5
G1 F7500 X127.499 Y174.293 E1087.03622
G0 F15000 X126.877 Y174.293
G1 F7500 X144.292 Y156.878 E1087.93728
G0 F15000 X144.292 Y156.255
G1 F7500 X126.255 Y174.293 E1088.87055
G0 F15000 X125.633 Y174.293
G1 F7500 X144.292 Y155.633 E1089.83601
G0 F15000 X144.292 Y155.011
G1 F7500 X125.01 Y174.293 E1090.83367
G0 F15000 X124.388 Y174.293
G1 F7500 X144.292 Y154.388 E1091.86354
G0 F15000 X144.292 Y153.766
G1 F7500 X123.766 Y174.293 E1092.9256
G0 F15000 X123.144 Y174.293
G1 F7500 X144.292 Y153.144 E1094.01983
G0 F15000 X144.292 Y152.522
G1 F7500 X122.521 Y174.293 E1095.14628
G0 F15000 X121.899 Y174.293
G1 F7500 X144.292 Y151.899 E1096.30493
G0 F15000 X144.292 Y151.277
G1 F7500 X121.277 Y174.293 E1097.49577
G0 F15000 X120.655 Y174.293
G1 F7500 X144.292 Y150.655 E1098.71879
G0 F15000 X144.292 Y150.033
G1 F7500 X120.032 Y174.293 E1099.97402
G0 F15000 X119.41 Y174.293
G1 F7500 X144.292 Y149.41 E1101.26145
G0 F15000 X144.292 Y148.788
G1 F7500 X118.788 Y174.293 E1102.58107
G0 F15000 X118.166 Y174.293
G1 F7500 X144.292 Y148.166 E1103.93287
G0 F15000 X144.292 Y147.544
G1 F7500 X117.543 Y174.293 E1105.31688
G0 F15000 X116.921 Y174.293
G1 F7500 X144.292 Y146.921 E1106.7331
G0 F15000 X144.292 Y146.299
G1 F7500 X116.299 Y174.293 E1108.1815
G0 F15000 X115.677 Y174.293
G1 F7500 X144.292 Y145.677 E1109.66209
G0 F15000 X144.292 Y145.055
G1 F7500 X115.054 Y174.293 E1111.17488
G0 F15000 X114.432 Y174.293
G1 F7500 X144.292 Y144.432 E1112.71988
G0 F15000 X144.292 Y143.81
G1 F7500 X113.81 Y174.293 E1114.29706
G0 F15000 X113.187 Y174.293
G1 F7500 X144.292 Y143.188 E1115.90645
G0 F15000 X144.292 Y142.566
G1 F7500 X112.565 Y174.293 E1117.54803
G0 F15000 X111.943 Y174.293
G1 F7500 X144.292 Y141.943 E1119.22181
G0 F15000 X144.292 Y141.321
G1 F7500 X111.321 Y174.293 E1120.92778
G0 F15000 X110.698 Y174.293
G1 F7500 X144.292 Y140.699 E1122.66595
G0 F15000 X144.292 Y140.077
G1 F7500 X110.076 Y174.293 E1124.43631
G0 F15000 X109.454 Y174.293
G1 F7500 X144.292 Y139.454 E1126.23888
G0 F15000 X144.292 Y138.832
G1 F7500 X108.832 Y174.293 E1128.07363
G0 F15000 X108.209 Y174.293
G1 F7500 X144.292 Y138.21 E1129.94058
G0 F15000 X144.292 Y137.588
G1 F7500 X107.706 Y174.174 E1131.83357
G0 F15000 X107.706 Y173.552
G1 F7500 X144.292 Y136.965 E1133.72657
G0 F15000 X144.292 Y136.343
G1 F7500 X107.706 Y172.93 E1135.61958
G0 F15000 X107.706 Y172.307
G1 F7500 X144.292 Y135.721 E1137.51256
G0 F15000 X144.292 Y135.099
G1 F7500 X107.706 Y171.685 E1139.40555
G0 F15000 X107.706 Y171.063
G1 F7500 X144.292 Y134.476 E1141.29856
G0 F15000 X144.292 Y133.854
G1 F7500 X107.706 Y170.441 E1143.19156
G0 F15000 X107.706 Y169.818
G1 F7500 X144.292 Y133.232 E1145.08455
G0 F15000 X144.292 Y132.61
G1 F7500 X107.706 Y169.196 E1146.97753
G0 F15000 X107.706 Y168.574
G1 F7500 X144.292 Y131.987 E1148.87054
G0 F15000 X144.292 Y131.365
G1 F7500 X107.706 Y167.952 E1150.76355
G0 F15000 X107.706 Y167.329
G1 F7500 X144.292 Y130.743 E1152.65653
G0 F15000 X144.292 Y130.121
G1 F7500 X107.706 Y166.707 E1154.54951
G0 F15000 X107.706 Y166.085
G1 F7500 X144.292 Y129.498 E1156.44252
G0 F15000 X144.292 Y128.876
G1 F7500 X107.706 Y165.462 E1158.3355
G0 F15000 X107.706 Y164.84
G1 F7500 X144.292 Y128.254 E1160.22849
G0 F15000 X144.292 Y127.632
G1 F7500 X107.706 Y164.218 E1162.12147
G0 F15000 X107.706 Y163.596
G1 F7500 X144.292 Y127.009 E1164.01448
G0 F15000 X144.292 Y126.387
G1 F7500 X107.706 Y162.973 E1165.90746
G0 F15000 X107.706 Y162.351
G1 F7500 X144.292 Y125.765 E1167.80044
G0 F15000 X144.292 Y125.143
G1 F7500 X107.706 Y161.729 E1169.69342
G0 F15000 X107.706 Y161.107
G1 F7500 X144.292 Y124.52 E1171.58643
G0 F15000 X144.292 Y123.898
G1 F7500 X107.706 Y160.484 E1173.47942
G0 F15000 X107.706 Y159.862
G1 F7500 X144.292 Y123.276 E1175.3724
G0 F15000 X144.292 Y122.654
G1 F7500 X107.706 Y159.24 E1177.26538
G0 F15000 X107.706 Y158.618
G1 F7500 X144.292 Y122.031 E1179.15839
G0 F15000 X144.292 Y121.409
G1 F7500 X107.706 Y157.995 E1181.05137
G0 F15000 X107.706 Y157.373
G1 F7500 X144.292 Y120.787 E1182.94435
G0 F15000 X144.292 Y120.165
G1 F7500 X107.706 Y156.751 E1184.83734
G0 F15000 X107.706 Y156.129
G1 F7500 X144.292 Y119.542 E1186.73035
G0 F15000 X144.292 Y118.92
G1 F7500 X107.706 Y155.506 E1188.62333
G0 F15000 X107.706 Y154.884
G1 F7500 X144.292 Y118.298 E1190.51631
G0 F15000 X144.292 Y117.676
G1 F7500 X107.706 Y154.262 E1192.40929
G0 F15000 X107.706 Y153.64
G1 F7500 X144.292 Y117.053 E1194.3023
G0 F15000 X144.292 Y116.431
G1 F7500 X107.706 Y153.017 E1196.19528
G0 F15000 X107.706 Y152.395
G1 F7500 X144.292 Y115.809 E1198.08827
G0 F15000 X144.292 Y115.186
G1 F7500 X107.706 Y151.773 E1199.98128
G0 F15000 X107.706 Y151.151
G1 F7500 X144.292 Y114.564 E1201.87428
G0 F15000 X144.292 Y113.942
G1 F7500 X107.706 Y150.528 E1203.76727
G0 F15000 X107.706 Y149.906
G1 F7500 X144.292 Y113.32 E1205.66025
G0 F15000 X144.292 Y112.697
G1 F7500 X107.706 Y149.284 E1207.55326
G0 F15000 X107.706 Y148.662
G1 F7500 X144.292 Y112.075 E1209.44627
G0 F15000 X144.292 Y111.453
G1 F7500 X107.706 Y148.039 E1211.33925
G0 F15000 X107.706 Y147.417
G1 F7500 X144.292 Y110.831 E1213.23223
G0 F15000 X144.292 Y110.208
G1 F7500 X107.706 Y146.795 E1215.12524
G0 F15000 X107.706 Y146.173
G1 F7500 X144.292 Y109.586 E1217.01825
G0 F15000 X144.292 Y108.964
G1 F7500 X107.706 Y145.55 E1218.91123
G0 F15000 X107.706 Y144.928
G1 F7500 X144.292 Y108.342 E1220.80421
G0 F15000 X144.292 Y107.719
G1 F7500 X107.706 Y144.306 E1222.69722
G0 F15000 X107.706 Y143.684
G1 F7500 X144.292 Y107.097 E1224.59023
G0 F15000 X144.292 Y106.475
G1 F7500 X107.706 Y143.061 E1226.48321
G0 F15000 X107.706 Y142.439
G1 F7500 X144.292 Y105.853 E1228.3762
G0 F15000 X144.292 Y105.23
G1 F7500 X107.706 Y141.817 E1230.2692
G0 F15000 X107.706 Y141.195
G1 F7500 X144.292 Y104.608 E1232.16221
G0 F15000 X144.292 Y103.986
G1 F7500 X107.706 Y140.572 E1234.05519
G0 F15000 X107.706 Y139.95
G1 F7500 X144.292 Y103.364 E1235.94818
G0 F15000 X144.292 Y102.741
G1 F7500 X107.706 Y139.328 E1237.84119
G0 F15000 X107.706 Y138.706
G1 F7500 X144.292 Y102.119 E1239.73419
G0 F15000 X144.292 Y101.497
G1 F7500 X107.706 Y138.083 E1241.62718
G0 F15000 X107.706 Y137.461
G1 F7500 X144.292 Y100.875 E1243.52016
G0 F15000 X144.292 Y100.252
G1 F7500 X107.706 Y136.839 E1245.41317
G0 F15000 X107.706 Y136.217
G1 F7500 X144.292 Y99.63 E1247.30618
G0 F15000 X144.292 Y99.008
G1 F7500 X107.706 Y135.594 E1249.19916
G0 F15000 X107.706 Y134.972
G1 F7500 X144.292 Y98.386 E1251.09214
G0 F15000 X144.292 Y97.763
G1 F7500 X107.706 Y134.35 E1252.98515
G0 F15000 X107.706 Y133.728
G1 F7500 X144.292 Y97.141 E1254.87816
G0 F15000 X144.292 Y96.519
G1 F7500 X107.706 Y133.105 E1256.77114
G0 F15000 X107.706 Y132.483
G1 F7500 X144.292 Y95.897 E1258.66412
G0 F15000 X144.292 Y95.274
G1 F7500 X107.706 Y131.861 E1260.55713
G0 F15000 X107.706 Y131.239
G1 F7500 X144.292 Y94.652 E1262.45014
G0 F15000 X144.292 Y94.03
G1 F7500 X107.706 Y130.616 E1264.34312
G0 F15000 X107.706 Y129.994
G1 F7500 X144.292 Y93.408 E1266.23611
G0 F15000 X144.292 Y92.785
G1 F7500 X107.706 Y129.372 E1268.12911
G0 F15000 X107.706 Y128.75
G1 F7500 X144.292 Y92.163 E1270.02212
G0 F15000 X144.292 Y91.541
G1 F7500 X107.706 Y128.127 E1271.91511
G0 F15000 X107.706 Y127.505
G1 F7500 X144.292 Y90.919 E1273.80809
G0 F15000 X144.292 Y90.296
G1 F7500 X107.706 Y126.883 E1275.7011
G0 F15000 X107.706 Y126.26
G1 F7500 X144.292 Y89.674 E1277.59408
G0 F15000 X144.292 Y89.052
G1 F7500 X107.706 Y125.638 E1279.48706
G0 F15000 X107.706 Y125.016
G1 F7500 X144.292 Y88.43 E1281.38004
G0 F15000 X144.292 Y87.807
G1 F7500 X107.706 Y124.394 E1283.27305
G0 F15000 X107.706 Y123.771
G1 F7500 X144.292 Y87.185 E1285.16604
G0 F15000 X144.292 Y86.563
G1 F7500 X107.706 Y123.149 E1287.05902
G0 F15000 X107.706 Y122.527
G1 F7500 X144.292 Y85.941 E1288.952
G0 F15000 X144.292 Y85.318
G1 F7500 X107.706 Y121.905 E1290.84501
G0 F15000 X107.706 Y121.282
G1 F7500 X144.292 Y84.696 E1292.73799
G0 F15000 X144.292 Y84.074
G1 F7500 X107.706 Y120.66 E1294.63097
G0 F15000 X107.706 Y120.038
G1 F7500 X144.292 Y83.452 E1296.52396
G0 F15000 X144.292 Y82.829
G1 F7500 X107.706 Y119.416 E1298.41697
G0 F15000 X107.706 Y118.793
G1 F7500 X144.292 Y82.207 E1300.30995
G0 F15000 X143.269 Y82.608
G1 F7500 X107.706 Y118.171 E1302.15
G0 F15000 X107.706 Y117.549
G1 F7500 X142.531 Y82.724 E1303.95187
G0 F15000 X141.984 Y82.648
G1 F7500 X107.706 Y116.927 E1305.72546
G0 F15000 X107.706 Y116.304
G1 F7500 X141.46 Y82.551 E1307.47189
G0 F15000 X141.048 Y82.34
G1 F7500 X107.706 Y115.682 E1309.19702
G0 F15000 X107.706 Y115.06
G1 F7500 X140.636 Y82.13 E1310.90084
G0 F15000 X140.316 Y81.828
G1 F7500 X107.706 Y114.438 E1312.5881
G0 F15000 X107.706 Y113.815
G1 F7500 X140.005 Y81.517 E1314.25925
G0 F15000 X139.756 Y81.144
G1 F7500 X107.706 Y113.193 E1315.91751
G0 F15000 X107.706 Y112.571
G1 F7500 X139.545 Y80.732 E1317.56488
G0 F15000 X139.389 Y80.266
G1 F7500 X107.706 Y111.949 E1319.20418
G0 F15000 X107.706 Y111.326
G1 F7500 X139.304 Y79.729 E1320.83905
G0 F15000 X139.335 Y79.075
G1 F7500 X107.706 Y110.704 E1322.47555
G0 F15000 X107.706 Y110.082
G1 F7500 X139.572 Y78.216 E1324.12432
G0 F15000 X139.46 Y77.706
G1 F7500 X107.706 Y109.46 E1325.76729
G0 F15000 X107.706 Y108.837
G1 F7500 X138.838 Y77.706 E1327.37806
G0 F15000 X138.216 Y77.706
G1 F7500 X107.706 Y108.215 E1328.95664
G0 F15000 X107.706 Y107.593
G1 F7500 X137.593 Y77.706 E1330.50301
G0 F15000 X136.971 Y77.706
G1 F7500 X107.706 Y106.971 E1332.0172
G0 F15000 X107.706 Y106.348
G1 F7500 X136.349 Y77.706 E1333.49918
G0 F15000 X135.727 Y77.706
G1 F7500 X107.706 Y105.726 E1334.94898
G0 F15000 X107.706 Y105.104
G1 F7500 X135.104 Y77.706 E1336.36657
G0 F15000 X134.482 Y77.706
G1 F7500 X107.706 Y104.482 E1337.75198
G0 F15000 X107.706 Y103.859
G1 F7500 X133.86 Y77.706 E1339.10517
G0 F15000 X133.238 Y77.706
G1 F7500 X107.706 Y103.237 E1340.42619
G0 F15000 X107.706 Y102.615
G1 F7500 X132.615 Y77.706 E1341.715
G0 F15000 X131.993 Y77.706
G1 F7500 X107.706 Y101.993 E1342.97162
G0 F15000 X107.706 Y101.37
G1 F7500 X131.371 Y77.706 E1344.19604
G0 F15000 X130.748 Y77.706
G1 F7500 X107.706 Y100.748 E1345.38825
G0 F15000 X107.706 Y100.126
G1 F7500 X130.126 Y77.706 E1346.54827
G0 F15000 X129.504 Y77.706
G1 F7500 X107.706 Y99.504 E1347.67611
G0 F15000 X107.706 Y98.881
G1 F7500 X128.882 Y77.706 E1348.77175
G0 F15000 X128.259 Y77.706
G1 F7500 X107.706 Y98.259 E1349.83517
G0 F15000 X107.706 Y97.637
G1 F7500 X127.637 Y77.706 E1350.86641
G0 F15000 X127.015 Y77.706
G1 F7500 X107.706 Y97.015 E1351.86547
G0 F15000 X107.706 Y96.392
G1 F7500 X126.393 Y77.706 E1352.83232
G0 F15000 X125.77 Y77.706
G1 F7500 X107.706 Y95.77 E1353.76697
G0 F15000 X107.706 Y95.148
G1 F7500 X125.148 Y77.706 E1354.66943
G0 F15000 X124.526 Y77.706
G1 F7500 X107.706 Y94.526 E1355.5397
G0 F15000 X107.706 Y93.903
G1 F7500 X123.904 Y77.706 E1356.37777
G0 F15000 X123.281 Y77.706
G1 F7500 X107.706 Y93.281 E1357.18363
G0 F15000 X107.706 Y92.659
G1 F7500 X122.659 Y77.706 E1357.95731
G0 F15000 X122.037 Y77.706
G1 F7500 X107.706 Y92.037 E1358.69881
G0 F15000 X107.706 Y91.414
G1 F7500 X121.415 Y77.706 E1359.40809
G0 F15000 X120.792 Y77.706
G1 F7500 X107.706 Y90.792 E1360.08517
G0 F15000 X107.706 Y90.17
G1 F7500 X120.17 Y77.706 E1360.73007
G0 F15000 X119.548 Y77.706
G1 F7500 X107.706 Y89.548 E1361.34278
G0 F15000 X107.706 Y88.925
G1 F7500 X118.926 Y77.706 E1361.92328
G0 F15000 X118.303 Y77.706
G1 F7500 X107.706 Y88.303 E1362.47158
G0 F15000 X107.706 Y87.681
G1 F7500 X117.681 Y77.706 E1362.98769
G0 F15000 X117.059 Y77.706
G1 F7500 X107.706 Y87.058 E1363.47159
G0 F15000 X107.706 Y86.436
G1 F7500 X116.437 Y77.706 E1363.92332
G0 F15000 X115.814 Y77.706
G1 F7500 X107.706 Y85.814 E1364.34283
G0 F15000 X107.706 Y85.192
G1 F7500 X110.293 Y82.604 E1364.47671
G0 F15000 X109.555 Y82.72
G1 F7500 X107.706 Y84.569 E1364.57238
G0 F15000 X107.706 Y83.947
G1 F7500 X109.002 Y82.651 E1364.63943
G0 F15000 X108.473 Y82.558
G1 F7500 X107.706 Y83.325 E1364.67912
G0 F15000 X107.706 Y82.703
G1 F7500 X108.062 Y82.347 E1364.69754
G1 F4800 E1354.69754
G0 F15000 X112.605 Y80.293
G1 F4800 E1364.69754
G1 F7500 X115.192 Y77.706 E1364.83139
G0 F15000 X114.57 Y77.706
G1 F7500 X112.721 Y79.555 E1364.92706
G0 F15000 X112.652 Y79.002
G1 F7500 X113.948 Y77.706 E1364.99411
G0 F15000 X113.325 Y77.706
G1 F7500 X112.558 Y78.473 E1365.0338
G0 F15000 X112.347 Y78.061
G1 F7500 X112.703 Y77.706 E1365.05219
G1 F4800 E1355.05219
;MESH:NONMESH
G0 F300 X112.703 Y77.706 Z1
G0 F15000 X107.1 Y77.1
;TIME_ELAPSED:1029.979235
;LAYER:4
;TYPE:WALL-INNER
;MESH:Botton Carcaza (1).stl
G1 F4800 E1365.05219
G1 F1440 X107.784 Y77.1 E1365.07722
G1 X107.919 Y77.1 E1365.08216
G1 X108.516 Y77.1 E1365.104
G1 X107.919 Y77.427 E1365.11469
G1 X107.824 Y77.522 E1365.11902
G1 X107.514 Y77.832 E1365.13506
G1 X107.371 Y77.974 E1365.14244
G1 X107.1 Y78.549 E1365.16569
G1 X107.1 Y77.974 E1365.17179
G1 X107.1 Y77.772 E1365.17788
G1 X107.1 Y77.1 E1365.20247
G1 F4800 E1355.20247
G0 F15000 X107.1 Y80.484
G1 F4800 E1365.20247
G1 X107.437 Y81.098 E1365.22809
G1 X107.523 Y81.178 E1365.23239
G1 X108.031 Y81.657 E1365.25793
G1 X108.772 Y82.006 E1365.2879
G1 X109.581 Y82.108 E1365.31773
G1 X110.382 Y81.956 E1365.34756
G1 X111.098 Y81.563 E1365.37744
G1 X111.657 Y80.969 E1365.40729
G1 X112.006 Y80.228 E1365.43725
G1 X112.105 Y79.437 E1365.46642
G1 X111.986 Y78.676 E1365.4946
G1 X111.565 Y77.904 E1365.52677
G1 X111.148 Y77.512 E1365.54771
G1 X110.969 Y77.343 E1365.55672
G1 X110.454 Y77.1 E1365.57755
G1 X110.969 Y77.1 E1365.58239
G1 X111.216 Y77.1 E1365.58956
G1 X140.784 Y77.1 E1366.67134
G1 X140.902 Y77.1 E1366.67566
G1 X141.516 Y77.1 E1366.69812
G1 X140.902 Y77.437 E1366.70939
G1 X140.822 Y77.523 E1366.71323
G1 X140.343 Y78.031 E1366.73877
G1 X139.994 Y78.772 E1366.76874
G1 X139.892 Y79.581 E1366.79857
G1 X140.044 Y80.382 E1366.8284
G1 X140.437 Y81.098 E1366.85828
G1 X141.031 Y81.657 E1366.88813
G1 X141.772 Y82.006 E1366.91809
G1 X142.581 Y82.108 E1366.94792
G1 X143.382 Y81.956 E1366.97775
G1 X144.098 Y81.563 E1367.00764
G1 X144.488 Y81.149 E1367.02844
G1 X144.657 Y80.969 E1367.03748
G1 X144.9 Y80.454 E1367.05831
G1 X144.9 Y80.969 E1367.06316
G1 X144.9 Y81.216 E1367.07032
G1 X144.9 Y170.786 E1370.34734
G1 X144.9 Y170.904 E1370.35166
G1 X144.9 Y171.516 E1370.37405
G1 X144.563 Y170.904 E1370.38529
G1 X144.478 Y170.823 E1370.38913
G1 X143.982 Y170.353 E1370.41413
G1 X143.293 Y170.004 E1370.44238
G1 X142.421 Y169.892 E1370.47455
G1 X141.619 Y170.044 E1370.50441
G1 X140.902 Y170.437 E1370.53433
G1 X140.343 Y171.031 E1370.56417
G1 X139.994 Y171.772 E1370.59414
G1 X139.892 Y172.581 E1370.62397
G1 X140.044 Y173.382 E1370.6538
G1 X140.437 Y174.098 E1370.68368
G1 X140.851 Y174.488 E1370.70449
G1 X141.031 Y174.657 E1370.71352
G1 X141.546 Y174.9 E1370.73436
G1 X141.031 Y174.9 E1370.7392
G1 X140.784 Y174.9 E1370.74636
G1 X107.1 Y174.9 E1371.97873
G1 X107.1 Y81.216 E1375.40627
G1 X107.1 Y81.098 E1375.41013
G1 X107.1 Y80.484 E1375.41824
G1 F4800 E1365.41824
G0 F15000 X143.454 Y77.1
G1 F4800 E1375.41824
G1 F1440 X143.969 Y77.1 E1375.43708
G1 X144.216 Y77.1 E1375.44612
G1 X144.9 Y77.1 E1375.47115
G1 X144.9 Y77.784 E1375.49617
G1 X144.9 Y77.904 E1375.50056
G1 X144.9 Y78.518 E1375.52303
G1 X144.565 Y77.904 E1375.53422
G1 X144.478 Y77.822 E1375.53811
G1 X144.148 Y77.512 E1375.55468
G1 X143.969 Y77.343 E1375.56181
G1 X143.454 Y77.1 E1375.56864
G1 F4800 E1365.56864
G0 F15000 X144.9 Y173.454
G1 F4800 E1375.56864
G1 F1440 X144.9 Y173.969 E1375.58748
G1 X144.9 Y174.216 E1375.59652
G1 X144.9 Y174.9 E1375.62154
G1 X144.216 Y174.9 E1375.64657
G1 X144.098 Y174.9 E1375.65088
G1 X143.484 Y174.9 E1375.67335
G1 X144.098 Y174.563 E1375.68462
G1 X144.179 Y174.477 E1375.68848
G1 X144.488 Y174.149 E1375.70497
G1 X144.657 Y173.969 E1375.71212
G1 X144.9 Y173.454 E1375.71894
G1 F4800 E1365.71894
G0 F15000 X107.736 Y78.231
G1 F4800 E1375.71894
G1 F1440 X107.423 Y78.894 E1375.74577
G1 X107.336 Y79.567 E1375.77059
G1 X107.463 Y80.231 E1375.79533
G1 X107.789 Y80.825 E1375.82012
G1 X108.282 Y81.289 E1375.84489
G1 X108.896 Y81.578 E1375.86971
G1 X109.567 Y81.663 E1375.89446
G1 X110.231 Y81.537 E1375.91919
G1 X110.825 Y81.211 E1375.94398
G1 X111.289 Y80.718 E1375.96875
G1 X111.578 Y80.104 E1375.99357
G1 X111.661 Y79.444 E1376.01791
G1 X111.563 Y78.82 E1376.04102
G1 X111.212 Y78.176 E1376.06785
G1 X110.718 Y77.711 E1376.09268
G1 X110.105 Y77.422 E1376.11747
G1 X109.433 Y77.336 E1376.14226
G1 X108.769 Y77.463 E1376.16699
G1 X108.185 Y77.783 E1376.19135
G1 X107.736 Y78.231 E1376.21456
G0 F15000 X108.101 Y78.488
;TYPE:WALL-OUTER
G1 F1080 X107.85 Y79.019 E1376.23605
G1 X107.781 Y79.553 E1376.25575
G1 X107.882 Y80.08 E1376.27538
G1 X108.141 Y80.552 E1376.29508
G1 X108.533 Y80.921 E1376.31477
G1 X109.02 Y81.15 E1376.33446
G1 X109.553 Y81.218 E1376.35412
G1 X110.08 Y81.118 E1376.37375
G1 X110.552 Y80.859 E1376.39344
G1 X110.921 Y80.467 E1376.41314
G1 X111.15 Y79.98 E1376.43283
G1 X111.217 Y79.451 E1376.45234
G1 X111.14 Y78.964 E1376.47038
G1 X110.859 Y78.448 E1376.49187
G1 X110.467 Y78.079 E1376.51157
G1 X109.98 Y77.85 E1376.53126
G1 X109.447 Y77.781 E1376.55092
G1 X108.92 Y77.882 E1376.57055
G1 X108.451 Y78.139 E1376.59012
G1 X108.101 Y78.488 E1376.6082
G0 F15000 X107.706 Y78.21
G1 F4800 E1366.6082
G0 F15000 X144.563 Y78.82
;TYPE:WALL-INNER
G1 F4800 E1376.6082
G1 F1440 X144.212 Y78.176 E1376.63504
G1 X143.718 Y77.711 E1376.65986
G1 X143.105 Y77.422 E1376.68465
G1 X142.433 Y77.336 E1376.70944
G1 X141.769 Y77.463 E1376.73417
G1 X141.175 Y77.789 E1376.75896
G1 X140.711 Y78.282 E1376.78373
G1 X140.422 Y78.896 E1376.80856
G1 X140.337 Y79.567 E1376.8333
G1 X140.463 Y80.231 E1376.85803
G1 X140.789 Y80.825 E1376.88282
G1 X141.282 Y81.289 E1376.90759
G1 X141.896 Y81.578 E1376.93242
G1 X142.567 Y81.663 E1376.95716
G1 X143.231 Y81.537 E1376.98189
G1 X143.825 Y81.211 E1377.00668
G1 X144.289 Y80.718 E1377.03145
G1 X144.578 Y80.105 E1377.05624
G1 X144.663 Y79.444 E1377.08063
G1 X144.563 Y78.82 E1377.10375
G0 F15000 X144.14 Y78.964
;TYPE:WALL-OUTER
G1 F1080 X143.859 Y78.448 E1377.12524
G1 X143.467 Y78.079 E1377.14494
G1 X142.98 Y77.85 E1377.16463
G1 X142.447 Y77.781 E1377.18429
G1 X141.92 Y77.882 E1377.20392
G1 X141.448 Y78.141 E1377.22362
G1 X141.079 Y78.533 E1377.24332
G1 X140.85 Y79.02 E1377.26301
G1 X140.782 Y79.553 E1377.28267
G1 X140.882 Y80.08 E1377.30229
G1 X141.141 Y80.552 E1377.32199
G1 X141.533 Y80.921 E1377.34168
G1 X142.02 Y81.15 E1377.36137
G1 X142.553 Y81.218 E1377.38103
G1 X143.08 Y81.118 E1377.40066
G1 X143.552 Y80.859 E1377.42035
G1 X143.921 Y80.467 E1377.44005
G1 X144.15 Y79.98 E1377.45974
G1 X144.218 Y79.451 E1377.47925
G1 X144.14 Y78.964 E1377.4973
G0 F15000 X144.598 Y78.808
G1 F4800 E1367.4973
G0 F15000 X143.162 Y170.431
;TYPE:WALL-INNER
G1 F4800 E1377.4973
G1 F1440 X142.434 Y170.337 E1377.52415
G1 X141.769 Y170.463 E1377.54892
G1 X141.175 Y170.789 E1377.57371
G1 X140.711 Y171.282 E1377.59848
G1 X140.422 Y171.896 E1377.6233
G1 X140.337 Y172.567 E1377.64805
G1 X140.463 Y173.231 E1377.67278
G1 X140.789 Y173.825 E1377.69757
G1 X141.282 Y174.289 E1377.72233
G1 X141.895 Y174.578 E1377.74713
G1 X142.567 Y174.664 E1377.77192
G1 X143.231 Y174.537 E1377.79665
G1 X143.825 Y174.211 E1377.82144
G1 X144.289 Y173.718 E1377.84621
G1 X144.578 Y173.105 E1377.871
G1 X144.664 Y172.433 E1377.89579
G1 X144.537 Y171.769 E1377.92052
G1 X144.211 Y171.176 E1377.94528
G1 X143.726 Y170.717 E1377.96971
G1 X143.162 Y170.431 E1377.99285
G0 F15000 X143.03 Y170.858
;TYPE:WALL-OUTER
G1 F1080 X142.447 Y170.782 E1378.01436
G1 X141.92 Y170.882 E1378.03398
G1 X141.448 Y171.141 E1378.05368
G1 X141.079 Y171.533 E1378.07338
G1 X140.85 Y172.02 E1378.09307
G1 X140.782 Y172.553 E1378.11272
G1 X140.882 Y173.08 E1378.13235
G1 X141.141 Y173.552 E1378.15205
G1 X141.533 Y173.921 E1378.17174
G1 X142.02 Y174.15 E1378.19143
G1 X142.553 Y174.219 E1378.2111
G1 X143.08 Y174.118 E1378.23073
G1 X143.552 Y173.859 E1378.25043
G1 X143.921 Y173.467 E1378.27012
G1 X144.15 Y172.98 E1378.28981
G1 X144.219 Y172.447 E1378.30947
G1 X144.118 Y171.92 E1378.32911
G1 X143.859 Y171.448 E1378.3488
G1 X143.47 Y171.081 E1378.36837
G1 X143.03 Y170.858 E1378.38642
G0 F15000 X143.172 Y170.396
G1 F4800 E1368.38642
G0 F15000 X145.34 Y175.34
;TYPE:WALL-INNER
G1 F4800 E1378.38642
G1 X106.66 Y175.34 E1379.80157
G1 X106.66 Y76.66 E1383.41189
G1 X145.34 Y76.66 E1384.82704
G1 X145.34 Y175.34 E1388.43736
G0 F15000 X145.78 Y175.78
;TYPE:WALL-OUTER
G1 F3600 X106.22 Y175.78 E1389.88471
G1 X106.22 Y76.22 E1393.52723
G1 X145.78 Y76.22 E1394.97458
G1 X145.78 Y175.78 E1398.61709
G1 F4800 E1388.61709
G0 F15000 X144.47 Y170.224
;TYPE:SKIN
G1 F4800 E1398.61709
G1 F7500 X144.232 Y169.998 E1398.6291
G1 X143.422 Y169.587 E1398.66233
G1 X142.408 Y169.456 E1398.69974
G1 X141.472 Y169.634 E1398.7346
G1 X140.636 Y170.093 E1398.76949
G1 X139.983 Y170.786 E1398.80433
G1 X139.576 Y171.651 E1398.8393
G1 X139.456 Y172.595 E1398.87412
G1 X139.634 Y173.529 E1398.9089
G1 X140.093 Y174.364 E1398.94377
G1 X140.206 Y174.47 E1398.94943
G1 X107.53 Y174.47 E1400.14492
G1 X107.53 Y81.776 E1403.53624
G1 X107.786 Y82.017 E1403.5491
G1 X108.651 Y82.424 E1403.58408
G1 X109.595 Y82.544 E1403.61889
G1 X110.529 Y82.366 E1403.65368
G1 X111.364 Y81.907 E1403.68854
G1 X112.017 Y81.214 E1403.72338
G1 X112.424 Y80.349 E1403.75835
G1 X112.539 Y79.431 E1403.7922
G1 X112.399 Y78.535 E1403.82538
G1 X111.909 Y77.638 E1403.86277
G1 X111.794 Y77.53 E1403.86855
G1 X140.224 Y77.53 E1404.90869
G1 X139.983 Y77.786 E1404.92155
G1 X139.576 Y78.651 E1404.95653
G1 X139.456 Y79.595 E1404.99134
G1 X139.634 Y80.529 E1405.02613
G1 X140.093 Y81.364 E1405.06099
G1 X140.786 Y82.017 E1405.09583
G1 X141.651 Y82.424 E1405.1308
G1 X142.595 Y82.544 E1405.16562
G1 X143.529 Y82.366 E1405.20041
G1 X144.364 Y81.907 E1405.23527
G1 X144.47 Y81.794 E1405.24093
G1 X144.47 Y170.224 E1408.47625
G1 F4800 E1398.47625
G0 F15000 X108.334 Y174.293
G1 F4800 E1408.47625
G1 F7500 X107.705 Y173.664 E1408.50879
G0 F15000 X107.705 Y173.042
G1 F7500 X108.956 Y174.293 E1408.57352
G0 F15000 X109.578 Y174.293
G1 F7500 X107.705 Y172.42 E1408.67043
G0 F15000 X107.705 Y171.797
G1 F7500 X110.201 Y174.293 E1408.79958
G0 F15000 X110.823 Y174.293
G1 F7500 X107.705 Y171.175 E1408.9609
G0 F15000 X107.705 Y170.553
G1 F7500 X111.445 Y174.293 E1409.15441
G0 F15000 X112.067 Y174.293
G1 F7500 X107.705 Y169.931 E1409.3801
G0 F15000 X107.705 Y169.308
G1 F7500 X112.69 Y174.293 E1409.63803
G0 F15000 X113.312 Y174.293
G1 F7500 X107.705 Y168.686 E1409.92814
G0 F15000 X107.705 Y168.064
G1 F7500 X113.934 Y174.293 E1410.25043
G0 F15000 X114.556 Y174.293
G1 F7500 X107.705 Y167.442 E1410.60491
G0 F15000 X107.705 Y166.819
G1 F7500 X115.179 Y174.293 E1410.99162
G0 F15000 X115.801 Y174.293
G1 F7500 X107.705 Y166.197 E1411.41051
G0 F15000 X107.705 Y165.575
G1 F7500 X116.423 Y174.293 E1411.86159
G0 F15000 X117.045 Y174.293
G1 F7500 X107.705 Y164.953 E1412.34484
G0 F15000 X107.705 Y164.33
G1 F7500 X117.668 Y174.293 E1412.86033
G0 F15000 X118.29 Y174.293
G1 F7500 X107.705 Y163.708 E1413.40801
G0 F15000 X107.705 Y163.086
G1 F7500 X118.912 Y174.293 E1413.98787
G0 F15000 X119.534 Y174.293
G1 F7500 X107.705 Y162.464 E1414.59991
G0 F15000 X107.705 Y161.841
G1 F7500 X120.157 Y174.293 E1415.24418
G0 F15000 X120.779 Y174.293
G1 F7500 X107.705 Y161.219 E1415.92064
G0 F15000 X107.705 Y160.597
G1 F7500 X121.401 Y174.293 E1416.62928
G0 F15000 X122.024 Y174.293
G1 F7500 X107.705 Y159.975 E1417.37013
G0 F15000 X107.705 Y159.352
G1 F7500 X122.646 Y174.293 E1418.14318
G0 F15000 X123.268 Y174.293
G1 F7500 X107.705 Y158.73 E1418.94842
G0 F15000 X107.705 Y158.108
G1 F7500 X123.89 Y174.293 E1419.78584
G0 F15000 X124.513 Y174.293
G1 F7500 X107.705 Y157.486 E1420.65547
G0 F15000 X107.705 Y156.863
G1 F7500 X125.135 Y174.293 E1421.55731
G0 F15000 X125.757 Y174.293
G1 F7500 X107.705 Y156.241 E1422.49134
G0 F15000 X107.705 Y155.619
G1 F7500 X126.379 Y174.293 E1423.45754
G0 F15000 X127.002 Y174.293
G1 F7500 X107.705 Y154.997 E1424.45595
G0 F15000 X107.705 Y154.374
G1 F7500 X127.624 Y174.293 E1425.48657
G0 F15000 X128.246 Y174.293
G1 F7500 X107.705 Y153.752 E1426.54938
G0 F15000 X107.705 Y153.13
G1 F7500 X128.868 Y174.293 E1427.64437
G0 F15000 X129.491 Y174.293
G1 F7500 X107.705 Y152.508 E1428.77156
G0 F15000 X107.705 Y151.885
G1 F7500 X130.113 Y174.293 E1429.93096
G0 F15000 X130.735 Y174.293
G1 F7500 X107.705 Y151.263 E1431.12255
G0 F15000 X107.705 Y150.641
G1 F7500 X131.357 Y174.293 E1432.34632
G0 F15000 X131.98 Y174.293
G1 F7500 X107.705 Y150.019 E1433.6023
G0 F15000 X107.705 Y149.396
G1 F7500 X132.602 Y174.293 E1434.89049
G0 F15000 X133.224 Y174.293
G1 F7500 X107.705 Y148.774 E1436.21085
G0 F15000 X107.705 Y148.152
G1 F7500 X133.846 Y174.293 E1437.56341
G0 F15000 X134.469 Y174.293
G1 F7500 X107.705 Y147.53 E1438.94817
G0 F15000 X107.705 Y146.907
G1 F7500 X135.091 Y174.293 E1440.36513
G0 F15000 X135.713 Y174.293
G1 F7500 X107.705 Y146.285 E1441.81429
G0 F15000 X107.705 Y145.663
G1 F7500 X136.335 Y174.293 E1443.29562
G0 F15000 X136.958 Y174.293
G1 F7500 X107.705 Y145.041 E1444.80916
G0 F15000 X107.705 Y144.418
G1 F7500 X137.58 Y174.293 E1446.35491
G0 F15000 X138.202 Y174.293
G1 F7500 X107.705 Y143.796 E1447.93285
G0 F15000 X107.705 Y143.174
G1 F7500 X138.824 Y174.293 E1449.54297
G0 F15000 X139.447 Y174.293
G1 F7500 X107.705 Y142.552 E1451.18529
G0 F15000 X107.705 Y141.929
G1 F7500 X139.591 Y173.815 E1452.83509
G0 F15000 X139.343 Y172.945
G1 F7500 X107.705 Y141.307 E1454.47206
G0 F15000 X107.705 Y140.685
G1 F7500 X139.317 Y172.296 E1456.10766
G0 F15000 X139.387 Y171.744
G1 F7500 X107.705 Y140.063 E1457.74688
G0 F15000 X107.705 Y139.44
G1 F7500 X139.553 Y171.288 E1459.39472
G0 F15000 X139.752 Y170.865
G1 F7500 X107.705 Y138.818 E1461.05285
G0 F15000 X107.705 Y138.196
G1 F7500 X140.01 Y170.501 E1462.72433
G0 F15000 X140.311 Y170.18
G1 F7500 X107.705 Y137.573 E1464.41141
G0 F15000 X107.705 Y136.951
G1 F7500 X140.642 Y169.888 E1466.11559
G0 F15000 X141.043 Y169.667
G1 F7500 X107.705 Y136.329 E1467.84052
G0 F15000 X107.705 Y135.707
G1 F7500 X141.454 Y169.456 E1469.58672
G0 F15000 X141.977 Y169.357
G1 F7500 X107.705 Y135.084 E1471.36
G0 F15000 X107.705 Y134.462
G1 F7500 X142.537 Y169.294 E1473.16223
G0 F15000 X143.252 Y169.387
G1 F7500 X107.705 Y133.84 E1475.00145
G0 F15000 X107.705 Y133.218
G1 F7500 X144.293 Y169.806 E1476.89454
G0 F15000 X144.293 Y169.183
G1 F7500 X107.705 Y132.595 E1478.78762
G0 F15000 X107.705 Y131.973
G1 F7500 X144.293 Y168.561 E1480.68071
G0 F15000 X144.293 Y167.939
G1 F7500 X107.705 Y131.351 E1482.57379
G0 F15000 X107.705 Y130.729
G1 F7500 X144.293 Y167.317 E1484.46688
G0 F15000 X144.293 Y166.694
G1 F7500 X107.705 Y130.106 E1486.35997
G0 F15000 X107.705 Y129.484
G1 F7500 X144.293 Y166.072 E1488.25305
G0 F15000 X144.293 Y165.45
G1 F7500 X107.705 Y128.862 E1490.14614
G0 F15000 X107.705 Y128.24
G1 F7500 X144.293 Y164.828 E1492.03922
G0 F15000 X144.293 Y164.205
G1 F7500 X107.705 Y127.617 E1493.93231
G0 F15000 X107.705 Y126.994
G1 F7500 X144.293 Y163.583 E1495.82542
G0 F15000 X144.293 Y162.961
G1 F7500 X107.705 Y126.372 E1497.71853
G0 F15000 X107.705 Y125.75
G1 F7500 X144.293 Y162.338 E1499.61162
G0 F15000 X144.293 Y161.716
G1 F7500 X107.705 Y125.128 E1501.50471
G0 F15000 X107.705 Y124.505
G1 F7500 X144.293 Y161.094 E1503.39782
G0 F15000 X144.293 Y160.472
G1 F7500 X107.705 Y123.883 E1505.29093
G0 F15000 X107.705 Y123.261
G1 F7500 X144.293 Y159.849 E1507.18402
G0 F15000 X144.293 Y159.227
G1 F7500 X107.705 Y122.639 E1509.0771
G0 F15000 X107.705 Y122.016
G1 F7500 X144.293 Y158.605 E1510.97021
G0 F15000 X144.293 Y157.983
G1 F7500 X107.705 Y121.394 E1512.86333
G0 F15000 X107.705 Y120.772
G1 F7500 X144.293 Y157.36 E1514.75641
G0 F15000 X144.293 Y156.738
G1 F7500 X107.705 Y120.15 E1516.6495
G0 F15000 X107.705 Y119.527
G1 F7500 X144.293 Y156.116 E1518.54261
G0 F15000 X144.293 Y155.494
G1 F7500 X107.705 Y118.905 E1520.43572
G0 F15000 X107.705 Y118.283
G1 F7500 X144.293 Y154.871 E1522.32881
G0 F15000 X144.293 Y154.249
G1 F7500 X107.705 Y117.661 E1524.22189
G0 F15000 X107.705 Y117.038
G1 F7500 X144.293 Y153.627 E1526.11501
G0 F15000 X144.293 Y153.005
G1 F7500 X107.705 Y116.416 E1528.00812
G0 F15000 X107.705 Y115.794
G1 F7500 X144.293 Y152.382 E1529.9012
G0 F15000 X144.293 Y151.76
G1 F7500 X107.705 Y115.172 E1531.79429
G0 F15000 X107.705 Y114.549
G1 F7500 X144.293 Y151.138 E1533.6874
G0 F15000 X144.293 Y150.516
G1 F7500 X107.705 Y113.927 E1535.58051
G0 F15000 X107.705 Y113.305
G1 F7500 X144.293 Y149.893 E1537.4736
G0 F15000 X144.293 Y149.271
G1 F7500 X107.705 Y112.683 E1539.36669
G0 F15000 X107.705 Y112.06
G1 F7500 X144.293 Y148.649 E1541.2598
G0 F15000 X144.293 Y148.027
G1 F7500 X107.705 Y111.438 E1543.15291
G0 F15000 X107.705 Y110.816
G1 F7500 X144.293 Y147.404 E1545.046
G0 F15000 X144.293 Y146.782
G1 F7500 X107.705 Y110.194 E1546.93908
G0 F15000 X107.705 Y109.571
G1 F7500 X144.293 Y146.16 E1548.83219
G0 F15000 X144.293 Y145.538
G1 F7500 X107.705 Y108.949 E1550.72531
G0 F15000 X107.705 Y108.327
G1 F7500 X144.293 Y144.915 E1552.61839
G0 F15000 X144.293 Y144.293
G1 F7500 X107.705 Y107.705 E1554.51148
G0 F15000 X107.705 Y107.082
G1 F7500 X144.293 Y143.671 E1556.40459
G0 F15000 X144.293 Y143.049
G1 F7500 X107.705 Y106.46 E1558.2977
G0 F15000 X107.705 Y105.838
G1 F7500 X144.293 Y142.426 E1560.19079
G0 F15000 X144.293 Y141.804
G1 F7500 X107.705 Y105.216 E1562.08387
G0 F15000 X107.705 Y104.593
G1 F7500 X144.293 Y141.182 E1563.97699
G0 F15000 X144.293 Y140.56
G1 F7500 X107.705 Y103.971 E1565.8701
G0 F15000 X107.705 Y103.349
G1 F7500 X144.293 Y139.937 E1567.76318
G0 F15000 X144.293 Y139.315
G1 F7500 X107.705 Y102.727 E1569.65627
G0 F15000 X107.705 Y102.104
G1 F7500 X144.293 Y138.693 E1571.54938
G0 F15000 X144.293 Y138.071
G1 F7500 X107.705 Y101.482 E1573.44249
G0 F15000 X107.705 Y100.86
G1 F7500 X144.293 Y137.448 E1575.33558
G0 F15000 X144.293 Y136.826
G1 F7500 X107.705 Y100.238 E1577.22867
G0 F15000 X107.705 Y99.615
G1 F7500 X144.293 Y136.204 E1579.12178
G0 F15000 X144.293 Y135.582
G1 F7500 X107.705 Y98.993 E1581.01489
G0 F15000 X107.705 Y98.371
G1 F7500 X144.293 Y134.959 E1582.90798
G0 F15000 X144.293 Y134.337
G1 F7500 X107.705 Y97.749 E1584.80106
G0 F15000 X107.705 Y97.126
G1 F7500 X144.293 Y133.715 E1586.69417
G0 F15000 X144.293 Y133.093
G1 F7500 X107.705 Y96.504 E1588.58729
G0 F15000 X107.705 Y95.882
G1 F7500 X144.293 Y132.47 E1590.48037
G0 F15000 X144.293 Y131.848
G1 F7500 X107.705 Y95.26 E1592.37346
G0 F15000 X107.705 Y94.637
G1 F7500 X144.293 Y131.226 E1594.26657
G0 F15000 X144.293 Y130.604
G1 F7500 X107.705 Y94.015 E1596.15968
G0 F15000 X107.705 Y93.393
G1 F7500 X144.293 Y129.981 E1598.05277
G0 F15000 X144.293 Y129.359
G1 F7500 X107.705 Y92.77 E1599.94588
G0 F15000 X107.705 Y92.148
G1 F7500 X144.293 Y128.737 E1601.83899
G0 F15000 X144.293 Y128.115
G1 F7500 X107.705 Y91.526 E1603.7321
G0 F15000 X107.705 Y90.904
G1 F7500 X144.293 Y127.492 E1605.62519
G0 F15000 X144.293 Y126.87
G1 F7500 X107.705 Y90.281 E1607.5183
G0 F15000 X107.705 Y89.659
G1 F7500 X144.293 Y126.248 E1609.41141
G0 F15000 X144.293 Y125.626
G1 F7500 X107.705 Y89.037 E1611.30453
G0 F15000 X107.705 Y88.415
G1 F7500 X144.293 Y125.003 E1613.19761
G0 F15000 X144.293 Y124.381
G1 F7500 X107.705 Y87.792 E1615.09072
G0 F15000 X107.705 Y87.17
G1 F7500 X144.293 Y123.759 E1616.98384
G0 F15000 X144.293 Y123.136
G1 F7500 X107.705 Y86.548 E1618.87692
G0 F15000 X107.705 Y85.926
G1 F7500 X144.293 Y122.514 E1620.77001
G0 F15000 X144.293 Y121.892
G1 F7500 X107.705 Y85.303 E1622.66312
G0 F15000 X107.705 Y84.681
G1 F7500 X144.293 Y121.27 E1624.55623
G0 F15000 X144.293 Y120.647
G1 F7500 X107.705 Y84.059 E1626.44932
G0 F15000 X107.705 Y83.437
G1 F7500 X144.293 Y120.025 E1628.3424
G0 F15000 X144.293 Y119.403
G1 F7500 X107.705 Y82.814 E1630.23552
G0 F15000 X107.705 Y82.192
G1 F7500 X144.293 Y118.781 E1632.12863
G0 F15000 X144.293 Y118.158
G1 F7500 X108.748 Y82.613 E1633.96775
G0 F15000 X109.461 Y82.704
G1 F7500 X144.293 Y117.536 E1635.76998
G0 F15000 X144.293 Y116.914
G1 F7500 X110.022 Y82.643 E1637.54318
G0 F15000 X110.544 Y82.543
G1 F7500 X144.293 Y116.292 E1639.28938
G0 F15000 X144.293 Y115.669
G1 F7500 X110.955 Y82.331 E1641.01431
G0 F15000 X111.357 Y82.111
G1 F7500 X144.293 Y115.047 E1642.71843
G0 F15000 X144.293 Y114.425
G1 F7500 X111.687 Y81.819 E1644.40549
G0 F15000 X111.988 Y81.498
G1 F7500 X144.293 Y113.803 E1646.07697
G0 F15000 X144.293 Y113.18
G1 F7500 X112.246 Y81.134 E1647.73508
G0 F15000 X112.446 Y80.711
G1 F7500 X144.293 Y112.558 E1649.38286
G0 F15000 X144.293 Y111.936
G1 F7500 X112.612 Y80.255 E1651.02206
G0 F15000 X112.681 Y79.702
G1 F7500 X144.293 Y111.314 E1652.65768
G0 F15000 X144.293 Y110.691
G1 F7500 X112.657 Y79.055 E1654.29455
G0 F15000 X112.403 Y78.179
G1 F7500 X144.293 Y110.069 E1655.94455
G0 F15000 X144.293 Y109.447
G1 F7500 X112.552 Y77.706 E1657.58685
G0 F15000 X113.174 Y77.706
G1 F7500 X144.293 Y108.825 E1659.19697
G0 F15000 X144.293 Y108.202
G1 F7500 X113.796 Y77.706 E1660.77488
G0 F15000 X114.419 Y77.706
G1 F7500 X144.293 Y107.58 E1662.32058
G0 F15000 X144.293 Y106.958
G1 F7500 X115.041 Y77.706 E1663.8341
G0 F15000 X115.663 Y77.706
G1 F7500 X144.293 Y106.336 E1665.31543
G0 F15000 X144.293 Y105.713
G1 F7500 X116.285 Y77.706 E1666.76455
G0 F15000 X116.908 Y77.706
G1 F7500 X144.293 Y105.091 E1668.18147
G0 F15000 X144.293 Y104.469
G1 F7500 X117.53 Y77.706 E1669.56621
G0 F15000 X118.152 Y77.706
G1 F7500 X144.293 Y103.847 E1670.91876
G0 F15000 X144.293 Y103.224
G1 F7500 X118.774 Y77.706 E1672.2391
G0 F15000 X119.397 Y77.706
G1 F7500 X144.293 Y102.602 E1673.52724
G0 F15000 X144.293 Y101.98
G1 F7500 X120.019 Y77.706 E1674.78319
G0 F15000 X120.641 Y77.706
G1 F7500 X144.293 Y101.358 E1676.00696
G0 F15000 X144.293 Y100.735
G1 F7500 X121.263 Y77.706 E1677.19852
G0 F15000 X121.886 Y77.706
G1 F7500 X144.293 Y100.113 E1678.35787
G0 F15000 X144.293 Y99.491
G1 F7500 X122.508 Y77.706 E1679.48504
G0 F15000 X123.13 Y77.706
G1 F7500 X144.293 Y98.869 E1680.58003
G0 F15000 X144.293 Y98.246
G1 F7500 X123.752 Y77.706 E1681.64281
G0 F15000 X124.375 Y77.706
G1 F7500 X144.293 Y97.624 E1682.67337
G0 F15000 X144.293 Y97.002
G1 F7500 X124.997 Y77.706 E1683.67176
G0 F15000 X125.619 Y77.706
G1 F7500 X144.293 Y96.38 E1684.63797
G0 F15000 X144.293 Y95.757
G1 F7500 X126.241 Y77.706 E1685.57196
G0 F15000 X126.864 Y77.706
G1 F7500 X144.293 Y95.135 E1686.47375
G0 F15000 X144.293 Y94.513
G1 F7500 X127.486 Y77.706 E1687.34335
G0 F15000 X128.108 Y77.706
G1 F7500 X144.293 Y93.891 E1688.18078
G0 F15000 X144.293 Y93.268
G1 F7500 X128.73 Y77.706 E1688.98599
G0 F15000 X129.353 Y77.706
G1 F7500 X144.293 Y92.646 E1689.759
G0 F15000 X144.293 Y92.024
G1 F7500 X129.975 Y77.706 E1690.49982
G0 F15000 X130.597 Y77.706
G1 F7500 X144.293 Y91.402 E1691.20846
G0 F15000 X144.293 Y90.779
G1 F7500 X131.219 Y77.706 E1691.88489
G0 F15000 X131.842 Y77.706
G1 F7500 X144.293 Y90.157 E1692.52911
G0 F15000 X144.293 Y89.535
G1 F7500 X132.464 Y77.706 E1693.14115
G0 F15000 X133.086 Y77.706
G1 F7500 X144.293 Y88.913 E1693.72101
G0 F15000 X144.293 Y88.29
G1 F7500 X133.708 Y77.706 E1694.26866
G0 F15000 X134.331 Y77.706
G1 F7500 X144.293 Y87.668 E1694.7841
G0 F15000 X144.293 Y87.046
G1 F7500 X134.953 Y77.706 E1695.26735
G0 F15000 X135.575 Y77.706
G1 F7500 X144.293 Y86.424 E1695.71843
G0 F15000 X144.293 Y85.801
G1 F7500 X140.188 Y81.696 E1695.93082
G0 F15000 X139.935 Y81.443
G1 F7500 X136.197 Y77.706 E1696.1242
G0 F15000 X136.82 Y77.706
G1 F7500 X139.409 Y80.295 E1696.25816
G0 F15000 X139.284 Y79.548
G1 F7500 X137.442 Y77.706 E1696.35347
G0 F15000 X138.064 Y77.706
G1 F7500 X139.354 Y78.995 E1696.42019
G0 F15000 X139.461 Y78.48
G1 F7500 X138.686 Y77.706 E1696.46026
G0 F15000 X139.309 Y77.706
G1 F7500 X139.66 Y78.057 E1696.47842
G1 F4800 E1686.47842
G0 F15000 X141.725 Y82.611
G1 F4800 E1696.47842
G1 F7500 X144.293 Y85.179 E1696.61129
G0 F15000 X144.293 Y84.557
G1 F7500 X142.437 Y82.701 E1696.70732
G0 F15000 X143.004 Y82.645
G1 F7500 X144.293 Y83.934 E1696.77402
G0 F15000 X144.293 Y83.312
G1 F7500 X143.527 Y82.546 E1696.81365
G0 F15000 X143.942 Y82.339
G1 F7500 X144.293 Y82.69 E1696.83181
;TIME_ELAPSED:1179.413836
G1 F4800 E1686.83181
M140 S0
M107
G91 ;Relative positionning
G1 E-2 F2700 ;Retract a bit
G1 E-2 Z0.2 F2400 ;Retract and raise Z
G1 X5 Y5 F3000 ;Wipe out
G1 Z10 ;Raise Z more
G90 ;Absolute positionning

G28 X Y ;Present print
M106 S0 ;Turn-off fan
M104 S0 ;Turn-off hotend
M140 S0 ;Turn-off bed

M84 X Y E ;Disable all steppers but Z

M82 ;absolute extrusion mode
M104 S0
;End of Gcode
